vehicle_id,occupant_count,mean_anomaly_score_bits,median_anomaly_score_bits,maximum_anomaly_score_bits,std_anomaly_score_bits,minimum_anomaly_score_bits,baseline_occupants,moderate_occupants,elevated_occupants,high_occupants,extreme_occupants,anomalous_occupants,high_or_extreme_occupants,extreme_occupant_count,anomalous_occupant_fraction,high_or_extreme_fraction,maximum_anomaly_occupant_id,maximum_anomaly_dominant_contributor,maximum_anomaly_tier,vehicle_dominant_contributor,vehicle_anomaly_tier,vehicle_anomaly_score_bits,multi_occupant_anomaly,multiple_high_or_extreme,vehicle_anomaly_percentile
852139685.0,1,25.247798198796534,25.247798198796534,25.247798198796534,0.0,25.247798198796534,0,0,0,0,1,1,1,1,1.0,1.0,852139686.0,belt_failure,EXTREME,belt_failure,EXTREME,25.247798198796534,False,False,100.0
852122276.0,2,16.2603534080305,16.2603534080305,24.38379424011577,11.488280197870369,8.13691257594523,1,0,0,0,1,1,1,1,0.5,0.5,852122279.0,belt_failure,EXTREME,seat_type,EXTREME,24.38379424011577,False,False,99.94786235662147
341206097.0,2,17.694772710943454,17.694772710943454,24.260663364674727,9.285571611565514,11.12888205721218,1,0,0,0,1,1,1,1,0.5,0.5,341206100.0,belt_failure,EXTREME,seat_performance,EXTREME,24.260663364674727,False,False,99.89572471324296
791635427.0,1,23.44926648520188,23.44926648520188,23.44926648520188,0.0,23.44926648520188,0,0,0,0,1,1,1,1,1.0,1.0,791635430.0,belt_failure,EXTREME,belt_failure,EXTREME,23.44926648520188,False,False,99.84358706986444
337163974.0,3,12.886277411867631,10.585649334840715,22.651658163331124,8.842456764394335,5.421524737431055,2,0,0,0,1,1,1,1,0.3333333333333333,0.3333333333333333,337163977.0,belt_failure,EXTREME,seat_track_position,EXTREME,22.651658163331124,False,False,99.79144942648593
897005965.0,5,13.350410046617242,10.661870308952253,21.33628061706934,5.98099912100936,6.878001477098212,3,0,0,1,1,2,2,1,0.4,0.4,897005967.0,belt_failure,EXTREME,seat_position,EXTREME,21.33628061706934,True,True,99.7393117831074
599000079.0,5,11.324488099024236,10.577428828035748,21.25514846967676,6.092376383564634,5.9309749118907495,3,1,0,0,1,2,1,1,0.4,0.2,599002545.0,belt_failure,EXTREME,seat_position,EXTREME,21.25514846967676,True,False,99.68717413972888
897003302.0,1,21.11464722857435,21.11464722857435,21.11464722857435,0.0,21.11464722857435,0,0,0,0,1,1,1,1,1.0,1.0,897000825.0,belt_failure,EXTREME,belt_failure,EXTREME,21.11464722857435,False,False,99.63503649635037
554157448.0,3,11.805282663567032,8.897639705302428,20.69524056312628,7.850918133744575,5.822967722272384,2,0,0,0,1,1,1,1,0.3333333333333333,0.3333333333333333,701157876.0,belt_anchorage,EXTREME,seat_track_position,EXTREME,20.69524056312628,False,False,99.58289885297185
385084440.0,1,20.11464722857435,20.11464722857435,20.11464722857435,0.0,20.11464722857435,0,0,0,0,1,1,1,1,1.0,1.0,385084443.0,belt_failure,EXTREME,belt_failure,EXTREME,20.11464722857435,False,False,99.53076120959332
897010890.0,1,20.08916409766132,20.08916409766132,20.08916409766132,0.0,20.08916409766132,0,0,0,0,1,1,1,1,1.0,1.0,897010891.0,belt_failure,EXTREME,belt_failure,EXTREME,20.08916409766132,False,False,99.47862356621481
897010897.0,3,14.828850410427483,14.044468173976489,19.85643372246524,4.68490153686292,10.585649334840715,1,0,1,0,1,2,1,1,0.6666666666666666,0.3333333333333333,897010898.0,posture,EXTREME,posture,EXTREME,19.85643372246524,True,False,99.42648592283628
349212241.0,1,19.840247503769568,19.840247503769568,19.840247503769568,0.0,19.840247503769568,0,0,0,0,1,1,1,1,1.0,1.0,349212244.0,belt_failure,EXTREME,belt_failure,EXTREME,19.840247503769568,False,False,99.37434827945776
349190040.0,1,19.71878467728129,19.71878467728129,19.71878467728129,0.0,19.71878467728129,0,0,0,0,1,1,1,1,1.0,1.0,349190042.0,belt_anchorage,EXTREME,belt_anchorage,EXTREME,19.71878467728129,False,False,99.32221063607925
341206121.0,1,19.61853700284065,19.61853700284065,19.61853700284065,0.0,19.61853700284065,0,0,0,0,1,1,1,1,1.0,1.0,341206123.0,belt_failure,EXTREME,belt_failure,EXTREME,19.61853700284065,False,False,99.27007299270073
328084345.0,1,19.5826128061912,19.5826128061912,19.5826128061912,0.0,19.5826128061912,0,0,0,0,1,1,1,1,1.0,1.0,328084347.0,belt_use,EXTREME,belt_use,EXTREME,19.5826128061912,False,False,99.2179353493222
359565546.0,1,19.43473135082337,19.43473135082337,19.43473135082337,0.0,19.43473135082337,0,0,0,0,1,1,1,1,1.0,1.0,359565547.0,posture,EXTREME,posture,EXTREME,19.43473135082337,False,False,99.16579770594369
360244815.0,3,12.323756904725492,12.130300462092704,19.419445514652715,7.000965331134026,5.421524737431055,1,1,0,0,1,2,1,1,0.6666666666666666,0.3333333333333333,360244817.0,seat_track_position,EXTREME,seat_track_position,EXTREME,19.419445514652715,True,False,99.11366006256517
651000330.0,2,17.5832344127587,17.5832344127587,19.37571566311928,2.534951294559414,15.790753162398122,0,0,0,1,1,2,2,1,1.0,1.0,651000331.0,seat_type,EXTREME,seat_type,EXTREME,19.37571566311928,True,True,99.06152241918666
556148125.0,2,16.003480731175067,16.003480731175067,19.179318450315773,4.491312774304824,12.82764301203436,0,1,0,0,1,2,1,1,1.0,0.5,556148127.0,seat_type,EXTREME,seat_type,EXTREME,19.179318450315773,True,False,99.00938477580813
325115282.0,3,13.660913680576988,14.547927401143602,18.971248275979743,5.804893323957522,7.4635653646076126,1,0,1,0,1,2,1,1,0.6666666666666666,0.3333333333333333,325115287.0,belt_use,EXTREME,belt_use,EXTREME,18.971248275979743,True,False,98.95724713242961
627081207.0,1,18.8924935203154,18.8924935203154,18.8924935203154,0.0,18.8924935203154,0,0,0,0,1,1,1,1,1.0,1.0,627081209.0,posture,EXTREME,posture,EXTREME,18.8924935203154,False,False,98.90510948905109
651121802.0,6,12.731487093292245,12.08638978203438,18.86248269503934,3.4734631506236515,8.313493993353545,3,2,0,0,1,3,1,1,0.5,0.16666666666666666,651121806.0,seat_position,EXTREME,seat_position,EXTREME,18.86248269503934,True,False,98.85297184567257
852193699.0,2,16.294511683212512,16.294511683212512,18.822209989920477,3.574705226933911,13.766813376504548,0,1,0,0,1,2,1,1,1.0,0.5,852193701.0,posture,EXTREME,posture,EXTREME,18.822209989920477,True,False,98.80083420229406
561104968.0,1,18.813550041077026,18.813550041077026,18.813550041077026,0.0,18.813550041077026,0,0,0,0,1,1,1,1,1.0,1.0,561104970.0,belt_anchorage,EXTREME,belt_anchorage,EXTREME,18.813550041077026,False,False,98.74869655891554
627084296.0,1,18.811321251755498,18.811321251755498,18.811321251755498,0.0,18.811321251755498,0,0,0,0,1,1,1,1,1.0,1.0,627084298.0,seat_track_position,EXTREME,seat_track_position,EXTREME,18.811321251755498,False,False,98.69655891553701
897000798.0,2,17.423518081840314,17.423518081840314,18.77710117287211,1.9142555651360664,16.069934990808513,0,0,0,1,1,2,2,1,1.0,1.0,134004841.0,seat_type,EXTREME,belt_anchorage,EXTREME,18.77710117287211,True,True,98.6444212721585
344062928.0,3,11.464297612816774,7.99679527699384,18.72253333711519,6.287893840584545,7.673564224341288,2,0,0,0,1,1,1,1,0.3333333333333333,0.3333333333333333,344062929.0,seat_performance,EXTREME,seat_position,EXTREME,18.72253333711519,False,False,98.59228362877998
599000008.0,3,15.852913834646813,17.0332126696579,18.64746589245552,3.535680002763383,11.878062941827016,0,1,0,1,1,3,2,1,1.0,0.6666666666666666,599000240.0,seat_position,EXTREME,belt_anchorage,EXTREME,18.64746589245552,True,True,98.54014598540147
339330233.0,1,18.508461592452026,18.508461592452026,18.508461592452026,0.0,18.508461592452026,0,0,0,0,1,1,1,1,1.0,1.0,339330235.0,belt_failure,EXTREME,belt_failure,EXTREME,18.508461592452026,False,False,98.48800834202294
556175143.0,5,11.550123371704156,13.00374688573232,18.466172076934008,5.032580253822452,5.9309749118907495,2,2,0,0,1,3,1,1,0.6,0.2,556175145.0,seat_position,EXTREME,seat_track_position,EXTREME,18.466172076934008,True,False,98.43587069864442
852115259.0,2,16.917998351233713,16.917998351233713,18.447445195760498,2.162964470458512,15.38855150670693,0,0,1,1,0,2,1,0,1.0,0.5,852115262.0,seat_track_position,HIGH,seat_track_position,HIGH,18.447445195760498,True,False,98.38373305526589
897000794.0,2,15.932798444675715,15.932798444675715,18.349243451758085,3.417369301744638,13.516353437593343,0,1,0,1,0,2,1,0,1.0,0.5,6511.0,belt_anchorage,HIGH,belt_anchorage,HIGH,18.349243451758085,True,False,98.33159541188738
791828356.0,1,18.33541373724557,18.33541373724557,18.33541373724557,0.0,18.33541373724557,0,0,0,1,0,1,1,0,1.0,1.0,791828357.0,seat_performance,HIGH,seat_performance,HIGH,18.33541373724557,False,False,98.27945776850886
599000018.0,2,15.493144983157222,15.493144983157222,18.291998179669815,3.9581761495993972,12.69429178664463,0,1,0,1,0,2,1,0,1.0,0.5,599000024.0,belt_anchorage,HIGH,belt_anchorage,HIGH,18.291998179669815,True,False,98.22732012513035
897010850.0,1,18.090155575222933,18.090155575222933,18.090155575222933,0.0,18.090155575222933,0,0,0,1,0,1,1,0,1.0,1.0,897010851.0,posture,HIGH,posture,HIGH,18.090155575222933,False,False,98.17518248175182
852186221.0,2,15.186063207223423,15.186063207223423,17.94461874638891,3.901186656047261,12.427507668057933,0,1,0,1,0,2,1,0,1.0,0.5,852186224.0,belt_anchorage,HIGH,belt_use,HIGH,17.94461874638891,True,False,98.1230448383733
651119337.0,1,17.890980673914815,17.890980673914815,17.890980673914815,0.0,17.890980673914815,0,0,0,1,0,1,1,0,1.0,1.0,651119338.0,belt_failure,HIGH,belt_failure,HIGH,17.890980673914815,False,False,98.07090719499479
328080762.0,4,16.15354390953833,16.048083271011457,17.872989069407883,1.5570925994708378,14.645020026722532,0,0,2,2,0,4,2,0,1.0,0.5,328080764.0,seat_performance,HIGH,seat_performance,HIGH,17.872989069407883,True,True,98.01876955161627
554122870.0,1,17.855911744032433,17.855911744032433,17.855911744032433,0.0,17.855911744032433,0,0,0,1,0,1,1,0,1.0,1.0,554122873.0,belt_anchorage,HIGH,belt_anchorage,HIGH,17.855911744032433,False,False,97.96663190823774
852191707.0,1,17.747353829478058,17.747353829478058,17.747353829478058,0.0,17.747353829478058,0,0,0,1,0,1,1,0,1.0,1.0,852191708.0,seat_type,HIGH,seat_type,HIGH,17.747353829478058,False,False,97.91449426485923
433468633.0,1,17.723638966539585,17.723638966539585,17.723638966539585,0.0,17.723638966539585,0,0,0,1,0,1,1,0,1.0,1.0,433468635.0,seat_type,HIGH,seat_type,HIGH,17.723638966539585,False,False,97.83628779979145
554139463.0,1,17.723638966539585,17.723638966539585,17.723638966539585,0.0,17.723638966539585,0,0,0,1,0,1,1,0,1.0,1.0,554139465.0,seat_track_position,HIGH,seat_track_position,HIGH,17.723638966539585,False,False,97.83628779979145
554123952.0,1,17.658553375067584,17.658553375067584,17.658553375067584,0.0,17.658553375067584,0,0,0,1,0,1,1,0,1.0,1.0,554123954.0,belt_anchorage,HIGH,belt_anchorage,HIGH,17.658553375067584,False,False,97.75808133472367
852129164.0,1,17.599796641064202,17.599796641064202,17.599796641064202,0.0,17.599796641064202,0,0,0,1,0,1,1,0,1.0,1.0,852129165.0,seat_type,HIGH,seat_type,HIGH,17.599796641064202,False,False,97.70594369134515
359816812.0,5,12.16277944899389,12.58450816363827,17.59535073603301,3.547927756338311,8.80092455784991,2,2,0,1,0,3,1,0,0.6,0.2,359816814.0,seat_position,HIGH,seat_position,HIGH,17.59535073603301,True,False,97.65380604796663
349207455.0,1,17.55260833567288,17.55260833567288,17.55260833567288,0.0,17.55260833567288,0,0,0,1,0,1,1,0,1.0,1.0,349207456.0,seat_performance,HIGH,seat_performance,HIGH,17.55260833567288,False,False,97.60166840458811
556169833.0,1,17.51401808999517,17.51401808999517,17.51401808999517,0.0,17.51401808999517,0,0,0,1,0,1,1,0,1.0,1.0,556169834.0,seat_performance,HIGH,seat_performance,HIGH,17.51401808999517,False,False,97.5495307612096
651119286.0,6,14.168364841045056,13.10494950981473,17.512888575841036,2.7368922960409714,11.90757742972808,0,3,1,2,0,6,2,0,1.0,0.3333333333333333,651119288.0,seat_position,HIGH,seat_position,HIGH,17.512888575841036,True,True,97.49739311783108
360250421.0,2,11.705850561977291,11.705850561977291,17.480726212063832,8.166907465370532,5.9309749118907495,1,0,0,1,0,1,1,0,0.5,0.5,360250424.0,belt_failure,HIGH,seat_track_position,HIGH,17.480726212063832,False,False,97.44525547445255
852185117.0,1,17.389839099200707,17.389839099200707,17.389839099200707,0.0,17.389839099200707,0,0,0,1,0,1,1,0,1.0,1.0,852185119.0,belt_failure,HIGH,belt_failure,HIGH,17.389839099200707,False,False,97.39311783107404
852116058.0,2,15.167868289957212,15.167868289957212,17.340202995530312,3.072145202635243,12.99553358438411,0,1,0,1,0,2,1,0,1.0,0.5,852116061.0,belt_anchorage,HIGH,belt_anchorage,HIGH,17.340202995530312,True,False,97.34098018769551
360222758.0,6,12.412512555337893,11.976530305548987,17.33573480826348,2.7318170476297574,9.804922935534275,3,2,0,1,0,3,1,0,0.5,0.16666666666666666,360222761.0,seat_position,HIGH,seat_type,HIGH,17.33573480826348,True,False,97.288842544317
349207759.0,1,17.17562060930996,17.17562060930996,17.17562060930996,0.0,17.17562060930996,0,0,0,1,0,1,1,0,1.0,1.0,349207761.0,belt_failure,HIGH,belt_failure,HIGH,17.17562060930996,False,False,97.23670490093848
599000082.0,4,13.28800647570775,13.461442015710714,17.154970388639708,3.3508811281526794,9.074171482769854,1,1,1,1,0,3,1,0,0.75,0.25,599005642.0,seat_type,HIGH,seat_performance,HIGH,17.154970388639708,True,False,97.18456725755996
347687645.0,2,14.296186977193793,14.296186977193793,17.141783563033957,4.024281284737736,11.450590391353629,1,0,0,1,0,1,1,0,0.5,0.5,347687648.0,belt_failure,HIGH,belt_anchorage,HIGH,17.141783563033957,False,False,97.13242961418143
599037046.0,4,12.836672510382485,13.51174883234124,17.085223468234446,4.121196473995244,7.237968908613016,1,1,1,1,0,3,1,0,0.75,0.25,599037051.0,seat_track_position,HIGH,seat_track_position,HIGH,17.085223468234446,True,False,97.08029197080292
556122984.0,2,13.50522355016481,13.50522355016481,17.083338769744323,5.0602190712629325,9.927108330585297,1,0,0,1,0,1,1,0,0.5,0.5,556122985.0,belt_anchorage,HIGH,belt_anchorage,HIGH,17.083338769744323,False,False,97.0281543274244
347587027.0,1,17.062855655205993,17.062855655205993,17.062855655205993,0.0,17.062855655205993,0,0,0,1,0,1,1,0,1.0,1.0,347587028.0,posture,HIGH,posture,HIGH,17.062855655205993,False,False,96.97601668404589
897025111.0,2,11.442480984577227,11.442480984577227,17.059754457110394,7.944024328415015,5.825207512044061,1,0,0,1,0,1,1,0,0.5,0.5,897025113.0,posture,HIGH,seat_track_position,HIGH,17.059754457110394,False,False,96.92387904066736
359458602.0,3,14.546886170662988,13.550543966020284,16.99303472004445,2.1305256336920784,13.097079825924231,0,2,0,1,0,3,1,0,1.0,0.3333333333333333,359458604.0,posture,HIGH,seat_performance,HIGH,16.99303472004445,True,False,96.87174139728884
360247392.0,3,11.77080734789744,10.372397179358488,16.943229587339992,4.634256679009003,7.99679527699384,2,0,0,1,0,1,1,0,0.3333333333333333,0.3333333333333333,360247395.0,seat_performance,HIGH,belt_anchorage,HIGH,16.943229587339992,False,False,96.81960375391031
341206111.0,3,12.598304040585697,11.22379187342105,16.926656842940055,3.8307372774330544,9.644463405395989,2,0,0,1,0,1,1,0,0.3333333333333333,0.3333333333333333,341206112.0,seat_performance,HIGH,seat_performance,HIGH,16.926656842940055,False,False,96.76746611053181
651144873.0,1,16.914309102296922,16.914309102296922,16.914309102296922,0.0,16.914309102296922,0,0,0,1,0,1,1,0,1.0,1.0,651144875.0,belt_anchorage,HIGH,belt_anchorage,HIGH,16.914309102296922,False,False,96.71532846715328
791665335.0,1,16.906030889514554,16.906030889514554,16.906030889514554,0.0,16.906030889514554,0,0,0,1,0,1,1,0,1.0,1.0,791665336.0,seat_performance,HIGH,seat_performance,HIGH,16.906030889514554,False,False,96.66319082377477
341206107.0,2,13.547636778747764,13.547636778747764,16.814388406838297,4.619884457350022,10.28088515065723,1,0,0,1,0,1,1,0,0.5,0.5,341206109.0,posture,HIGH,seat_performance,HIGH,16.814388406838297,False,False,96.61105318039624
360255786.0,2,13.257631088009742,13.257631088009742,16.74735382947806,4.935213229906318,9.76790834654142,1,0,0,1,0,1,1,0,0.5,0.5,360255789.0,seat_type,HIGH,seat_type,HIGH,16.74735382947806,False,False,96.53284671532847
852130861.0,1,16.74735382947806,16.74735382947806,16.74735382947806,0.0,16.74735382947806,0,0,0,1,0,1,1,0,1.0,1.0,852130862.0,seat_type,HIGH,seat_type,HIGH,16.74735382947806,False,False,96.53284671532847
558030925.0,3,11.555722887295564,10.713582476081957,16.747001566006432,4.8256387381385135,7.2065846197983054,2,0,0,1,0,1,1,0,0.3333333333333333,0.3333333333333333,558031718.0,seat_position,HIGH,belt_anchorage,HIGH,16.747001566006432,False,False,96.4546402502607
558043025.0,1,16.711813531142795,16.711813531142795,16.711813531142795,0.0,16.711813531142795,0,0,0,1,0,1,1,0,1.0,1.0,558043027.0,seat_type,HIGH,seat_type,HIGH,16.711813531142795,False,False,96.40250260688217
599002685.0,2,13.928069633678875,13.928069633678875,16.6967176672243,3.915459598477537,11.159421600133452,1,0,0,1,0,1,1,0,0.5,0.5,599002687.0,posture,HIGH,seat_type,HIGH,16.6967176672243,False,False,96.35036496350365
852131760.0,2,12.185378276506665,12.185378276506665,16.682351944396657,6.359681150764711,7.688404608616671,1,0,0,1,0,1,1,0,0.5,0.5,852131762.0,belt_failure,HIGH,seat_performance,HIGH,16.682351944396657,False,False,96.29822732012514
558035224.0,5,11.539118224574558,9.156384058951364,16.669844462257146,3.576269522397645,8.80092455784991,3,1,0,1,0,2,1,0,0.4,0.2,558035257.0,seat_position,HIGH,seat_position,HIGH,16.669844462257146,True,False,96.24608967674662
556148949.0,4,12.80969497266501,12.83736360165926,16.666412982039102,3.9491148258075075,8.897639705302428,2,0,0,2,0,2,2,0,0.5,0.5,556148950.0,seat_performance,HIGH,seat_position,HIGH,16.666412982039102,True,True,96.19395203336809
792831224.0,2,11.763669404967258,11.763669404967258,16.649337332836303,6.909377844843661,6.878001477098212,1,0,0,1,0,1,1,0,0.5,0.5,792831227.0,belt_use,HIGH,belt_use,HIGH,16.649337332836303,False,False,96.14181438998958
349232275.0,5,12.857986576864135,13.488648373323514,16.645600330677325,4.140706104940221,6.084487937853726,1,2,0,2,0,4,2,0,0.8,0.4,349232280.0,seat_position,HIGH,seat_performance,HIGH,16.645600330677325,True,True,96.08967674661105
325114354.0,3,14.187458135217392,15.533442121884292,16.61209059259511,3.309687584488369,10.416841691172774,1,0,0,2,0,2,2,0,0.6666666666666666,0.6666666666666666,325114356.0,seat_track_position,HIGH,seat_track_position,HIGH,16.61209059259511,True,True,96.03753910323253
795682070.0,1,16.57330357764762,16.57330357764762,16.57330357764762,0.0,16.57330357764762,0,0,0,1,0,1,1,0,1.0,1.0,795762229.0,posture,HIGH,posture,HIGH,16.57330357764762,False,False,95.98540145985402
344057642.0,5,13.686731465400385,13.135074391294085,16.547927401143603,2.079228327460906,11.15200700075301,1,2,1,1,0,4,1,0,0.8,0.2,344057646.0,seat_performance,HIGH,seat_performance,HIGH,16.547927401143603,True,False,95.9332638164755
556171294.0,1,16.519168453200397,16.519168453200397,16.519168453200397,0.0,16.519168453200397,0,0,0,1,0,1,1,0,1.0,1.0,556171296.0,belt_anchorage,HIGH,belt_anchorage,HIGH,16.519168453200397,False,False,95.88112617309697
795550984.0,1,16.50991548474418,16.50991548474418,16.50991548474418,0.0,16.50991548474418,0,0,0,1,0,1,1,0,1.0,1.0,795601744.0,posture,HIGH,posture,HIGH,16.50991548474418,False,False,95.82898852971846
599036036.0,3,14.240355883516605,13.993968352479826,16.507773716867938,2.154814833033654,12.219325581202051,0,2,0,1,0,3,1,0,1.0,0.3333333333333333,599036039.0,belt_use,HIGH,belt_use,HIGH,16.507773716867938,True,False,95.77685088633994
897022174.0,2,14.734412671699179,14.734412671699179,16.491999756981325,2.485603493057811,12.97682558641703,0,1,0,1,0,2,1,0,1.0,0.5,897022177.0,seat_type,HIGH,seat_type,HIGH,16.491999756981325,True,False,95.72471324296143
134005320.0,6,13.03228384613311,12.538362965701822,16.491698954009866,1.897968327511649,11.401710871652222,2,3,0,1,0,4,1,0,0.6666666666666666,0.16666666666666666,134007688.0,seat_type,HIGH,seat_type,HIGH,16.491698954009866,True,False,95.6725755995829
556127147.0,2,13.685942663826687,13.685942663826687,16.471075973785894,3.9387732999613796,10.90080935386748,1,0,0,1,0,1,1,0,0.5,0.5,556127149.0,posture,HIGH,posture,HIGH,16.471075973785894,False,False,95.62043795620438
651108596.0,2,13.102216279780809,13.102216279780809,16.418747773054427,4.690283817825044,9.785684786507192,1,0,0,1,0,1,1,0,0.5,0.5,651108597.0,belt_failure,HIGH,belt_failure,HIGH,16.418747773054427,False,False,95.56830031282585
897025096.0,2,16.158411124976652,16.158411124976652,16.40978499369314,0.3554963343650489,15.907037256260168,0,0,0,2,0,2,2,0,1.0,1.0,897025097.0,seat_type,HIGH,seat_type,HIGH,16.40978499369314,True,True,95.51616266944734
599010385.0,2,11.16854980257741,11.16854980257741,16.40612469326407,7.407049444353855,5.9309749118907495,1,0,0,1,0,1,1,0,0.5,0.5,599010388.0,seat_position,HIGH,seat_track_position,HIGH,16.40612469326407,False,False,95.46402502606882
359561426.0,1,16.391863085695874,16.391863085695874,16.391863085695874,0.0,16.391863085695874,0,0,0,1,0,1,1,0,1.0,1.0,359561428.0,seat_type,HIGH,seat_type,HIGH,16.391863085695874,False,False,95.4118873826903
556139494.0,2,13.390924361305355,13.390924361305355,16.381901740831687,4.2298807748772775,10.399946981779024,1,0,0,1,0,1,1,0,0.5,0.5,556139498.0,seat_performance,HIGH,seat_type,HIGH,16.381901740831687,False,False,95.35974973931178
556138791.0,2,12.37716194346335,12.37716194346335,16.346920257740297,5.6140860473938154,8.407403629186401,1,0,0,1,0,1,1,0,0.5,0.5,556138793.0,belt_anchorage,HIGH,belt_anchorage,HIGH,16.346920257740297,False,False,95.30761209593325
599006270.0,3,14.504990629276506,14.384783750093352,16.332316330199216,1.7702857936775442,12.797871807536954,0,1,1,1,0,3,1,0,1.0,0.3333333333333333,599006272.0,seat_type,HIGH,seat_type,HIGH,16.332316330199216,True,False,95.25547445255475
558037390.0,2,12.589682710250324,12.589682710250324,16.293567055209987,5.238083474103343,8.885798365290661,1,0,0,1,0,1,1,0,0.5,0.5,558037392.0,posture,HIGH,belt_anchorage,HIGH,16.293567055209987,False,False,95.20333680917622
142598286.0,1,16.288227443441468,16.288227443441468,16.288227443441468,0.0,16.288227443441468,0,0,0,1,0,1,1,0,1.0,1.0,142598287.0,seat_performance,HIGH,seat_performance,HIGH,16.288227443441468,False,False,95.1511991657977
341339165.0,2,14.498574358188831,14.498574358188831,16.28802656868673,2.5306675853046405,12.709122147690934,0,1,0,1,0,2,1,0,1.0,0.5,341339168.0,posture,HIGH,seat_performance,HIGH,16.28802656868673,True,False,95.09906152241918
852115389.0,3,12.00081837748182,10.615641714240471,16.226139307068767,3.730849152676218,9.160674111136222,2,0,0,1,0,1,1,0,0.3333333333333333,0.3333333333333333,852115392.0,seat_type,HIGH,seat_type,HIGH,16.226139307068767,False,False,95.04692387904066
344083281.0,5,12.145428881208336,12.87627330981007,16.225041045480193,3.5270421679293626,7.551131469120578,2,1,1,1,0,3,1,0,0.6,0.2,344083282.0,seat_performance,HIGH,seat_performance,HIGH,16.225041045480193,True,False,94.99478623566215
341225606.0,2,11.142682134382206,11.142682134382206,16.200876330910685,7.153366833847455,6.084487937853726,1,0,0,1,0,1,1,0,0.5,0.5,341225609.0,belt_failure,HIGH,seat_track_position,HIGH,16.200876330910685,False,False,94.94264859228363
556130808.0,1,16.179318450315776,16.179318450315776,16.179318450315776,0.0,16.179318450315776,0,0,0,1,0,1,1,0,1.0,1.0,556130810.0,seat_type,HIGH,seat_type,HIGH,16.179318450315776,False,False,94.8905109489051
359720711.0,1,16.178896068797954,16.178896068797954,16.178896068797954,0.0,16.178896068797954,0,0,0,1,0,1,1,0,1.0,1.0,359720713.0,posture,HIGH,posture,HIGH,16.178896068797954,False,False,94.83837330552659
591151888.0,4,10.55247287319516,8.738742743778683,16.159717194458576,3.7412326072950712,8.572688810764705,3,0,0,1,0,1,1,0,0.25,0.25,651153255.0,seat_position,HIGH,seat_position,HIGH,16.159717194458576,False,False,94.78623566214807
556169922.0,1,16.132695116067897,16.132695116067897,16.132695116067897,0.0,16.132695116067897,0,0,0,1,0,1,1,0,1.0,1.0,556169924.0,seat_performance,HIGH,seat_performance,HIGH,16.132695116067897,False,False,94.73409801876956
852197394.0,2,14.61882161205737,14.61882161205737,16.13068246902957,2.1380941283510944,13.10696075508517,0,1,0,1,0,2,1,0,1.0,0.5,852197397.0,seat_position,HIGH,posture,HIGH,16.13068246902957,True,False,94.68196037539103
556121211.0,5,14.49872762855992,14.448250168936744,16.118390332169643,1.5786381105968788,12.179318450315773,0,2,1,2,0,5,2,0,1.0,0.4,556121215.0,seat_track_position,HIGH,seat_type,HIGH,16.118390332169643,True,True,94.62982273201251
556176765.0,1,16.109676511958984,16.109676511958984,16.109676511958984,0.0,16.109676511958984,0,0,0,1,0,1,1,0,1.0,1.0,556176766.0,seat_performance,HIGH,seat_performance,HIGH,16.109676511958984,False,False,94.57768508863398
651110126.0,1,16.094894773790514,16.094894773790514,16.094894773790514,0.0,16.094894773790514,0,0,0,1,0,1,1,0,1.0,1.0,651110127.0,seat_performance,HIGH,seat_performance,HIGH,16.094894773790514,False,False,94.52554744525547
359901024.0,1,16.06281035870837,16.06281035870837,16.06281035870837,0.0,16.06281035870837,0,0,0,1,0,1,1,0,1.0,1.0,359901025.0,seat_track_position,HIGH,seat_track_position,HIGH,16.06281035870837,False,False,94.47340980187695
142761913.0,1,16.05580287815744,16.05580287815744,16.05580287815744,0.0,16.05580287815744,0,0,0,1,0,1,1,0,1.0,1.0,142761914.0,posture,HIGH,posture,HIGH,16.05580287815744,False,False,94.42127215849844
344051858.0,1,16.00939344887346,16.00939344887346,16.00939344887346,0.0,16.00939344887346,0,0,0,1,0,1,1,0,1.0,1.0,344051863.0,seat_track_position,HIGH,seat_track_position,HIGH,16.00939344887346,False,False,94.36913451511991
852145369.0,2,11.881573077237435,11.881573077237435,15.993034720044449,5.814484816434443,7.770111434430423,1,0,0,1,0,1,1,0,0.5,0.5,852145371.0,posture,HIGH,seat_track_position,HIGH,15.993034720044449,False,False,94.3169968717414
556151428.0,6,14.139588998648952,14.202588098958035,15.937324773122132,1.3916084709640224,11.85739035542841,0,3,2,1,0,6,1,0,1.0,0.16666666666666666,556151433.0,seat_position,HIGH,seat_position,HIGH,15.937324773122132,True,False,94.26485922836288
555117600.0,1,15.930461291744944,15.930461291744944,15.930461291744944,0.0,15.930461291744944,0,0,0,1,0,1,1,0,1.0,1.0,555117601.0,belt_failure,HIGH,belt_failure,HIGH,15.930461291744944,False,False,94.21272158498437
339109454.0,1,15.904474742192344,15.904474742192344,15.904474742192344,0.0,15.904474742192344,0,0,0,1,0,1,1,0,1.0,1.0,339109455.0,seat_track_position,HIGH,seat_track_position,HIGH,15.904474742192344,False,False,94.16058394160584
791891496.0,4,10.505081492724834,9.286488643193104,15.896217215392545,3.833480583215554,7.551131469120578,3,0,0,1,0,1,1,0,0.25,0.25,791891500.0,belt_use,HIGH,seat_position,HIGH,15.896217215392545,False,False,94.10844629822732
349241209.0,5,12.181956550157519,13.117281409313868,15.822315887159284,2.860992175400509,9.05021935362316,2,2,0,1,0,3,1,0,0.6,0.2,349241212.0,seat_track_position,HIGH,seat_position,HIGH,15.822315887159284,True,False,94.05630865484879
339365554.0,4,13.355171004960178,13.347697813061323,15.804426619406527,2.718191601529143,10.920861774311538,2,0,0,2,0,2,2,0,0.5,0.5,339365555.0,seat_performance,HIGH,seat_performance,HIGH,15.804426619406527,True,True,94.00417101147028
339109467.0,2,14.803195249197554,14.803195249197554,15.80428808192321,1.415759061235122,13.802102416471898,0,1,0,1,0,2,1,0,1.0,0.5,339109468.0,seat_performance,HIGH,seat_performance,HIGH,15.80428808192321,True,False,93.95203336809176
852128378.0,1,15.790753162398122,15.790753162398122,15.790753162398122,0.0,15.790753162398122,0,0,0,1,0,1,1,0,1.0,1.0,852128379.0,seat_type,HIGH,seat_type,HIGH,15.790753162398122,False,False,93.89989572471325
791554483.0,2,15.012746501626701,15.012746501626701,15.780069763834668,1.085158964138873,14.245423239418734,0,0,1,1,0,2,1,0,1.0,0.5,791554485.0,posture,HIGH,posture,HIGH,15.780069763834668,True,False,93.84775808133472
347762938.0,4,11.60650835757593,11.48788772777491,15.77669375041261,3.373272444806087,7.673564224341288,2,1,0,1,0,2,1,0,0.5,0.25,347762940.0,seat_performance,HIGH,seat_performance,HIGH,15.77669375041261,True,False,93.7956204379562
651124711.0,2,15.693900945894747,15.693900945894747,15.775377642397544,0.11522544921161092,15.612424249391951,0,0,0,2,0,2,2,0,1.0,1.0,651124712.0,seat_type,HIGH,seat_type,HIGH,15.775377642397544,True,True,93.74348279457769
142557985.0,5,12.493337454066733,11.976825586417032,15.748855854643292,2.0476920284460642,10.686278439035656,2,2,0,1,0,3,1,0,0.6,0.2,142557988.0,seat_position,HIGH,seat_position,HIGH,15.748855854643292,True,False,93.69134515119917
651136625.0,1,15.747353829478062,15.747353829478062,15.747353829478062,0.0,15.747353829478062,0,0,0,1,0,1,1,0,1.0,1.0,651136627.0,seat_type,HIGH,seat_type,HIGH,15.747353829478062,False,False,93.63920750782064
347731259.0,3,12.009961577461207,12.733024436981031,15.745728826282011,4.14487290343287,7.551131469120578,1,1,0,1,0,2,1,0,0.6666666666666666,0.3333333333333333,878731748.0,seat_performance,HIGH,seat_performance,HIGH,15.745728826282011,True,False,93.58706986444213
347753396.0,2,12.21276639329791,12.21276639329791,15.74483678621275,4.9951018529166324,8.68069600038307,1,0,0,1,0,1,1,0,0.5,0.5,347753398.0,posture,HIGH,posture,HIGH,15.74483678621275,False,False,93.5349322210636
347816693.0,3,13.151389401111047,14.60940034740797,15.73510451677721,3.545203046258076,9.109663339147962,1,0,1,1,0,2,1,0,0.6666666666666666,0.3333333333333333,347816696.0,posture,HIGH,posture,HIGH,15.73510451677721,True,False,93.4827945776851
734096709.0,1,15.730393010568315,15.730393010568315,15.730393010568315,0.0,15.730393010568315,0,0,0,1,0,1,1,0,1.0,1.0,734096711.0,posture,HIGH,posture,HIGH,15.730393010568315,False,False,93.43065693430657
349219868.0,1,15.729257714508313,15.729257714508313,15.729257714508313,0.0,15.729257714508313,0,0,0,1,0,1,1,0,1.0,1.0,349219871.0,belt_use,HIGH,belt_use,HIGH,15.729257714508313,False,False,93.35245046923879
599037067.0,1,15.729257714508313,15.729257714508313,15.729257714508313,0.0,15.729257714508313,0,0,0,1,0,1,1,0,1.0,1.0,599038504.0,belt_use,HIGH,belt_use,HIGH,15.729257714508313,False,False,93.35245046923879
554154695.0,2,12.60498069232526,12.60498069232526,15.724979171289409,4.412344163534527,9.48498221336111,1,0,0,1,0,1,1,0,0.5,0.5,554155179.0,seat_performance,HIGH,belt_anchorage,HIGH,15.724979171289409,False,False,93.24817518248175
651110084.0,3,10.609734498796714,8.897639705302428,15.724979171289409,4.5099016475030815,7.2065846197983054,2,0,0,1,0,1,1,0,0.3333333333333333,0.3333333333333333,651001838.0,seat_performance,HIGH,belt_anchorage,HIGH,15.724979171289409,False,False,93.24817518248175
341216606.0,1,15.707364911423804,15.707364911423804,15.707364911423804,0.0,15.707364911423804,0,0,0,1,0,1,1,0,1.0,1.0,341216607.0,seat_type,HIGH,seat_type,HIGH,15.707364911423804,False,False,93.16996871741398
341308166.0,2,14.677299408257497,14.677299408257497,15.669892350344456,1.4037384006151918,13.684706466170535,0,1,0,1,0,2,1,0,1.0,0.5,341308168.0,seat_type,HIGH,belt_anchorage,HIGH,15.669892350344456,True,False,93.11783107403545
852154574.0,1,15.626756540399317,15.626756540399317,15.626756540399317,0.0,15.626756540399317,0,0,0,1,0,1,1,0,1.0,1.0,852154575.0,seat_performance,HIGH,seat_performance,HIGH,15.626756540399317,False,False,93.06569343065694
650104610.0,5,12.729028465421809,14.228144439401266,15.611352330893356,3.247615910249929,7.410713482341878,1,1,2,1,0,4,1,0,0.8,0.2,651107555.0,belt_anchorage,HIGH,belt_use,HIGH,15.611352330893356,True,False,93.0135557872784
886002020.0,5,13.108077101118042,14.857536747228483,15.529815697399908,4.098199884902776,5.822967722272384,1,0,3,1,0,4,1,0,0.8,0.2,650102294.0,seat_type,HIGH,seat_type,HIGH,15.529815697399908,True,False,92.9614181438999
852152356.0,1,15.518940622907488,15.518940622907488,15.518940622907488,0.0,15.518940622907488,0,0,0,1,0,1,1,0,1.0,1.0,852152358.0,posture,HIGH,posture,HIGH,15.518940622907488,False,False,92.90928050052138
556150487.0,2,15.112183485088238,15.112183485088238,15.503778970670751,0.5537996466748684,14.720587999505724,0,0,1,1,0,2,1,0,1.0,0.5,556150489.0,seat_type,HIGH,seat_type,HIGH,15.503778970670751,True,False,92.85714285714286
359687302.0,2,14.8456088823674,14.8456088823674,15.491999756981324,0.9141347414732165,14.199218007753478,0,0,1,1,0,2,1,0,1.0,0.5,359687305.0,seat_type,HIGH,seat_type,HIGH,15.491999756981324,True,False,92.80500521376433
556151521.0,1,15.462262136861028,15.462262136861028,15.462262136861028,0.0,15.462262136861028,0,0,0,1,0,1,1,0,1.0,1.0,556151522.0,seat_performance,HIGH,seat_performance,HIGH,15.462262136861028,False,False,92.75286757038582
651128435.0,2,12.562449278026135,12.562449278026135,15.447220959163444,4.079683235814216,9.677677596888826,1,0,1,0,0,1,0,0,0.5,0.0,651128437.0,seat_performance,ELEVATED,seat_performance,ELEVATED,15.447220959163444,False,False,92.7007299270073
897010856.0,5,13.545775993070157,13.47722828008603,15.431744776053709,1.3024385934287968,11.865409590999777,0,4,1,0,0,5,0,0,1.0,0.0,897001940.0,seat_performance,ELEVATED,seat_performance,ELEVATED,15.431744776053709,True,False,92.64859228362879
347823489.0,3,12.228354553951752,11.617991194034794,15.41563440196512,2.930170203870791,9.65143806585534,2,0,1,0,0,1,0,0,0.3333333333333333,0.0,347823493.0,belt_use,ELEVATED,seat_performance,ELEVATED,15.41563440196512,False,False,92.59645464025026
795869926.0,1,15.399887147375344,15.399887147375344,15.399887147375344,0.0,15.399887147375344,0,0,1,0,0,1,0,0,1.0,0.0,795869930.0,belt_anchorage,ELEVATED,belt_anchorage,ELEVATED,15.399887147375344,False,False,92.54431699687174
599037032.0,2,12.979890871067314,12.979890871067314,15.3979041864591,3.4195872246257957,10.561877555675528,1,0,1,0,0,1,0,0,0.5,0.0,599037035.0,posture,ELEVATED,posture,ELEVATED,15.3979041864591,False,False,92.49217935349321
556148222.0,1,15.396866019143816,15.396866019143816,15.396866019143816,0.0,15.396866019143816,0,0,1,0,0,1,0,0,1.0,0.0,556148225.0,seat_type,ELEVATED,seat_type,ELEVATED,15.396866019143816,False,False,92.44004171011471
897002379.0,4,13.76590339905357,13.868135026293455,15.347126529013636,1.7016311041499668,11.98021701461374,0,2,2,0,0,4,0,0,1.0,0.0,897000862.0,belt_failure,ELEVATED,seat_type,ELEVATED,15.347126529013636,True,False,92.38790406673618
341306968.0,1,15.332316330199216,15.332316330199216,15.332316330199216,0.0,15.332316330199216,0,0,1,0,0,1,0,0,1.0,0.0,341306970.0,seat_type,ELEVATED,seat_type,ELEVATED,15.332316330199216,False,False,92.33576642335767
359687271.0,3,12.672967634617068,13.996437304265289,15.319386385404874,3.5010797078695677,8.703079214181042,1,1,1,0,0,2,0,0,0.6666666666666666,0.0,359687298.0,belt_failure,ELEVATED,belt_anchorage,ELEVATED,15.319386385404874,True,False,92.28362877997914
852130849.0,2,13.924020779104895,13.924020779104895,15.308747859060812,1.9582998166589514,12.539293699148978,0,1,1,0,0,2,0,0,1.0,0.0,852130854.0,seat_type,ELEVATED,seat_type,ELEVATED,15.308747859060812,True,False,92.23149113660062
897010853.0,2,10.749734304778425,10.749734304778425,15.306973482084755,6.44490945152462,6.1924951274720925,1,0,1,0,0,1,0,0,0.5,0.0,897001946.0,seat_track_position,ELEVATED,seat_track_position,ELEVATED,15.306973482084755,False,False,92.17935349322211
561118875.0,1,15.306698089988348,15.306698089988348,15.306698089988348,0.0,15.306698089988348,0,0,1,0,0,1,0,0,1.0,0.0,561118877.0,seat_track_position,ELEVATED,seat_track_position,ELEVATED,15.306698089988348,False,False,92.1272158498436
328083022.0,4,11.203001982869948,11.84271279730821,15.303614614590982,3.967620930892351,5.822967722272384,2,1,1,0,0,2,0,0,0.5,0.0,328083027.0,belt_anchorage,ELEVATED,belt_anchorage,ELEVATED,15.303614614590982,True,False,92.07507820646507
852126462.0,1,15.271471221744086,15.271471221744086,15.271471221744086,0.0,15.271471221744086,0,0,1,0,0,1,0,0,1.0,0.0,852126465.0,posture,ELEVATED,posture,ELEVATED,15.271471221744086,False,False,92.02294056308655
651110090.0,3,11.382484960388942,9.990546686102428,15.259268489761965,3.4015730651249894,8.897639705302428,2,0,1,0,0,1,0,0,0.3333333333333333,0.0,651110093.0,seat_track_position,ELEVATED,belt_anchorage,ELEVATED,15.259268489761965,False,False,91.97080291970804
328077187.0,3,10.64323039263387,9.119893235946815,15.25866647283422,4.073320638996557,7.551131469120578,2,0,1,0,0,1,0,0,0.3333333333333333,0.0,328077191.0,belt_anchorage,ELEVATED,seat_type,ELEVATED,15.25866647283422,False,False,91.89259645464026
554151681.0,2,12.170244265143168,12.170244265143168,15.25866647283422,4.367688572450941,9.081822057452117,1,0,1,0,0,1,0,0,0.5,0.0,554151684.0,belt_anchorage,ELEVATED,seat_type,ELEVATED,15.25866647283422,False,False,91.89259645464026
347593470.0,1,15.251375482760258,15.251375482760258,15.251375482760258,0.0,15.251375482760258,0,0,1,0,0,1,0,0,1.0,0.0,347593473.0,belt_anchorage,ELEVATED,belt_anchorage,ELEVATED,15.251375482760258,False,False,91.81438998957248
349319454.0,1,15.248100350727396,15.248100350727396,15.248100350727396,0.0,15.248100350727396,0,0,1,0,0,1,0,0,1.0,0.0,349319455.0,belt_anchorage,ELEVATED,belt_anchorage,ELEVATED,15.248100350727396,False,False,91.76225234619395
554139595.0,3,11.303951154177065,11.558817341717909,15.245423239418734,4.074887352547933,7.107612881394555,2,0,1,0,0,1,0,0,0.3333333333333333,0.0,554139599.0,seat_position,ELEVATED,seat_position,ELEVATED,15.245423239418734,False,False,91.71011470281543
651119318.0,3,11.681192749382747,10.755990326185769,15.19715674691758,3.156742616283138,9.090431175044897,2,0,1,0,0,1,0,0,0.3333333333333333,0.0,651119322.0,seat_track_position,ELEVATED,belt_anchorage,ELEVATED,15.19715674691758,False,False,91.65797705943692
852119636.0,2,11.3836160041522,11.3836160041522,15.186834589306097,5.378563303794053,7.580397418998305,1,0,1,0,0,1,0,0,0.5,0.0,852119834.0,posture,ELEVATED,seat_performance,ELEVATED,15.186834589306097,False,False,91.6058394160584
142491532.0,1,15.17040243245752,15.17040243245752,15.17040243245752,0.0,15.17040243245752,0,0,1,0,0,1,0,0,1.0,0.0,142491533.0,posture,ELEVATED,posture,ELEVATED,15.17040243245752,False,False,91.55370177267987
433395013.0,1,15.146750587859344,15.146750587859344,15.146750587859344,0.0,15.146750587859344,0,0,1,0,0,1,0,0,1.0,0.0,433395015.0,seat_type,ELEVATED,seat_type,ELEVATED,15.146750587859344,False,False,91.50156412930136
360222723.0,4,12.862807500801246,12.34786568905615,15.126536313236889,1.6408078407113729,11.628962311855798,2,1,1,0,0,2,0,0,0.5,0.0,360222728.0,seat_track_position,ELEVATED,seat_performance,ELEVATED,15.126536313236889,True,False,91.44942648592284
134005311.0,4,13.092545609477845,13.726493503981665,15.112272494413778,2.529930002173709,9.804922935534275,1,1,2,0,0,3,0,0,0.75,0.0,897001468.0,belt_anchorage,ELEVATED,seat_position,ELEVATED,15.112272494413778,True,False,91.39728884254433
852114531.0,1,15.093680713965783,15.093680713965783,15.093680713965783,0.0,15.093680713965783,0,0,1,0,0,1,0,0,1.0,0.0,852114533.0,posture,ELEVATED,posture,ELEVATED,15.093680713965783,False,False,91.3451511991658
359786085.0,2,13.471764118263874,13.471764118263874,15.078118645527969,2.271728358436306,11.865409590999777,0,1,1,0,0,2,0,0,1.0,0.0,359786087.0,seat_performance,ELEVATED,seat_performance,ELEVATED,15.078118645527969,True,False,91.29301355578728
554124398.0,2,11.357479074979235,11.357479074979235,15.050230121625992,5.222338612635284,7.66472802833248,1,0,1,0,0,1,0,0,0.5,0.0,554124401.0,seat_track_position,ELEVATED,belt_anchorage,ELEVATED,15.050230121625992,False,False,91.24087591240875
556126984.0,2,14.033494229126369,14.033494229126369,15.03349422912637,1.4142135623730963,13.033494229126369,0,1,1,0,0,2,0,0,1.0,0.0,556126987.0,seat_type,ELEVATED,seat_type,ELEVATED,15.03349422912637,True,False,91.18873826903024
325140765.0,2,14.270178263824107,14.270178263824107,15.0332126696579,1.079093605287447,13.507143857990313,0,1,1,0,0,2,0,0,1.0,0.0,325140767.0,seat_track_position,ELEVATED,seat_track_position,ELEVATED,15.0332126696579,True,False,91.13660062565172
339383057.0,5,11.549384853751052,11.97682558641703,15.029293006311168,2.508825583388255,8.858377623576816,2,2,1,0,0,3,0,0,0.6,0.0,339383061.0,seat_type,ELEVATED,seat_type,ELEVATED,15.029293006311168,True,False,91.08446298227321
599003228.0,5,12.966677479399811,13.833821884290009,15.027461748670795,2.4814360303794163,9.227979185016787,2,1,2,0,0,3,0,0,0.6,0.0,599000118.0,seat_type,ELEVATED,seat_type,ELEVATED,15.027461748670795,True,False,91.03232533889468
897002319.0,5,13.100860216220099,13.66286430454181,15.0263898301722,1.9753971655132307,9.75879393650807,1,3,1,0,0,4,0,0,0.8,0.0,897000522.0,seat_position,ELEVATED,seat_position,ELEVATED,15.0263898301722,True,False,90.98018769551616
591150995.0,2,12.688777467957543,12.688777467957543,15.019806242783131,3.296572507640285,10.357748693131956,1,0,1,0,0,1,0,0,0.5,0.0,591150998.0,posture,ELEVATED,posture,ELEVATED,15.019806242783131,False,False,90.92805005213765
852135229.0,1,15.009393448873462,15.009393448873462,15.009393448873462,0.0,15.009393448873462,0,0,1,0,0,1,0,0,1.0,0.0,852135231.0,seat_track_position,ELEVATED,seat_track_position,ELEVATED,15.009393448873462,False,False,90.87591240875912
556121927.0,1,15.000617311450991,15.000617311450991,15.000617311450991,0.0,15.000617311450991,0,0,1,0,0,1,0,0,1.0,0.0,556121929.0,seat_performance,ELEVATED,seat_performance,ELEVATED,15.000617311450991,False,False,90.8237747653806
852156406.0,2,13.342522009453539,13.342522009453539,14.983067629312345,2.3200818652960975,11.701976389594735,1,0,1,0,0,1,0,0,0.5,0.0,852156408.0,seat_performance,ELEVATED,belt_anchorage,ELEVATED,14.983067629312345,False,False,90.77163712200208
651134496.0,4,10.954247762325075,10.91973627673603,14.975753667918436,3.8730562090973653,7.001764827909808,2,1,1,0,0,2,0,0,0.5,0.0,590135709.0,seat_position,ELEVATED,belt_anchorage,ELEVATED,14.975753667918436,True,False,90.71949947862356
341225452.0,1,14.974847936976587,14.974847936976587,14.974847936976587,0.0,14.974847936976587,0,0,1,0,0,1,0,0,1.0,0.0,341225453.0,seat_type,ELEVATED,seat_type,ELEVATED,14.974847936976587,False,False,90.66736183524505
599006256.0,3,13.530100679461993,14.058714349862388,14.95415886048784,1.7493286533457946,11.577428828035748,1,0,2,0,0,2,0,0,0.6666666666666666,0.0,599006259.0,seat_performance,ELEVATED,seat_performance,ELEVATED,14.95415886048784,True,False,90.61522419186653
318355023.0,5,12.748116118119372,12.087790374836343,14.933121818627129,2.000944674903271,10.724264849205952,2,1,2,0,0,3,0,0,0.6,0.0,318355286.0,seat_performance,ELEVATED,seat_position,ELEVATED,14.933121818627129,True,False,90.563086548488
341231269.0,2,13.039119035041526,13.039119035041526,14.9188164699496,2.6582936056049165,11.159421600133452,1,0,1,0,0,1,0,0,0.5,0.0,341231271.0,posture,ELEVATED,seat_type,ELEVATED,14.9188164699496,False,False,90.51094890510949
325114233.0,3,9.394445066646405,7.345976098231382,14.90638418981708,4.825625530694543,5.9309749118907495,2,0,1,0,0,1,0,0,0.3333333333333333,0.0,325114237.0,seat_position,ELEVATED,seat_position,ELEVATED,14.90638418981708,False,False,90.45881126173097
341206117.0,2,11.733976991099489,11.733976991099489,14.895265171434271,4.470736619199213,8.572688810764705,1,0,1,0,0,1,0,0,0.5,0.0,341206119.0,seat_performance,ELEVATED,posture,ELEVATED,14.895265171434271,False,False,90.40667361835246
341220191.0,3,9.942170733492226,9.119753408527693,14.8837910696766,4.586055780899061,5.822967722272384,2,0,1,0,0,1,0,0,0.3333333333333333,0.0,341220194.0,belt_failure,ELEVATED,seat_track_position,ELEVATED,14.8837910696766,False,False,90.35453597497393
791577767.0,1,14.858385141866806,14.858385141866806,14.858385141866806,0.0,14.858385141866806,0,0,1,0,0,1,0,0,1.0,0.0,791579269.0,seat_type,ELEVATED,seat_type,ELEVATED,14.858385141866806,False,False,90.30239833159541
599000073.0,6,11.595121986951852,12.831352799632334,14.82888371497466,3.4104474357479635,5.9309749118907495,2,2,2,0,0,4,0,0,0.6666666666666666,0.0,599000173.0,seat_type,ELEVATED,seat_track_position,ELEVATED,14.82888371497466,True,False,90.25026068821688
339117631.0,1,14.824822492971984,14.824822492971984,14.824822492971984,0.0,14.824822492971984,0,0,1,0,0,1,0,0,1.0,0.0,339117633.0,seat_type,ELEVATED,seat_type,ELEVATED,14.824822492971984,False,False,90.19812304483837
554127624.0,1,14.811903518422657,14.811903518422657,14.811903518422657,0.0,14.811903518422657,0,0,1,0,0,1,0,0,1.0,0.0,554127625.0,belt_anchorage,ELEVATED,belt_anchorage,ELEVATED,14.811903518422657,False,False,90.14598540145985
554136725.0,4,11.233649560774847,11.564622204601903,14.803589005985774,3.9139908366207576,7.001764827909808,2,0,2,0,0,2,0,0,0.5,0.0,554136730.0,seat_track_position,ELEVATED,belt_anchorage,ELEVATED,14.803589005985774,True,False,90.09384775808134
852181152.0,3,11.720876802003177,11.558817341717909,14.802888506441716,3.0042620161280706,8.80092455784991,2,0,1,0,0,1,0,0,0.3333333333333333,0.0,852181158.0,seat_performance,ELEVATED,seat_performance,ELEVATED,14.802888506441716,False,False,90.04171011470281
556127383.0,1,14.787001027537013,14.787001027537013,14.787001027537013,0.0,14.787001027537013,0,0,1,0,0,1,0,0,1.0,0.0,556127384.0,seat_type,ELEVATED,seat_type,ELEVATED,14.787001027537013,False,False,89.9895724713243
325142521.0,4,10.935800943234765,10.174751984574417,14.785566715682783,2.8061343025820267,8.608133088107442,3,0,1,0,0,1,0,0,0.25,0.0,325142523.0,seat_performance,ELEVATED,seat_position,ELEVATED,14.785566715682783,False,False,89.93743482794578
599036632.0,1,14.783244892834054,14.783244892834054,14.783244892834054,0.0,14.783244892834054,0,0,1,0,0,1,0,0,1.0,0.0,599036633.0,posture,ELEVATED,posture,ELEVATED,14.783244892834054,False,False,89.88529718456726
852137967.0,1,14.76428095103693,14.76428095103693,14.76428095103693,0.0,14.76428095103693,0,0,1,0,0,1,0,0,1.0,0.0,852137969.0,seat_track_position,ELEVATED,seat_track_position,ELEVATED,14.76428095103693,False,False,89.83315954118873
425502614.0,1,14.753984223938575,14.753984223938575,14.753984223938575,0.0,14.753984223938575,0,0,1,0,0,1,0,0,1.0,0.0,425502615.0,seat_performance,ELEVATED,seat_performance,ELEVATED,14.753984223938575,False,False,89.78102189781022
561164646.0,1,14.706663167937563,14.706663167937563,14.706663167937563,0.0,14.706663167937563,0,0,1,0,0,1,0,0,1.0,0.0,561164647.0,posture,ELEVATED,posture,ELEVATED,14.706663167937563,False,False,89.72888425443169
142762671.0,1,14.6917493075974,14.6917493075974,14.6917493075974,0.0,14.6917493075974,0,0,1,0,0,1,0,0,1.0,0.0,142762672.0,posture,ELEVATED,posture,ELEVATED,14.6917493075974,False,False,89.67674661105318
344088021.0,1,14.681569871620992,14.681569871620992,14.681569871620992,0.0,14.681569871620992,0,0,1,0,0,1,0,0,1.0,0.0,344088024.0,seat_performance,ELEVATED,seat_performance,ELEVATED,14.681569871620992,False,False,89.62460896767466
349306516.0,1,14.679946015008376,14.679946015008376,14.679946015008376,0.0,14.679946015008376,0,0,1,0,0,1,0,0,1.0,0.0,349306517.0,belt_anchorage,ELEVATED,belt_anchorage,ELEVATED,14.679946015008376,False,False,89.57247132429615
791447841.0,3,12.663384523672462,14.20007701048257,14.670323152007128,3.077868413134537,9.119753408527693,1,0,2,0,0,2,0,0,0.6666666666666666,0.0,791447844.0,seat_type,ELEVATED,seat_type,ELEVATED,14.670323152007128,True,False,89.52033368091762
142699634.0,2,14.012391182621842,14.012391182621842,14.664891669286089,0.9227750376956223,13.359890695957596,0,1,1,0,0,2,0,0,1.0,0.0,142699638.0,seat_track_position,ELEVATED,seat_type,ELEVATED,14.664891669286089,True,False,89.4681960375391
556149654.0,2,14.48051535159983,14.48051535159983,14.632177415029586,0.21448254699984776,14.328853288170077,0,0,2,0,0,2,0,0,1.0,0.0,556149656.0,posture,ELEVATED,seat_track_position,ELEVATED,14.632177415029586,True,False,89.41605839416059
385084290.0,1,14.614255507032324,14.614255507032324,14.614255507032324,0.0,14.614255507032324,0,0,1,0,0,1,0,0,1.0,0.0,385084291.0,seat_type,ELEVATED,seat_type,ELEVATED,14.614255507032324,False,False,89.36392075078207
344083320.0,4,13.372366137616385,13.571793930658554,14.612424249391951,1.2117076021913595,11.73345243975648,1,2,1,0,0,3,0,0,0.75,0.0,344083323.0,seat_type,ELEVATED,seat_type,ELEVATED,14.612424249391951,True,False,89.31178310740354
359786090.0,2,11.7134538719477,11.7134538719477,14.607686484529196,4.093063013375268,8.819221259366204,1,0,1,0,0,1,0,0,0.5,0.0,359786094.0,posture,ELEVATED,seat_performance,ELEVATED,14.607686484529196,False,False,89.25964546402503
556125781.0,4,12.675695155638882,12.22473297971428,14.594355949594618,1.3066230720919836,11.658958713532348,1,2,1,0,0,3,0,0,0.75,0.0,556125784.0,seat_type,ELEVATED,seat_type,ELEVATED,14.594355949594618,True,False,89.2075078206465
556125692.0,2,11.908115025850643,11.908115025850643,14.59247339058269,3.796256005673724,9.223756661118596,1,0,1,0,0,1,0,0,0.5,0.0,556125695.0,belt_anchorage,ELEVATED,posture,ELEVATED,14.59247339058269,False,False,89.15537017726798
338343738.0,3,11.772428613354114,12.8410316265994,14.582245844333524,3.46980754957949,7.894008369129419,1,1,1,0,0,2,0,0,0.6666666666666666,0.0,338343742.0,seat_performance,ELEVATED,seat_performance,ELEVATED,14.582245844333524,True,False,89.10323253388947
359706662.0,4,12.803377091972246,12.70719288875955,14.558476508149242,1.4634257728219122,11.24064608222064,1,2,1,0,0,3,0,0,0.75,0.0,361722220.0,seat_type,ELEVATED,seat_type,ELEVATED,14.558476508149242,True,False,89.02502606882169
554128566.0,3,10.201764010263327,10.22384780036836,14.558476508149242,4.367796264407486,5.822967722272384,2,0,1,0,0,1,0,0,0.3333333333333333,0.0,554129484.0,seat_type,ELEVATED,seat_track_position,ELEVATED,14.558476508149242,False,False,89.02502606882169
897028801.0,2,12.388364419171436,12.388364419171436,14.540786375303297,3.043984322311304,10.235942463039576,1,0,1,0,0,1,0,0,0.5,0.0,897007749.0,belt_anchorage,ELEVATED,seat_type,ELEVATED,14.540786375303297,False,False,88.94681960375391
561167963.0,4,11.139728100889107,11.144041004896009,14.500718959333986,2.7758236250262667,7.770111434430423,3,0,1,0,0,1,0,0,0.25,0.0,561167968.0,belt_use,ELEVATED,seat_track_position,ELEVATED,14.500718959333986,False,False,88.8946819603754
852194538.0,3,11.189058477872704,13.697400527250313,14.448250168936744,5.008919831805535,5.421524737431055,1,1,1,0,0,2,0,0,0.6666666666666666,0.0,531194707.0,seat_track_position,ELEVATED,seat_track_position,ELEVATED,14.448250168936744,True,False,88.84254431699688
554145510.0,2,14.417998351233713,14.417998351233713,14.447445195760496,0.04164412689886819,14.38855150670693,0,0,2,0,0,2,0,0,1.0,0.0,554145511.0,seat_track_position,ELEVATED,seat_track_position,ELEVATED,14.447445195760496,True,False,88.79040667361835
325123714.0,1,14.416436951363444,14.416436951363444,14.416436951363444,0.0,14.416436951363444,0,0,1,0,0,1,0,0,1.0,0.0,325123715.0,seat_type,ELEVATED,seat_type,ELEVATED,14.416436951363444,False,False,88.73826903023983
347643470.0,2,12.792347152408183,12.792347152408183,14.3979041864591,2.2706005327183276,11.186790118357266,1,0,1,0,0,1,0,0,0.5,0.0,347643472.0,posture,ELEVATED,posture,ELEVATED,14.3979041864591,False,False,88.6861313868613
897003304.0,2,14.243078449034687,14.243078449034687,14.374401731566232,0.18571916721146584,14.11175516650314,0,0,2,0,0,2,0,0,1.0,0.0,897000769.0,belt_anchorage,ELEVATED,belt_anchorage,ELEVATED,14.374401731566232,True,False,88.63399374348279
556176327.0,4,13.040296066202643,13.418965121121254,14.346428436151031,1.4447866238408114,10.976825586417032,1,2,1,0,0,3,0,0,0.75,0.0,556176328.0,seat_type,ELEVATED,seat_type,ELEVATED,14.346428436151031,True,False,88.58185610010428
325113703.0,2,13.10181311319146,13.10181311319146,14.32969355858484,1.7364851788480342,11.87393266779808,0,1,1,0,0,2,0,0,1.0,0.0,325113706.0,seat_track_position,ELEVATED,seat_track_position,ELEVATED,14.32969355858484,True,False,88.52971845672576
554123678.0,2,12.490835074720803,12.490835074720803,14.329346601575764,2.6000479358575523,10.652323547865842,1,0,1,0,0,1,0,0,0.5,0.0,554123679.0,seat_performance,ELEVATED,seat_performance,ELEVATED,14.329346601575764,False,False,88.47758081334723
877885183.0,5,11.68413269473178,11.558817341717909,14.313264527459786,1.6511269151589696,9.929810766899443,3,1,1,0,0,2,0,0,0.4,0.0,877885186.0,seat_performance,ELEVATED,seat_position,ELEVATED,14.313264527459786,True,False,88.42544316996872
556172410.0,1,14.302321589901378,14.302321589901378,14.302321589901378,0.0,14.302321589901378,0,0,1,0,0,1,0,0,1.0,0.0,556172411.0,seat_performance,ELEVATED,seat_performance,ELEVATED,14.302321589901378,False,False,88.3733055265902
650108362.0,1,14.281054960250003,14.281054960250003,14.281054960250003,0.0,14.281054960250003,0,0,1,0,0,1,0,0,1.0,0.0,650108363.0,seat_track_position,ELEVATED,seat_track_position,ELEVATED,14.281054960250003,False,False,88.32116788321169
897000709.0,1,14.263651717284787,14.263651717284787,14.263651717284787,0.0,14.263651717284787,0,0,1,0,0,1,0,0,1.0,0.0,897000053.0,seat_type,ELEVATED,seat_type,ELEVATED,14.263651717284787,False,False,88.26903023983316
341380919.0,1,14.250551608714018,14.250551608714018,14.250551608714018,0.0,14.250551608714018,0,0,1,0,0,1,0,0,1.0,0.0,341380920.0,seat_performance,ELEVATED,seat_performance,ELEVATED,14.250551608714018,False,False,88.21689259645464
558030385.0,2,13.390702625210828,13.390702625210828,14.23326155228516,1.1915582617670444,12.548143698136496,0,1,1,0,0,2,0,0,1.0,0.0,558030386.0,seat_performance,ELEVATED,seat_performance,ELEVATED,14.23326155228516,True,False,88.16475495307611
369139673.0,2,14.078613594289962,14.078613594289962,14.229750560621143,0.21373994756148265,13.92747662795878,0,1,1,0,0,2,0,0,1.0,0.0,369139675.0,seat_type,ELEVATED,seat_performance,ELEVATED,14.229750560621143,True,False,88.11261730969761
359458598.0,2,13.813380739120337,13.813380739120337,14.19999103671438,0.546749526210595,13.426770441526292,0,1,1,0,0,2,0,0,1.0,0.0,359458599.0,seat_performance,ELEVATED,seat_performance,ELEVATED,14.19999103671438,True,False,88.06047966631908
349170290.0,1,14.199238680384816,14.199238680384816,14.199238680384816,0.0,14.199238680384816,0,0,1,0,0,1,0,0,1.0,0.0,349170292.0,belt_use,ELEVATED,belt_use,ELEVATED,14.199238680384816,False,False,88.00834202294057
349200071.0,2,10.010461983854558,10.010461983854558,14.197956245436734,5.92201117708902,5.822967722272384,1,0,1,0,0,1,0,0,0.5,0.0,349200074.0,belt_use,ELEVATED,seat_track_position,ELEVATED,14.197956245436734,False,False,87.95620437956204
347810750.0,3,13.937599519187314,14.04328671583248,14.195222721224276,0.3236772648434386,13.574289120505185,0,1,2,0,0,3,0,0,1.0,0.0,347810752.0,seat_performance,ELEVATED,seat_performance,ELEVATED,14.195222721224276,True,False,87.90406673618352
556151503.0,3,9.690367779021855,7.770111434430423,14.19337902124059,3.9137652930208886,7.107612881394555,2,0,1,0,0,1,0,0,0.3333333333333333,0.0,556151509.0,belt_use,ELEVATED,seat_track_position,ELEVATED,14.19337902124059,False,False,87.85192909280501
852193423.0,4,12.555157231854537,13.118193770784046,14.179318450315773,1.937137261714399,9.804922935534275,1,2,1,0,0,3,0,0,0.75,0.0,852193425.0,seat_type,ELEVATED,seat_type,ELEVATED,14.179318450315773,True,False,87.7997914494265
433413046.0,4,12.714281190723213,12.693091601088977,14.162391328756904,1.2267144419821943,11.308550231957993,1,2,1,0,0,3,0,0,0.75,0.0,433413051.0,seat_track_position,ELEVATED,seat_track_position,ELEVATED,14.162391328756904,True,False,87.7215849843587
558035850.0,1,14.162391328756904,14.162391328756904,14.162391328756904,0.0,14.162391328756904,0,0,1,0,0,1,0,0,1.0,0.0,558035852.0,seat_track_position,ELEVATED,seat_track_position,ELEVATED,14.162391328756904,False,False,87.7215849843587
651113567.0,3,12.577078628264802,12.430242750888477,14.15426465272436,1.5091351950531844,11.146728481181576,1,1,1,0,0,2,0,0,0.6666666666666666,0.0,651002341.0,belt_use,ELEVATED,belt_anchorage,ELEVATED,14.15426465272436,True,False,87.64337851929092
328099739.0,4,10.847926023410729,10.791366041631896,14.144243982046644,2.648169047533154,7.66472802833248,3,0,1,0,0,1,0,0,0.25,0.0,328099742.0,seat_track_position,ELEVATED,seat_position,ELEVATED,14.144243982046644,False,False,87.59124087591242
328087299.0,2,13.088489554596283,13.088489554596283,14.14001667056825,1.4870839086106251,12.036962438624313,0,1,1,0,0,2,0,0,1.0,0.0,328087301.0,posture,ELEVATED,posture,ELEVATED,14.14001667056825,True,False,87.53910323253389
556133161.0,2,13.866719173104038,13.866719173104038,14.137917432976977,0.3835322572042925,13.5955209132311,0,1,1,0,0,2,0,0,1.0,0.0,556133163.0,seat_performance,ELEVATED,seat_performance,ELEVATED,14.137917432976977,True,False,87.48696558915537
314048983.0,1,14.128152518415323,14.128152518415323,14.128152518415323,0.0,14.128152518415323,0,0,1,0,0,1,0,0,1.0,0.0,314048984.0,seat_performance,ELEVATED,seat_performance,ELEVATED,14.128152518415323,False,False,87.40875912408758
650105434.0,2,11.473180758753546,11.473180758753546,14.128152518415323,3.754697070231247,8.818208999091768,1,0,1,0,0,1,0,0,0.5,0.0,650105435.0,seat_performance,ELEVATED,seat_performance,ELEVATED,14.128152518415323,False,False,87.40875912408758
359751731.0,4,12.164740757054952,12.390832841950438,14.124826749304583,2.2794287900484584,9.752470595014351,2,0,2,0,0,2,0,0,0.5,0.0,359751736.0,seat_performance,ELEVATED,seat_performance,ELEVATED,14.124826749304583,True,False,87.30448383733055
360363695.0,3,12.051543017937455,14.09731564779935,14.124826749304583,3.567233969816454,7.932486656708434,1,0,2,0,0,2,0,0,0.6666666666666666,0.0,360363698.0,seat_performance,ELEVATED,seat_performance,ELEVATED,14.124826749304583,True,False,87.30448383733055
556124984.0,2,13.564737691706963,13.564737691706963,14.114778198121064,0.7778747440253883,13.01469718529286,0,1,1,0,0,2,0,0,1.0,0.0,556124987.0,seat_type,ELEVATED,seat_type,ELEVATED,14.114778198121064,True,False,87.22627737226277
360216754.0,5,10.560202032846734,11.675656051696466,14.108615458972572,3.0610073585100883,6.878001477098212,3,1,1,0,0,2,0,0,0.4,0.0,360216759.0,seat_type,ELEVATED,seat_type,ELEVATED,14.108615458972572,True,False,87.17413972888426
360244807.0,1,14.106487573269902,14.106487573269902,14.106487573269902,0.0,14.106487573269902,0,0,1,0,0,1,0,0,1.0,0.0,360244808.0,belt_anchorage,ELEVATED,belt_anchorage,ELEVATED,14.106487573269902,False,False,87.12200208550573
556132808.0,1,14.106460866833627,14.106460866833627,14.106460866833627,0.0,14.106460866833627,0,0,1,0,0,1,0,0,1.0,0.0,556132810.0,seat_track_position,ELEVATED,seat_track_position,ELEVATED,14.106460866833627,False,False,87.06986444212723
897006713.0,2,13.842095248920419,13.842095248920419,14.069934990808513,0.3222140530257285,13.614255507032324,0,1,1,0,0,2,0,0,1.0,0.0,897006715.0,seat_type,ELEVATED,seat_type,ELEVATED,14.069934990808513,True,False,87.0177267987487
328076669.0,1,14.05055647337216,14.05055647337216,14.05055647337216,0.0,14.05055647337216,0,0,1,0,0,1,0,0,1.0,0.0,328076806.0,seat_performance,ELEVATED,seat_performance,ELEVATED,14.05055647337216,False,False,86.96558915537018
360255778.0,3,12.229729061717594,12.873277834333114,14.048001004278245,2.2114281712853296,9.76790834654142,1,1,1,0,0,2,0,0,0.6666666666666666,0.0,360255780.0,seat_position,ELEVATED,seat_type,ELEVATED,14.048001004278245,True,False,86.91345151199165
359465371.0,2,12.345843049651865,12.345843049651865,14.042422249260932,2.3993253137272315,10.6492638500428,1,0,1,0,0,1,0,0,0.5,0.0,359465376.0,seat_type,ELEVATED,seat_type,ELEVATED,14.042422249260932,False,False,86.86131386861314
795853473.0,1,14.033494229126372,14.033494229126372,14.033494229126372,0.0,14.033494229126372,0,0,1,0,0,1,0,0,1.0,0.0,795853505.0,posture,ELEVATED,posture,ELEVATED,14.033494229126372,False,False,86.80917622523462
897021466.0,3,13.359154107423992,13.510706874452202,14.027461748670795,0.7555707887417453,12.539293699148978,0,2,1,0,0,3,0,0,1.0,0.0,897021469.0,seat_type,ELEVATED,seat_type,ELEVATED,14.027461748670795,True,False,86.75703858185611
599037053.0,1,14.019043614763008,14.019043614763008,14.019043614763008,0.0,14.019043614763008,0,0,1,0,0,1,0,0,1.0,0.0,599038230.0,posture,ELEVATED,posture,ELEVATED,14.019043614763008,False,False,86.70490093847758
347851945.0,1,14.009393448873462,14.009393448873462,14.009393448873462,0.0,14.009393448873462,0,1,0,0,0,1,0,0,1.0,0.0,878851964.0,seat_track_position,MODERATE,seat_track_position,MODERATE,14.009393448873462,False,False,86.65276329509906
142598280.0,3,11.888636830779696,11.074398689901717,14.005862467596652,1.8497843876826194,10.585649334840715,2,1,0,0,0,1,0,0,0.3333333333333333,0.0,142598282.0,seat_performance,MODERATE,seat_performance,MODERATE,14.005862467596652,False,False,86.60062565172055
359521143.0,4,12.683243744198943,13.031073827736272,14.005142789206644,1.488666577922179,10.665684532116588,1,3,0,0,0,3,0,0,0.75,0.0,359521149.0,seat_performance,MODERATE,seat_performance,MODERATE,14.005142789206644,True,False,86.54848800834203
325122944.0,3,12.560019867717672,13.31094751994155,13.952270392038695,1.8835427467627253,10.416841691172774,1,2,0,0,0,2,0,0,0.6666666666666666,0.0,325122945.0,seat_performance,MODERATE,belt_anchorage,MODERATE,13.952270392038695,True,False,86.4963503649635
651121810.0,1,13.94309631446681,13.94309631446681,13.94309631446681,0.0,13.94309631446681,0,1,0,0,0,1,0,0,1.0,0.0,651121812.0,posture,MODERATE,posture,MODERATE,13.94309631446681,False,False,86.44421272158499
556169390.0,2,10.585923389737372,10.585923389737372,13.933877870861728,4.734722633413843,7.237968908613016,1,1,0,0,0,1,0,0,0.5,0.0,556169391.0,seat_performance,MODERATE,seat_performance,MODERATE,13.933877870861728,False,False,86.39207507820646
852156107.0,2,12.171998224813851,12.171998224813851,13.931390936872187,2.4881570349332804,10.412605512755515,1,1,0,0,0,1,0,0,0.5,0.0,852156110.0,seat_type,MODERATE,seat_type,MODERATE,13.931390936872187,False,False,86.33993743482795
651109205.0,4,11.865634820331424,12.46546554816699,13.923475096884278,2.278117972237565,8.608133088107442,1,3,0,0,0,3,0,0,0.75,0.0,650111014.0,belt_use,MODERATE,seat_type,MODERATE,13.923475096884278,True,False,86.28779979144943
325103082.0,5,11.628153799427611,11.225243024343136,13.922923675289596,2.2880811084820976,8.608133088107442,3,2,0,0,0,2,0,0,0.4,0.0,325103084.0,seat_performance,MODERATE,seat_performance,MODERATE,13.922923675289596,True,False,86.2356621480709
852116310.0,3,12.457476492316475,13.229750560621143,13.906736453288708,1.953455286702045,10.235942463039576,1,2,0,0,0,2,0,0,0.6666666666666666,0.0,852116313.0,seat_position,MODERATE,seat_type,MODERATE,13.906736453288708,True,False,86.18352450469239
651144883.0,4,10.724531404519482,10.648823712411463,13.90055586226114,2.8345504825371624,7.699922330993859,2,2,0,0,0,2,0,0,0.5,0.0,651146555.0,posture,MODERATE,seat_position,MODERATE,13.90055586226114,True,False,86.13138686131386
556118494.0,4,12.933173504470075,12.926019871281959,13.87627330981007,0.8166469461009283,12.004380965506314,0,4,0,0,0,4,0,0,1.0,0.0,556118497.0,seat_performance,MODERATE,seat_performance,MODERATE,13.87627330981007,True,False,86.07924921793536
852194542.0,1,13.859038772393715,13.859038772393715,13.859038772393715,0.0,13.859038772393715,0,1,0,0,0,1,0,0,1.0,0.0,852194543.0,belt_use,MODERATE,belt_use,MODERATE,13.859038772393715,False,False,86.02711157455683
852137983.0,1,13.850459091726067,13.850459091726067,13.850459091726067,0.0,13.850459091726067,0,1,0,0,0,1,0,0,1.0,0.0,852137984.0,seat_performance,MODERATE,seat_performance,MODERATE,13.850459091726067,False,False,85.97497393117831
347474662.0,2,13.78096737389492,13.78096737389492,13.824822492971984,0.062020504178271534,13.737112254817855,0,2,0,0,0,2,0,0,1.0,0.0,347474664.0,seat_type,MODERATE,seat_type,MODERATE,13.824822492971984,True,False,85.92283628779978
591142487.0,6,10.329105230531136,10.410580246523256,13.814468025336597,2.823376902460923,5.717200322425695,4,2,0,0,0,2,0,0,0.3333333333333333,0.0,651003931.0,seat_position,MODERATE,seat_position,MODERATE,13.814468025336597,True,False,85.87069864442127
360252615.0,2,12.200604214961627,12.200604214961627,13.785566715682783,2.2414754643726353,10.615641714240471,1,1,0,0,0,1,0,0,0.5,0.0,360252617.0,seat_type,MODERATE,seat_type,MODERATE,13.785566715682783,False,False,85.81856100104275
897006709.0,1,13.783244892834054,13.783244892834054,13.783244892834054,0.0,13.783244892834054,0,1,0,0,0,1,0,0,1.0,0.0,897006710.0,posture,MODERATE,posture,MODERATE,13.783244892834054,False,False,85.76642335766424
852116053.0,2,11.466138567713646,11.466138567713646,13.774050592185764,3.2638804857724177,9.158226543241526,1,1,0,0,0,1,0,0,0.5,0.0,852116372.0,seat_performance,MODERATE,seat_track_position,MODERATE,13.774050592185764,False,False,85.71428571428571
558022713.0,2,13.306678059758609,13.306678059758609,13.755819372288734,0.6351817356021562,12.857536747228483,0,2,0,0,0,2,0,0,1.0,0.0,558022719.0,seat_type,MODERATE,seat_type,MODERATE,13.755819372288734,True,False,85.6621480709072
701161679.0,1,13.755595357836734,13.755595357836734,13.755595357836734,0.0,13.755595357836734,0,1,0,0,0,1,0,0,1.0,0.0,701161680.0,posture,MODERATE,posture,MODERATE,13.755595357836734,False,False,85.61001042752866
554134396.0,1,13.7548668161809,13.7548668161809,13.7548668161809,0.0,13.7548668161809,0,1,0,0,0,1,0,0,1.0,0.0,554134397.0,seat_performance,MODERATE,seat_performance,MODERATE,13.7548668161809,False,False,85.55787278415016
349219488.0,2,12.494322880070865,12.494322880070865,13.743208727418333,1.7661913031746033,11.245437032723398,1,1,0,0,0,1,0,0,0.5,0.0,349219491.0,belt_anchorage,MODERATE,belt_anchorage,MODERATE,13.743208727418333,False,False,85.50573514077163
314048972.0,4,9.879890886124329,9.452364891669532,13.73683228406004,2.8473220531904775,6.878001477098212,3,1,0,0,0,1,0,0,0.25,0.0,314048974.0,posture,MODERATE,seat_position,MODERATE,13.73683228406004,False,False,85.45359749739312
142821339.0,3,10.14626947436018,9.156384058951364,13.7312928950086,3.2067902432553774,7.551131469120578,2,1,0,0,0,1,0,0,0.3333333333333333,0.0,142821342.0,seat_type,MODERATE,seat_type,MODERATE,13.7312928950086,False,False,85.37539103232534
796468694.0,3,11.219901814256216,10.43868162330361,13.7312928950086,2.2260819229248074,9.489730924456437,2,1,0,0,0,1,0,0,0.3333333333333333,0.0,796468699.0,seat_type,MODERATE,seat_type,MODERATE,13.7312928950086,False,False,85.37539103232534
359669434.0,8,11.528343162944683,11.565933596432524,13.711813531142791,1.4903096741044728,8.80092455784991,5,3,0,0,0,3,0,0,0.375,0.0,359669436.0,seat_type,MODERATE,seat_position,MODERATE,13.711813531142791,True,False,85.29718456725756
325112992.0,1,13.683934372709288,13.683934372709288,13.683934372709288,0.0,13.683934372709288,0,1,0,0,0,1,0,0,1.0,0.0,325112993.0,seat_performance,MODERATE,seat_performance,MODERATE,13.683934372709288,False,False,85.24504692387904
852142914.0,3,10.14141996004716,8.818208999091768,13.673564224341286,3.090818394016164,7.932486656708434,2,1,0,0,0,1,0,0,0.3333333333333333,0.0,852142917.0,belt_anchorage,MODERATE,belt_anchorage,MODERATE,13.673564224341286,False,False,85.19290928050052
341223086.0,4,9.901421313469964,9.11650502366425,13.6727528755575,2.6042869373111133,7.699922330993859,3,1,0,0,0,1,0,0,0.25,0.0,341223090.0,seat_position,MODERATE,seat_position,MODERATE,13.6727528755575,False,False,85.140771637122
554160111.0,1,13.671087935249991,13.671087935249991,13.671087935249991,0.0,13.671087935249991,0,1,0,0,0,1,0,0,1.0,0.0,554160114.0,seat_position,MODERATE,seat_position,MODERATE,13.671087935249991,False,False,85.08863399374349
897025115.0,4,12.0165453793525,12.375947839835685,13.669822432342643,1.7883818522513153,9.644463405395989,2,2,0,0,0,2,0,0,0.5,0.0,897025119.0,posture,MODERATE,seat_performance,MODERATE,13.669822432342643,True,False,85.03649635036497
897022186.0,5,11.301038802037379,11.18327646388446,13.658553375067584,1.9105204118742338,9.266845754177012,3,2,0,0,0,2,0,0,0.4,0.0,897022187.0,seat_performance,MODERATE,seat_position,MODERATE,13.658553375067584,True,False,84.95828988529719
360230993.0,1,13.658553375067584,13.658553375067584,13.658553375067584,0.0,13.658553375067584,0,1,0,0,0,1,0,0,1.0,0.0,360230995.0,seat_performance,MODERATE,seat_performance,MODERATE,13.658553375067584,False,False,84.95828988529719
349211993.0,2,11.81562909031397,11.81562909031397,13.655752672223093,2.6023277259784403,9.975505508404847,1,1,0,0,0,1,0,0,0.5,0.0,349211995.0,posture,MODERATE,posture,MODERATE,13.655752672223093,False,False,84.8800834202294
734095714.0,1,13.644543023894286,13.644543023894286,13.644543023894286,0.0,13.644543023894286,0,1,0,0,0,1,0,0,1.0,0.0,734095715.0,seat_type,MODERATE,seat_type,MODERATE,13.644543023894286,False,False,84.82794577685088
359606035.0,6,12.260037535960441,12.46687580769818,13.634997934091963,1.2309321683730474,10.242680511313203,2,4,0,0,0,4,0,0,0.6666666666666666,0.0,359606042.0,seat_type,MODERATE,seat_type,MODERATE,13.634997934091963,True,False,84.77580813347237
328110239.0,1,13.615815677588662,13.615815677588662,13.615815677588662,0.0,13.615815677588662,0,1,0,0,0,1,0,0,1.0,0.0,328110240.0,posture,MODERATE,posture,MODERATE,13.615815677588662,False,False,84.72367049009385
852118753.0,2,12.463117488319,12.463117488319,13.59238100740956,1.5970197841910394,11.33385396922844,1,1,0,0,0,1,0,0,0.5,0.0,852118755.0,belt_anchorage,MODERATE,belt_anchorage,MODERATE,13.59238100740956,False,False,84.67153284671532
651128427.0,2,11.780035159533808,11.780035159533808,13.582215797013076,2.5486682993693703,9.97785452205454,1,1,0,0,0,1,0,0,0.5,0.0,651003304.0,seat_track_position,MODERATE,seat_performance,MODERATE,13.582215797013076,False,False,84.61939520333681
556168784.0,2,10.594612094644479,10.594612094644479,13.581196584649325,4.223668290937986,7.608027604639634,1,1,0,0,0,1,0,0,0.5,0.0,556168787.0,seat_track_position,MODERATE,belt_anchorage,MODERATE,13.581196584649325,False,False,84.56725755995829
349221615.0,2,10.728057922407197,10.728057922407197,13.577997220765605,4.030422807678523,7.878118624048789,1,1,0,0,0,1,0,0,0.5,0.0,349221618.0,seat_track_position,MODERATE,seat_track_position,MODERATE,13.577997220765605,False,False,84.51511991657978
556145412.0,1,13.57742882803575,13.57742882803575,13.57742882803575,0.0,13.57742882803575,0,1,0,0,0,1,0,0,1.0,0.0,556145414.0,seat_track_position,MODERATE,seat_track_position,MODERATE,13.57742882803575,False,False,84.46298227320125
897010861.0,1,13.576342846483158,13.576342846483158,13.576342846483158,0.0,13.576342846483158,0,1,0,0,0,1,0,0,1.0,0.0,897010862.0,seat_performance,MODERATE,seat_performance,MODERATE,13.576342846483158,False,False,84.41084462982273
347718649.0,1,13.571584637791783,13.571584637791783,13.571584637791783,0.0,13.571584637791783,0,1,0,0,0,1,0,0,1.0,0.0,347718651.0,posture,MODERATE,posture,MODERATE,13.571584637791783,False,False,84.3587069864442
359861795.0,2,10.849140234755758,10.849140234755758,13.561367893566285,3.8356691393332754,8.13691257594523,1,1,0,0,0,1,0,0,0.5,0.0,359861798.0,seat_type,MODERATE,seat_type,MODERATE,13.561367893566285,False,False,84.30656934306569
341229106.0,1,13.558817341717909,13.558817341717909,13.558817341717909,0.0,13.558817341717909,0,1,0,0,0,1,0,0,1.0,0.0,341229108.0,seat_performance,MODERATE,seat_performance,MODERATE,13.558817341717909,False,False,84.25443169968717
433336220.0,2,9.863049114439622,9.863049114439622,13.53360310140715,5.190947229792116,6.1924951274720925,1,1,0,0,0,1,0,0,0.5,0.0,433336224.0,seat_performance,MODERATE,seat_track_position,MODERATE,13.53360310140715,False,False,84.20229405630866
554127627.0,1,13.52356125269214,13.52356125269214,13.52356125269214,0.0,13.52356125269214,0,1,0,0,0,1,0,0,1.0,0.0,554127628.0,belt_anchorage,MODERATE,belt_anchorage,MODERATE,13.52356125269214,False,False,84.15015641293013
651130470.0,2,10.461683596076023,10.461683596076023,13.520159379400909,4.32533793296773,7.403207812751137,1,1,0,0,0,1,0,0,0.5,0.0,651130474.0,posture,MODERATE,belt_anchorage,MODERATE,13.520159379400909,False,False,84.09801876955162
360210980.0,1,13.50847143855719,13.50847143855719,13.50847143855719,0.0,13.50847143855719,0,1,0,0,0,1,0,0,1.0,0.0,360210981.0,belt_anchorage,MODERATE,belt_anchorage,MODERATE,13.50847143855719,False,False,84.01981230448384
852148089.0,1,13.50847143855719,13.50847143855719,13.50847143855719,0.0,13.50847143855719,0,1,0,0,0,1,0,0,1.0,0.0,852148091.0,belt_anchorage,MODERATE,belt_anchorage,MODERATE,13.50847143855719,False,False,84.01981230448384
554141551.0,3,11.243026687992083,10.57634284648316,13.508273812097103,2.01633534490912,9.644463405395989,2,1,0,0,0,1,0,0,0.3333333333333333,0.0,554142492.0,seat_position,MODERATE,seat_performance,MODERATE,13.508273812097103,False,False,83.94160583941606
554141622.0,1,13.490670654001477,13.490670654001477,13.490670654001477,0.0,13.490670654001477,0,1,0,0,0,1,0,0,1.0,0.0,554141623.0,belt_anchorage,MODERATE,belt_anchorage,MODERATE,13.490670654001477,False,False,83.88946819603754
341236436.0,1,13.48386997648316,13.48386997648316,13.48386997648316,0.0,13.48386997648316,0,1,0,0,0,1,0,0,1.0,0.0,341236437.0,belt_anchorage,MODERATE,belt_anchorage,MODERATE,13.48386997648316,False,False,83.83733055265901
852181148.0,2,11.717895865495612,11.717895865495612,13.47767807406473,2.4887078661813264,9.958113656926493,1,1,0,0,0,1,0,0,0.5,0.0,852181150.0,seat_type,MODERATE,seat_type,MODERATE,13.47767807406473,False,False,83.78519290928051
134005287.0,1,13.468348064682512,13.468348064682512,13.468348064682512,0.0,13.468348064682512,0,1,0,0,0,1,0,0,1.0,0.0,897000704.0,seat_type,MODERATE,seat_type,MODERATE,13.468348064682512,False,False,83.73305526590198
651110112.0,1,13.46357744817342,13.46357744817342,13.46357744817342,0.0,13.46357744817342,0,1,0,0,0,1,0,0,1.0,0.0,651110113.0,posture,MODERATE,posture,MODERATE,13.46357744817342,False,False,83.68091762252347
556165340.0,3,11.098177943925306,10.703528102849466,13.44253677640192,2.1740666944256013,9.148468952524532,2,1,0,0,0,1,0,0,0.3333333333333333,0.0,556165342.0,seat_performance,MODERATE,seat_performance,MODERATE,13.44253677640192,False,False,83.62877997914494
556127629.0,1,13.433312399921794,13.433312399921794,13.433312399921794,0.0,13.433312399921794,0,1,0,0,0,1,0,0,1.0,0.0,556127630.0,belt_anchorage,MODERATE,belt_anchorage,MODERATE,13.433312399921794,False,False,83.57664233576642
791551158.0,3,9.854182104803739,10.715425665191376,13.425595911788784,4.070945122914083,5.421524737431055,2,1,0,0,0,1,0,0,0.3333333333333333,0.0,791551163.0,seat_performance,MODERATE,seat_track_position,MODERATE,13.425595911788784,False,False,83.52450469238791
550029501.0,1,13.4254257345907,13.4254257345907,13.4254257345907,0.0,13.4254257345907,0,1,0,0,0,1,0,0,1.0,0.0,550029507.0,seat_type,MODERATE,seat_type,MODERATE,13.4254257345907,False,False,83.44629822732013
897016644.0,1,13.4254257345907,13.4254257345907,13.4254257345907,0.0,13.4254257345907,0,1,0,0,0,1,0,0,1.0,0.0,897016645.0,seat_type,MODERATE,seat_type,MODERATE,13.4254257345907,False,False,83.44629822732013
341233653.0,2,10.304817848100175,10.304817848100175,13.403051076402043,4.38156345085948,7.2065846197983054,1,1,0,0,0,1,0,0,0.5,0.0,341233705.0,belt_anchorage,MODERATE,belt_anchorage,MODERATE,13.403051076402043,False,False,83.36809176225235
556132180.0,2,11.711114675838125,11.711114675838125,13.39387196100567,2.379778174866071,10.028357390670582,1,1,0,0,0,1,0,0,0.5,0.0,556132182.0,posture,MODERATE,posture,MODERATE,13.39387196100567,False,False,83.31595411887382
599009373.0,5,10.301686714597688,10.827312889154047,13.392163280458949,2.938432137687756,5.421524737431055,4,1,0,0,0,1,0,0,0.2,0.0,599009378.0,seat_position,MODERATE,seat_position,MODERATE,13.392163280458949,False,False,83.26381647549532
556124853.0,2,12.62363789584192,12.62363789584192,13.389885436255431,1.0836376637878125,11.85739035542841,0,2,0,0,0,2,0,0,1.0,0.0,556124855.0,seat_type,MODERATE,seat_type,MODERATE,13.389885436255431,True,False,83.18561001042752
556168972.0,1,13.389885436255431,13.389885436255431,13.389885436255431,0.0,13.389885436255431,0,1,0,0,0,1,0,0,1.0,0.0,556168973.0,seat_type,MODERATE,seat_type,MODERATE,13.389885436255431,False,False,83.18561001042752
347605283.0,1,13.383060219618782,13.383060219618782,13.383060219618782,0.0,13.383060219618782,0,1,0,0,0,1,0,0,1.0,0.0,347605284.0,seat_type,MODERATE,seat_type,MODERATE,13.383060219618782,False,False,83.10740354535974
651113536.0,2,11.6231120625985,11.6231120625985,13.376376792760826,2.4794907598259672,9.869847332436173,1,1,0,0,0,1,0,0,0.5,0.0,651113539.0,seat_track_position,MODERATE,seat_performance,MODERATE,13.376376792760826,False,False,83.05526590198123
558028014.0,5,8.827068251438215,7.673564224341288,13.36206367359327,2.918978968737112,6.1924951274720925,4,1,0,0,0,1,0,0,0.2,0.0,558028019.0,seat_position,MODERATE,seat_position,MODERATE,13.36206367359327,False,False,83.00312825860271
852121455.0,1,13.359890695957594,13.359890695957594,13.359890695957594,0.0,13.359890695957594,0,1,0,0,0,1,0,0,1.0,0.0,852121456.0,seat_type,MODERATE,seat_type,MODERATE,13.359890695957594,False,False,82.9509906152242
558036681.0,1,13.34182204934266,13.34182204934266,13.34182204934266,0.0,13.34182204934266,0,1,0,0,0,1,0,0,1.0,0.0,558036683.0,seat_track_position,MODERATE,seat_track_position,MODERATE,13.34182204934266,False,False,82.89885297184567
897005983.0,2,10.412590100831903,10.412590100831903,13.337961174568438,4.137099447452153,7.487219027095366,1,1,0,0,0,1,0,0,0.5,0.0,897005986.0,seat_performance,MODERATE,belt_use,MODERATE,13.337961174568438,False,False,82.84671532846716
325107852.0,2,12.39852324500568,12.39852324500568,13.32969355858484,1.3168736863428556,11.46735293142652,1,1,0,0,0,1,0,0,0.5,0.0,325107854.0,seat_track_position,MODERATE,seat_track_position,MODERATE,13.32969355858484,False,False,82.79457768508863
142545542.0,2,11.901801221686767,11.901801221686767,13.257917687367575,1.9178382979232675,10.545684756005958,1,1,0,0,0,1,0,0,0.5,0.0,142545545.0,posture,MODERATE,posture,MODERATE,13.257917687367575,False,False,82.74244004171013
349221804.0,4,11.992476847736086,12.53729050840488,13.257442344972528,1.636023850093888,9.637884029162054,1,3,0,0,0,3,0,0,0.75,0.0,349221806.0,seat_performance,MODERATE,seat_performance,MODERATE,13.257442344972528,True,False,82.6903023983316
341229582.0,1,13.251747058894429,13.251747058894429,13.251747058894429,0.0,13.251747058894429,0,1,0,0,0,1,0,0,1.0,0.0,341229583.0,seat_performance,MODERATE,seat_performance,MODERATE,13.251747058894429,False,False,82.61209593326382
556176832.0,1,13.251747058894429,13.251747058894429,13.251747058894429,0.0,13.251747058894429,0,1,0,0,0,1,0,0,1.0,0.0,556176834.0,seat_performance,MODERATE,seat_performance,MODERATE,13.251747058894429,False,False,82.61209593326382
556135268.0,1,13.225060801573116,13.225060801573116,13.225060801573116,0.0,13.225060801573116,0,1,0,0,0,1,0,0,1.0,0.0,556135269.0,belt_use,MODERATE,belt_use,MODERATE,13.225060801573116,False,False,82.53388946819604
314049873.0,4,9.407158432593365,9.442686196152989,13.21372941101806,3.352098619992305,5.529531927049421,3,1,0,0,0,1,0,0,0.25,0.0,314049876.0,seat_track_position,MODERATE,seat_track_position,MODERATE,13.21372941101806,False,False,82.48175182481752
556175829.0,4,10.563419692449575,10.12607499849338,13.200604214961627,2.0387118770431183,8.80092455784991,3,1,0,0,0,1,0,0,0.25,0.0,556175831.0,seat_type,MODERATE,seat_type,MODERATE,13.200604214961627,False,False,82.429614181439
556118573.0,1,13.174087704058689,13.174087704058689,13.174087704058689,0.0,13.174087704058689,0,1,0,0,0,1,0,0,1.0,0.0,556118575.0,belt_anchorage,MODERATE,belt_anchorage,MODERATE,13.174087704058689,False,False,82.37747653806048
852120393.0,2,12.165418802441028,12.165418802441028,13.169770859122504,1.4203682999562552,11.161066745759552,1,1,0,0,0,1,0,0,0.5,0.0,852120395.0,seat_type,MODERATE,seat_type,MODERATE,13.169770859122504,False,False,82.32533889468196
433375575.0,2,13.066129345344857,13.066129345344857,13.161066745759552,0.1342617592429068,12.971191944930162,0,2,0,0,0,2,0,0,1.0,0.0,433375579.0,seat_type,MODERATE,seat_type,MODERATE,13.161066745759552,True,False,82.27320125130345
651119300.0,4,11.095620593348444,11.036873162998841,13.148061936259875,1.8529949634969696,9.160674111136222,2,2,0,0,0,2,0,0,0.5,0.0,651002682.0,seat_performance,MODERATE,seat_position,MODERATE,13.148061936259875,True,False,82.22106360792493
314049863.0,4,12.192187157420376,12.96318767065062,13.124826749304583,1.6551462180748022,9.717546539075684,1,3,0,0,0,3,0,0,0.75,0.0,314049871.0,seat_performance,MODERATE,seat_performance,MODERATE,13.124826749304583,True,False,82.14285714285714
341214071.0,3,9.959687390742914,9.752470595014351,13.124826749304583,3.06678592725881,7.001764827909808,2,1,0,0,0,1,0,0,0.3333333333333333,0.0,341214074.0,seat_performance,MODERATE,seat_performance,MODERATE,13.124826749304583,False,False,82.14285714285714
650108373.0,2,11.815231675704933,11.815231675704933,13.121700667216407,1.8476261666154272,10.508762684193458,1,1,0,0,0,1,0,0,0.5,0.0,650110643.0,posture,MODERATE,posture,MODERATE,13.121700667216407,False,False,82.0385818561001
852134871.0,1,13.121700667216407,13.121700667216407,13.121700667216407,0.0,13.121700667216407,0,1,0,0,0,1,0,0,1.0,0.0,852134872.0,posture,MODERATE,posture,MODERATE,13.121700667216407,False,False,82.0385818561001
359520044.0,7,11.63780864570263,11.738745858929793,13.119799902424315,1.2953981377056334,9.484762659504865,4,3,0,0,0,3,0,0,0.42857142857142855,0.0,359520051.0,seat_position,MODERATE,seat_position,MODERATE,13.119799902424315,True,False,81.96037539103233
555117773.0,2,11.714517832636416,11.714517832636416,13.114778198121064,1.9802671997218964,10.314257467151768,1,1,0,0,0,1,0,0,0.5,0.0,555117776.0,seat_type,MODERATE,seat_type,MODERATE,13.114778198121064,False,False,81.90823774765381
852120714.0,1,13.104431263849175,13.104431263849175,13.104431263849175,0.0,13.104431263849175,0,1,0,0,0,1,0,0,1.0,0.0,852120716.0,seat_track_position,MODERATE,seat_track_position,MODERATE,13.104431263849175,False,False,81.85610010427528
360227919.0,1,13.102649245065017,13.102649245065017,13.102649245065017,0.0,13.102649245065017,0,1,0,0,0,1,0,0,1.0,0.0,360227921.0,seat_track_position,MODERATE,seat_track_position,MODERATE,13.102649245065017,False,False,81.80396246089676
852188940.0,1,13.084234103739234,13.084234103739234,13.084234103739234,0.0,13.084234103739234,0,1,0,0,0,1,0,0,1.0,0.0,852188943.0,belt_anchorage,MODERATE,belt_anchorage,MODERATE,13.084234103739234,False,False,81.75182481751825
852151461.0,1,13.077526445345356,13.077526445345356,13.077526445345356,0.0,13.077526445345356,0,1,0,0,0,1,0,0,1.0,0.0,852151462.0,seat_performance,MODERATE,seat_performance,MODERATE,13.077526445345356,False,False,81.69968717413973
341205084.0,1,13.06734689849464,13.06734689849464,13.06734689849464,0.0,13.06734689849464,0,1,0,0,0,1,0,0,1.0,0.0,341205086.0,belt_failure,MODERATE,belt_failure,MODERATE,13.06734689849464,False,False,81.62148070907195
795550983.0,1,13.06734689849464,13.06734689849464,13.06734689849464,0.0,13.06734689849464,0,1,0,0,0,1,0,0,1.0,0.0,795550985.0,belt_failure,MODERATE,belt_failure,MODERATE,13.06734689849464,False,False,81.62148070907195
325141902.0,1,13.062810358708369,13.062810358708369,13.062810358708369,0.0,13.062810358708369,0,1,0,0,0,1,0,0,1.0,0.0,325141904.0,seat_track_position,MODERATE,seat_track_position,MODERATE,13.062810358708369,False,False,81.54327424400417
344102309.0,1,13.062017856115135,13.062017856115135,13.062017856115135,0.0,13.062017856115135,0,1,0,0,0,1,0,0,1.0,0.0,344102312.0,seat_performance,MODERATE,seat_performance,MODERATE,13.062017856115135,False,False,81.49113660062565
328110451.0,4,9.244758581204554,8.863943248317568,13.058652700710988,2.8450552928108843,6.1924951274720925,3,1,0,0,0,1,0,0,0.25,0.0,328110454.0,seat_performance,MODERATE,seat_position,MODERATE,13.058652700710988,False,False,81.43899895724714
599000011.0,4,10.642115780557454,10.923794054275923,13.056146985345489,2.7395679919675846,7.66472802833248,2,2,0,0,0,2,0,0,0.5,0.0,599004588.0,seat_position,MODERATE,belt_anchorage,MODERATE,13.056146985345489,True,False,81.38686131386861
341235514.0,1,13.051575685735916,13.051575685735916,13.051575685735916,0.0,13.051575685735916,0,1,0,0,0,1,0,0,1.0,0.0,341235515.0,seat_performance,MODERATE,seat_performance,MODERATE,13.051575685735916,False,False,81.33472367049009
556119331.0,2,12.146325973515914,12.146325973515914,13.04721491430843,1.2740493582607084,11.245437032723398,1,1,0,0,0,1,0,0,0.5,0.0,556119334.0,seat_type,MODERATE,belt_anchorage,MODERATE,13.04721491430843,False,False,81.28258602711156
852147521.0,1,13.022640067108748,13.022640067108748,13.022640067108748,0.0,13.022640067108748,0,1,0,0,0,1,0,0,1.0,0.0,852147523.0,posture,MODERATE,posture,MODERATE,13.022640067108748,False,False,81.23044838373306
556126366.0,3,11.8268177708643,12.975216333555371,13.01550605458109,2.024076829358157,9.489730924456437,1,2,0,0,0,2,0,0,0.6666666666666666,0.0,556126371.0,seat_performance,MODERATE,seat_track_position,MODERATE,13.01550605458109,True,False,81.15224191866528
339109493.0,2,10.623939644384947,10.623939644384947,13.01550605458109,3.3821856526153233,8.232373234188803,1,1,0,0,0,1,0,0,0.5,0.0,339109495.0,seat_performance,MODERATE,seat_type,MODERATE,13.01550605458109,False,False,81.15224191866528
360412446.0,1,13.01469718529286,13.01469718529286,13.01469718529286,0.0,13.01469718529286,0,1,0,0,0,1,0,0,1.0,0.0,360412447.0,seat_type,MODERATE,seat_type,MODERATE,13.01469718529286,False,False,81.07403545359749
385084441.0,3,12.008546431309531,12.008122922527564,13.009393448873462,1.0006353303901294,11.008122922527564,1,2,0,0,0,2,0,0,0.6666666666666666,0.0,385084444.0,seat_track_position,MODERATE,seat_track_position,MODERATE,13.009393448873462,True,False,81.02189781021897
325119718.0,1,13.003746885732316,13.003746885732316,13.003746885732316,0.0,13.003746885732316,0,1,0,0,0,1,0,0,1.0,0.0,325119719.0,seat_type,MODERATE,seat_type,MODERATE,13.003746885732316,False,False,80.94369134515121
561113172.0,2,12.38119063681405,12.38119063681405,13.003746885732316,0.8804274905603295,11.758634387895787,1,1,0,0,0,1,0,0,0.5,0.0,561113173.0,seat_type,MODERATE,seat_type,MODERATE,13.003746885732316,False,False,80.94369134515121
142464026.0,2,9.884473926473325,9.884473926473325,12.998953565466804,4.4045393451994395,6.769994287479846,1,1,0,0,0,1,0,0,0.5,0.0,142473253.0,posture,MODERATE,posture,MODERATE,12.998953565466804,False,False,80.86548488008341
433395727.0,1,12.975709646961066,12.975709646961066,12.975709646961066,0.0,12.975709646961066,0,1,0,0,0,1,0,0,1.0,0.0,433395729.0,seat_performance,MODERATE,seat_performance,MODERATE,12.975709646961066,False,False,80.8133472367049
852135224.0,1,12.96389717511782,12.96389717511782,12.96389717511782,0.0,12.96389717511782,0,1,0,0,0,1,0,0,1.0,0.0,852135226.0,seat_type,MODERATE,seat_type,MODERATE,12.96389717511782,False,False,80.76120959332638
360227923.0,2,12.187508748476837,12.187508748476837,12.960374305898643,1.0929969531969614,11.41464319105503,1,1,0,0,0,1,0,0,0.5,0.0,360227924.0,posture,MODERATE,posture,MODERATE,12.960374305898643,False,False,80.70907194994787
852145373.0,5,9.859251324530312,9.119753408527693,12.939919288922155,2.2079827995153396,7.403207812751137,4,1,0,0,0,1,0,0,0.2,0.0,852145383.0,posture,MODERATE,seat_position,MODERATE,12.939919288922155,False,False,80.65693430656934
328076722.0,1,12.91978568653095,12.91978568653095,12.91978568653095,0.0,12.91978568653095,0,1,0,0,0,1,0,0,1.0,0.0,328076723.0,seat_type,MODERATE,seat_type,MODERATE,12.91978568653095,False,False,80.60479666319083
324394037.0,3,12.10049428621221,12.626211700839765,12.919280831611095,1.1735589259802217,10.755990326185769,1,2,0,0,0,2,0,0,0.6666666666666666,0.0,324394061.0,seat_position,MODERATE,belt_anchorage,MODERATE,12.919280831611095,True,False,80.5526590198123
561164555.0,1,12.917001389689965,12.917001389689965,12.917001389689965,0.0,12.917001389689965,0,1,0,0,0,1,0,0,1.0,0.0,561164556.0,seat_track_position,MODERATE,seat_track_position,MODERATE,12.917001389689965,False,False,80.50052137643378
360227916.0,1,12.905668563881807,12.905668563881807,12.905668563881807,0.0,12.905668563881807,0,1,0,0,0,1,0,0,1.0,0.0,360227917.0,seat_performance,MODERATE,seat_performance,MODERATE,12.905668563881807,False,False,80.44838373305527
349181957.0,1,12.904474742192344,12.904474742192344,12.904474742192344,0.0,12.904474742192344,0,1,0,0,0,1,0,0,1.0,0.0,349181960.0,seat_track_position,MODERATE,seat_track_position,MODERATE,12.904474742192344,False,False,80.39624608967675
425637804.0,3,12.453994272841308,12.845272675513693,12.88774783115444,0.7148141976747361,11.628962311855798,1,2,0,0,0,2,0,0,0.6666666666666666,0.0,425638415.0,seat_performance,MODERATE,seat_performance,MODERATE,12.88774783115444,True,False,80.34410844629822
558036752.0,2,10.324952687652207,10.324952687652207,12.883649093972297,3.618543159813171,7.766256281332116,1,1,0,0,0,1,0,0,0.5,0.0,558036755.0,seat_performance,MODERATE,seat_type,MODERATE,12.883649093972297,False,False,80.26590198123044
734093850.0,2,10.324952687652207,10.324952687652207,12.883649093972297,3.618543159813171,7.766256281332116,1,1,0,0,0,1,0,0,0.5,0.0,734093853.0,seat_performance,MODERATE,seat_type,MODERATE,12.883649093972297,False,False,80.26590198123044
325144000.0,1,12.857990566819868,12.857990566819868,12.857990566819868,0.0,12.857990566819868,0,1,0,0,0,1,0,0,1.0,0.0,325144002.0,seat_track_position,MODERATE,seat_track_position,MODERATE,12.857990566819868,False,False,80.18769551616268
556142996.0,3,10.204202017269527,11.562574177108004,12.857536747228483,3.534059442304191,6.1924951274720925,2,1,0,0,0,1,0,0,0.3333333333333333,0.0,556143000.0,seat_position,MODERATE,seat_position,MODERATE,12.857536747228483,False,False,80.1094890510949
599001024.0,2,10.462250496308359,10.462250496308359,12.857536747228483,3.3874463018170444,8.066964245388235,1,1,0,0,0,1,0,0,0.5,0.0,599001222.0,seat_position,MODERATE,seat_track_position,MODERATE,12.857536747228483,False,False,80.1094890510949
651129117.0,1,12.855726224191518,12.855726224191518,12.855726224191518,0.0,12.855726224191518,0,1,0,0,0,1,0,0,1.0,0.0,651129119.0,seat_performance,MODERATE,seat_performance,MODERATE,12.855726224191518,False,False,80.0312825860271
599027986.0,6,10.329847482824142,10.630027821183663,12.85383290882249,2.7515983121240684,5.9309749118907495,3,3,0,0,0,3,0,0,0.5,0.0,599028816.0,seat_performance,MODERATE,seat_position,MODERATE,12.85383290882249,True,False,79.97914494264859
561167934.0,2,11.16359872946435,11.16359872946435,12.83664792836877,2.366048867608072,9.49054953055993,1,1,0,0,0,1,0,0,0.5,0.0,561167936.0,seat_track_position,MODERATE,seat_type,MODERATE,12.83664792836877,False,False,79.92700729927007
651134501.0,2,11.316282973784318,11.316282973784318,12.82764301203436,2.137385863721929,9.804922935534275,1,1,0,0,0,1,0,0,0.5,0.0,651140552.0,seat_type,MODERATE,seat_type,MODERATE,12.82764301203436,False,False,79.87486965589156
852114287.0,3,10.934094796331484,12.167178297734234,12.827176570647996,2.727376290209501,7.807929520612227,1,2,0,0,0,2,0,0,0.6666666666666666,0.0,852114290.0,seat_position,MODERATE,seat_performance,MODERATE,12.827176570647996,True,False,79.82273201251303
339354597.0,2,11.466635129981738,11.466635129981738,12.818645123663854,1.912030869529212,10.11462513629962,1,1,0,0,0,1,0,0,0.5,0.0,339354600.0,seat_position,MODERATE,belt_anchorage,MODERATE,12.818645123663854,False,False,79.77059436913451
599012754.0,6,9.986581649585618,9.788999542723982,12.814468025336597,2.4973494412488626,6.1924951274720925,4,2,0,0,0,2,0,0,0.3333333333333333,0.0,599012760.0,seat_position,MODERATE,seat_position,MODERATE,12.814468025336597,True,False,79.718456725756
650108367.0,2,11.01458218899364,11.01458218899364,12.80540771686868,2.532609749364842,9.223756661118596,1,1,0,0,0,1,0,0,0.5,0.0,650108369.0,posture,MODERATE,posture,MODERATE,12.80540771686868,False,False,79.66631908237748
556146104.0,2,11.51219428826991,11.51219428826991,12.80467553863049,1.8278445133728665,10.219713037909331,1,1,0,0,0,1,0,0,0.5,0.0,556146106.0,seat_type,MODERATE,seat_type,MODERATE,12.80467553863049,False,False,79.61418143899895
349185106.0,1,12.800795165238323,12.800795165238323,12.800795165238323,0.0,12.800795165238323,0,1,0,0,0,1,0,0,1.0,0.0,349185107.0,seat_track_position,MODERATE,seat_track_position,MODERATE,12.800795165238323,False,False,79.56204379562044
795855041.0,5,10.384456118826225,10.661870308952253,12.797871807536954,2.514642559714788,6.1924951274720925,4,1,0,0,0,1,0,0,0.2,0.0,324897675.0,seat_position,MODERATE,seat_position,MODERATE,12.797871807536954,False,False,79.50990615224191
554145616.0,1,12.780507632404342,12.780507632404342,12.780507632404342,0.0,12.780507632404342,0,1,0,0,0,1,0,0,1.0,0.0,554145617.0,seat_performance,MODERATE,seat_performance,MODERATE,12.780507632404342,False,False,79.4577685088634
328108050.0,1,12.780250816870298,12.780250816870298,12.780250816870298,0.0,12.780250816870298,0,1,0,0,0,1,0,0,1.0,0.0,328108051.0,seat_track_position,MODERATE,seat_track_position,MODERATE,12.780250816870298,False,False,79.40563086548488
328106126.0,1,12.778224890114544,12.778224890114544,12.778224890114544,0.0,12.778224890114544,0,1,0,0,0,1,0,0,1.0,0.0,328106129.0,seat_type,MODERATE,seat_type,MODERATE,12.778224890114544,False,False,79.3274244004171
781132203.0,1,12.778224890114544,12.778224890114544,12.778224890114544,0.0,12.778224890114544,0,1,0,0,0,1,0,0,1.0,0.0,781132205.0,seat_type,MODERATE,seat_type,MODERATE,12.778224890114544,False,False,79.3274244004171
550030047.0,1,12.776440228129252,12.776440228129252,12.776440228129252,0.0,12.776440228129252,0,1,0,0,0,1,0,0,1.0,0.0,550030128.0,seat_performance,MODERATE,seat_performance,MODERATE,12.776440228129252,False,False,79.24921793534932
852152351.0,2,12.635105646774395,12.635105646774395,12.759504419096588,0.17592643096060828,12.510706874452202,0,2,0,0,0,2,0,0,1.0,0.0,852152353.0,seat_type,MODERATE,seat_type,MODERATE,12.759504419096588,True,False,79.1970802919708
360210983.0,3,11.206751699817795,12.483010973754068,12.752823912218926,2.447930967065732,8.384420213480396,1,2,0,0,0,2,0,0,0.6666666666666666,0.0,360210984.0,seat_track_position,MODERATE,seat_track_position,MODERATE,12.752823912218926,True,False,79.14494264859229
134005305.0,1,12.73453360764288,12.73453360764288,12.73453360764288,0.0,12.73453360764288,0,1,0,0,0,1,0,0,1.0,0.0,134007674.0,seat_type,MODERATE,seat_type,MODERATE,12.73453360764288,False,False,79.0667361835245
142669049.0,1,12.73453360764288,12.73453360764288,12.73453360764288,0.0,12.73453360764288,0,1,0,0,0,1,0,0,1.0,0.0,142669050.0,seat_type,MODERATE,seat_type,MODERATE,12.73453360764288,False,False,79.0667361835245
591142481.0,5,11.008942748708627,10.724264849205952,12.733024436981031,1.0553339139186693,10.016395652415785,4,1,0,0,0,1,0,0,0.2,0.0,651145403.0,seat_performance,MODERATE,seat_position,MODERATE,12.733024436981031,False,False,78.98852971845672
651119333.0,1,12.728107338483444,12.728107338483444,12.728107338483444,0.0,12.728107338483444,0,1,0,0,0,1,0,0,1.0,0.0,651119334.0,seat_type,MODERATE,seat_type,MODERATE,12.728107338483444,False,False,78.9363920750782
550025804.0,3,8.754036730747686,7.345976098231382,12.723638966539584,3.485819275332411,6.1924951274720925,2,1,0,0,0,1,0,0,0.3333333333333333,0.0,550025809.0,seat_position,MODERATE,seat_position,MODERATE,12.723638966539584,False,False,78.88425443169969
160128420.0,6,10.20410691332331,11.308605069989122,12.703290321147785,2.4126979566454834,6.878001477098212,5,1,0,0,0,1,0,0,0.16666666666666666,0.0,554129085.0,seat_position,MODERATE,seat_position,MODERATE,12.703290321147785,False,False,78.83211678832117
142774707.0,2,10.834362427919032,10.834362427919032,12.702560562686578,2.6420311393883815,8.966164293151488,1,1,0,0,0,1,0,0,0.5,0.0,142774711.0,posture,MODERATE,posture,MODERATE,12.702560562686578,False,False,78.75391032325338
531415108.0,1,12.702560562686578,12.702560562686578,12.702560562686578,0.0,12.702560562686578,0,1,0,0,0,1,0,0,1.0,0.0,531415110.0,posture,MODERATE,posture,MODERATE,12.702560562686578,False,False,78.75391032325338
554148865.0,4,9.377561869456063,9.022980701849889,12.69429178664463,2.689077370061606,6.769994287479846,3,1,0,0,0,1,0,0,0.25,0.0,554148955.0,seat_position,MODERATE,seat_position,MODERATE,12.69429178664463,False,False,78.67570385818561
134005308.0,1,12.686278439035656,12.686278439035656,12.686278439035656,0.0,12.686278439035656,0,1,0,0,0,1,0,0,1.0,0.0,134007675.0,seat_type,MODERATE,seat_type,MODERATE,12.686278439035656,False,False,78.6235662148071
347742195.0,2,12.468301608081,12.468301608081,12.671106625157089,0.28680960566631175,12.265496591004911,0,2,0,0,0,2,0,0,1.0,0.0,347742198.0,seat_performance,MODERATE,seat_performance,MODERATE,12.671106625157089,True,False,78.5453597497393
339315270.0,2,10.821910733467078,10.821910733467078,12.671106625157089,2.6151579095126234,8.972714841777066,1,1,0,0,0,1,0,0,0.5,0.0,339315273.0,seat_performance,MODERATE,seat_performance,MODERATE,12.671106625157089,False,False,78.5453597497393
897003307.0,2,11.08612543452884,11.08612543452884,12.671087935249997,2.2414754643726353,9.501162933807684,1,1,0,0,0,1,0,0,0.5,0.0,897001005.0,seat_track_position,MODERATE,seat_track_position,MODERATE,12.671087935249997,False,False,78.46715328467153
591149903.0,2,11.445018094958229,11.445018094958229,12.670323152007128,1.7328430297228914,10.219713037909331,1,1,0,0,0,1,0,0,0.5,0.0,591149907.0,seat_type,MODERATE,seat_type,MODERATE,12.670323152007128,False,False,78.41501564129302
339344240.0,1,12.6694763200156,12.6694763200156,12.6694763200156,0.0,12.6694763200156,0,1,0,0,0,1,0,0,1.0,0.0,339344241.0,seat_performance,MODERATE,seat_performance,MODERATE,12.6694763200156,False,False,78.3628779979145
341223413.0,1,12.665684532116588,12.665684532116588,12.665684532116588,0.0,12.665684532116588,0,1,0,0,0,1,0,0,1.0,0.0,341223414.0,seat_performance,MODERATE,seat_performance,MODERATE,12.665684532116588,False,False,78.31074035453598
795682069.0,1,12.663890820520836,12.663890820520836,12.663890820520836,0.0,12.663890820520836,0,1,0,0,0,1,0,0,1.0,0.0,795682071.0,posture,MODERATE,posture,MODERATE,12.663890820520836,False,False,78.23253388946819
852139688.0,3,10.599364861647397,9.852006268565267,12.663890820520836,1.8104891840358508,9.28219749585609,2,1,0,0,0,1,0,0,0.3333333333333333,0.0,852139689.0,posture,MODERATE,posture,MODERATE,12.663890820520836,False,False,78.23253388946819
110162943.0,2,9.042194520986431,9.042194520986431,12.66286430454181,5.120400312778473,5.421524737431055,1,1,0,0,0,1,0,0,0.5,0.0,110162979.0,seat_position,MODERATE,seat_track_position,MODERATE,12.66286430454181,False,False,78.15432742440042
556172327.0,1,12.6582390505934,12.6582390505934,12.6582390505934,0.0,12.6582390505934,0,1,0,0,0,1,0,0,1.0,0.0,556172328.0,posture,MODERATE,posture,MODERATE,12.6582390505934,False,False,78.1021897810219
360252619.0,4,10.048574861856842,9.942034792220515,12.636665638645049,2.57743441644872,7.673564224341288,2,2,0,0,0,2,0,0,0.5,0.0,360252622.0,seat_performance,MODERATE,seat_performance,MODERATE,12.636665638645049,True,False,78.02398331595411
556119098.0,1,12.636665638645049,12.636665638645049,12.636665638645049,0.0,12.636665638645049,0,1,0,0,0,1,0,0,1.0,0.0,556119100.0,seat_performance,MODERATE,seat_performance,MODERATE,12.636665638645049,False,False,78.02398331595411
359700280.0,1,12.628717989355255,12.628717989355255,12.628717989355255,0.0,12.628717989355255,0,1,0,0,0,1,0,0,1.0,0.0,359700309.0,seat_performance,MODERATE,seat_performance,MODERATE,12.628717989355255,False,False,77.94577685088633
852117767.0,2,11.237996738538005,11.237996738538005,12.612424249391951,1.9437340263483467,9.863569227684057,1,1,0,0,0,1,0,0,0.5,0.0,852117770.0,seat_type,MODERATE,seat_type,MODERATE,12.612424249391951,False,False,77.89363920750783
599000021.0,2,12.586923976551123,12.586923976551123,12.61227785759188,0.035855802426634796,12.561570095510364,0,2,0,0,0,2,0,0,1.0,0.0,599000143.0,seat_type,MODERATE,posture,MODERATE,12.61227785759188,True,False,77.8415015641293
556173412.0,1,12.606768748970298,12.606768748970298,12.606768748970298,0.0,12.606768748970298,0,1,0,0,0,1,0,0,1.0,0.0,556173413.0,posture,MODERATE,posture,MODERATE,12.606768748970298,False,False,77.78936392075079
341308179.0,3,9.668527477363343,11.010558412509944,12.573499282149031,3.7601157223204345,5.421524737431055,2,1,0,0,0,1,0,0,0.3333333333333333,0.0,341308183.0,seat_performance,MODERATE,seat_performance,MODERATE,12.573499282149031,False,False,77.73722627737226
792824816.0,2,10.113613839851379,10.113613839851379,12.56249965137028,3.4632475273530714,7.66472802833248,1,1,0,0,0,1,0,0,0.5,0.0,792824821.0,seat_performance,MODERATE,belt_anchorage,MODERATE,12.56249965137028,False,False,77.65901981230449
852141023.0,2,10.710438637473548,10.710438637473548,12.56249965137028,2.6192098041952234,8.858377623576816,1,1,0,0,0,1,0,0,0.5,0.0,852141026.0,seat_performance,MODERATE,seat_performance,MODERATE,12.56249965137028,False,False,77.65901981230449
796486269.0,1,12.561570095510364,12.561570095510364,12.561570095510364,0.0,12.561570095510364,0,1,0,0,0,1,0,0,1.0,0.0,796486270.0,posture,MODERATE,posture,MODERATE,12.561570095510364,False,False,77.55474452554745
852125335.0,2,10.734533953370072,10.734533953370072,12.561570095510364,2.583819291160618,8.907497811229781,1,1,0,0,0,1,0,0,0.5,0.0,852125338.0,posture,MODERATE,posture,MODERATE,12.561570095510364,False,False,77.55474452554745
852121458.0,1,12.554301329076164,12.554301329076164,12.554301329076164,0.0,12.554301329076164,0,1,0,0,0,1,0,0,1.0,0.0,852121459.0,seat_performance,MODERATE,seat_performance,MODERATE,12.554301329076164,False,False,77.47653806047967
339330240.0,2,12.073725272393531,12.073725272393531,12.550843688917304,0.674747335505896,11.596606855869757,1,1,0,0,0,1,0,0,0.5,0.0,339330242.0,posture,MODERATE,posture,MODERATE,12.550843688917304,False,False,77.42440041710114
325121806.0,2,11.536033802941876,11.536033802941876,12.5384645044766,1.417651093449584,10.53360310140715,1,1,0,0,0,1,0,0,0.5,0.0,325121808.0,belt_use,MODERATE,belt_use,MODERATE,12.5384645044766,False,False,77.34619395203337
360363735.0,1,12.5384645044766,12.5384645044766,12.5384645044766,0.0,12.5384645044766,0,1,0,0,0,1,0,0,1.0,0.0,360363737.0,belt_use,MODERATE,belt_use,MODERATE,12.5384645044766,False,False,77.34619395203337
651128422.0,2,10.017972925117874,10.017972925117874,12.533685645442803,3.5577550481180267,7.502260204792947,1,1,0,0,0,1,0,0,0.5,0.0,651003305.0,belt_anchorage,MODERATE,belt_anchorage,MODERATE,12.533685645442803,False,False,77.26798748696558
599028391.0,3,10.570224721815515,9.95582387458214,12.526871105847617,1.7331440439679404,9.227979185016787,2,1,0,0,0,1,0,0,0.3333333333333333,0.0,599035326.0,posture,MODERATE,posture,MODERATE,12.526871105847617,False,False,77.21584984358707
897022049.0,1,12.518840371582884,12.518840371582884,12.518840371582884,0.0,12.518840371582884,0,1,0,0,0,1,0,0,1.0,0.0,897022050.0,seat_performance,MODERATE,seat_performance,MODERATE,12.518840371582884,False,False,77.16371220020855
852146322.0,3,10.31901094447486,9.644463405395989,12.51164487017868,1.945153489044078,8.80092455784991,2,1,0,0,0,1,0,0,0.3333333333333333,0.0,852146325.0,seat_performance,MODERATE,seat_performance,MODERATE,12.51164487017868,False,False,77.11157455683004
556144402.0,1,12.508718213244627,12.508718213244627,12.508718213244627,0.0,12.508718213244627,0,1,0,0,0,1,0,0,1.0,0.0,556144404.0,posture,MODERATE,posture,MODERATE,12.508718213244627,False,False,77.0594369134515
852125402.0,2,9.898559853907638,9.898559853907638,12.49967929491083,3.6785383908190363,7.297440412904448,1,1,0,0,0,1,0,0,0.5,0.0,852125404.0,seat_performance,MODERATE,belt_anchorage,MODERATE,12.49967929491083,False,False,77.00729927007299
359669454.0,2,11.081361608377332,11.081361608377332,12.49290078441202,1.9962178465692002,9.669822432342643,1,1,0,0,0,1,0,0,0.5,0.0,359669458.0,belt_anchorage,MODERATE,belt_anchorage,MODERATE,12.49290078441202,False,False,76.95516162669446
554153759.0,2,12.259921268435548,12.259921268435548,12.49054953055993,0.3261576161628383,12.029293006311166,0,2,0,0,0,2,0,0,1.0,0.0,554153831.0,seat_performance,MODERATE,seat_performance,MODERATE,12.49054953055993,True,False,76.8769551616267
360210971.0,1,12.49054953055993,12.49054953055993,12.49054953055993,0.0,12.49054953055993,0,1,0,0,0,1,0,0,1.0,0.0,360210972.0,seat_performance,MODERATE,seat_performance,MODERATE,12.49054953055993,False,False,76.8769551616267
341216294.0,3,10.764323468274489,10.57634284648316,12.488648373323514,1.6384423775403278,9.227979185016787,2,1,0,0,0,1,0,0,0.3333333333333333,0.0,341216297.0,seat_performance,MODERATE,seat_performance,MODERATE,12.488648373323514,False,False,76.79874869655892
349175974.0,3,11.022551529839035,12.200223402282642,12.483010973754068,2.2890598145109275,8.384420213480396,1,2,0,0,0,2,0,0,0.6666666666666666,0.0,349175977.0,seat_track_position,MODERATE,seat_track_position,MODERATE,12.483010973754068,True,False,76.74661105318039
651148830.0,1,12.478209987490247,12.478209987490247,12.478209987490247,0.0,12.478209987490247,0,1,0,0,0,1,0,0,1.0,0.0,651148831.0,seat_type,MODERATE,seat_type,MODERATE,12.478209987490247,False,False,76.69447340980187
349207428.0,3,9.780871924699928,9.489730924456437,12.466366562040204,2.552408065796373,7.386518287603142,2,1,0,0,0,1,0,0,0.3333333333333333,0.0,349207436.0,belt_anchorage,MODERATE,seat_performance,MODERATE,12.466366562040204,False,False,76.64233576642336
347896029.0,3,11.806508106494578,11.55636721250792,12.458792987912943,0.5699850085742993,11.40436411906287,2,1,0,0,0,1,0,0,0.3333333333333333,0.0,347896031.0,seat_performance,MODERATE,seat_type,MODERATE,12.458792987912943,False,False,76.59019812304484
556139060.0,2,11.156050478044635,11.156050478044635,12.448531728405214,1.8278445133728665,9.863569227684057,1,1,0,0,0,1,0,0,0.5,0.0,556139063.0,seat_type,MODERATE,seat_type,MODERATE,12.448531728405214,False,False,76.53806047966631
556120686.0,2,11.942654604692592,11.942654604692592,12.430543553859934,0.6899791688444138,11.454765655525248,1,1,0,0,0,1,0,0,0.5,0.0,556120688.0,seat_type,MODERATE,posture,MODERATE,12.430543553859934,False,False,76.4859228362878
599027842.0,3,8.382349588363454,6.999605691776187,12.430242750888477,3.563736827299032,5.717200322425695,2,1,0,0,0,1,0,0,0.3333333333333333,0.0,599031947.0,seat_position,MODERATE,seat_position,MODERATE,12.430242750888477,False,False,76.43378519290927
599035565.0,2,10.553460616746461,10.553460616746461,12.426225233109852,2.6484891195935534,8.68069600038307,1,1,0,0,0,1,0,0,0.5,0.0,599035569.0,belt_use,MODERATE,posture,MODERATE,12.426225233109852,False,False,76.38164754953077
360412453.0,1,12.40780905919414,12.40780905919414,12.40780905919414,0.0,12.40780905919414,0,1,0,0,0,1,0,0,1.0,0.0,360412456.0,seat_performance,MODERATE,seat_performance,MODERATE,12.40780905919414,False,False,76.32950990615224
550026301.0,4,10.238005149948611,9.99630115544224,12.40436411906287,1.8497258916482666,8.555054169847097,3,1,0,0,0,1,0,0,0.25,0.0,550026414.0,seat_type,MODERATE,belt_anchorage,MODERATE,12.40436411906287,False,False,76.27737226277372
558030920.0,2,10.489202365218755,10.489202365218755,12.398558948182572,2.7002379750337777,8.57984578225494,1,1,0,0,0,1,0,0,0.5,0.0,558030921.0,seat_track_position,MODERATE,seat_track_position,MODERATE,12.398558948182572,False,False,76.2252346193952
561167486.0,1,12.391303850025208,12.391303850025208,12.391303850025208,0.0,12.391303850025208,0,1,0,0,0,1,0,0,1.0,0.0,561167489.0,belt_use,MODERATE,belt_use,MODERATE,12.391303850025208,False,False,76.17309697601668
852137971.0,1,12.36357574276545,12.36357574276545,12.36357574276545,0.0,12.36357574276545,0,1,0,0,0,1,0,0,1.0,0.0,852137972.0,seat_type,MODERATE,seat_type,MODERATE,12.36357574276545,False,False,76.12095933263817
347533804.0,3,8.577098589788546,7.551131469120578,12.354956788201,3.3836168225564203,5.825207512044061,2,1,0,0,0,1,0,0,0.3333333333333333,0.0,878535439.0,seat_performance,MODERATE,seat_track_position,MODERATE,12.354956788201,False,False,76.06882168925965
556174458.0,1,12.346365941574176,12.346365941574176,12.346365941574176,0.0,12.346365941574176,0,1,0,0,0,1,0,0,1.0,0.0,556174459.0,posture,MODERATE,posture,MODERATE,12.346365941574176,False,False,76.01668404588112
347834561.0,1,12.323405304289915,12.323405304289915,12.323405304289915,0.0,12.323405304289915,0,1,0,0,0,1,0,0,1.0,0.0,347834562.0,seat_type,MODERATE,seat_type,MODERATE,12.323405304289915,False,False,75.88633993743483
357336199.0,1,12.323405304289915,12.323405304289915,12.323405304289915,0.0,12.323405304289915,0,1,0,0,0,1,0,0,1.0,0.0,357336200.0,seat_type,MODERATE,seat_type,MODERATE,12.323405304289915,False,False,75.88633993743483
359786082.0,1,12.323405304289915,12.323405304289915,12.323405304289915,0.0,12.323405304289915,0,1,0,0,0,1,0,0,1.0,0.0,359786083.0,seat_type,MODERATE,seat_type,MODERATE,12.323405304289915,False,False,75.88633993743483
360230985.0,1,12.323405304289915,12.323405304289915,12.323405304289915,0.0,12.323405304289915,0,1,0,0,0,1,0,0,1.0,0.0,360230987.0,seat_type,MODERATE,seat_type,MODERATE,12.323405304289915,False,False,75.88633993743483
110162468.0,4,10.518090187579453,12.016034248028472,12.32309193183517,3.2088916815530886,5.717200322425695,1,3,0,0,0,3,0,0,0.75,0.0,110162473.0,seat_position,MODERATE,seat_track_position,MODERATE,12.32309193183517,True,False,75.75599582898853
651119274.0,2,9.824545275481631,9.824545275481631,12.30311445273188,3.5052261457472254,7.345976098231382,1,1,0,0,0,1,0,0,0.5,0.0,651119277.0,posture,MODERATE,posture,MODERATE,12.30311445273188,False,False,75.70385818561
599027184.0,3,8.516459621609796,7.345976098231382,12.272427854707257,3.3288181259065945,5.9309749118907495,2,1,0,0,0,1,0,0,0.3333333333333333,0.0,599029386.0,seat_position,MODERATE,seat_position,MODERATE,12.272427854707257,False,False,75.65172054223149
360324934.0,1,12.265496591004911,12.265496591004911,12.265496591004911,0.0,12.265496591004911,0,1,0,0,0,1,0,0,1.0,0.0,360324936.0,seat_performance,MODERATE,seat_performance,MODERATE,12.265496591004911,False,False,75.59958289885297
339115932.0,3,9.693078276766647,9.090431175044897,12.260618552417622,2.3255377637502677,7.7281851028374176,2,1,0,0,0,1,0,0,0.3333333333333333,0.0,339115935.0,seat_track_position,MODERATE,seat_type,MODERATE,12.260618552417622,False,False,75.54744525547446
591142468.0,3,10.30780369064692,11.1605323147302,12.26061855241762,2.4911549772847477,7.502260204792947,2,1,0,0,0,1,0,0,0.3333333333333333,0.0,651144388.0,seat_track_position,MODERATE,belt_anchorage,MODERATE,12.26061855241762,False,False,75.49530761209593
328076693.0,2,11.494849354948082,11.494849354948082,12.251685427647612,1.070327838504865,10.738013282248552,1,1,0,0,0,1,0,0,0.5,0.0,328076695.0,seat_track_position,MODERATE,seat_type,MODERATE,12.251685427647612,False,False,75.44316996871741
359465378.0,3,10.016806359252932,10.307034216968436,12.24885938356885,2.390417720881979,7.494525477221508,2,1,0,0,0,1,0,0,0.3333333333333333,0.0,359465383.0,seat_type,MODERATE,seat_performance,MODERATE,12.24885938356885,False,False,75.36496350364963
556159414.0,3,8.295334730670943,7.107612881394555,12.24885938356885,3.513595417861931,5.529531927049421,2,1,0,0,0,1,0,0,0.3333333333333333,0.0,556160290.0,seat_type,MODERATE,seat_track_position,MODERATE,12.24885938356885,False,False,75.36496350364963
651136630.0,2,11.891267305960561,11.891267305960561,12.21996043481312,0.46484228068213396,11.562574177108004,1,1,0,0,0,1,0,0,0.5,0.0,651136632.0,seat_track_position,MODERATE,seat_track_position,MODERATE,12.21996043481312,False,False,75.2606882168926
897000711.0,1,12.21996043481312,12.21996043481312,12.21996043481312,0.0,12.21996043481312,0,1,0,0,0,1,0,0,1.0,0.0,897000176.0,seat_type,MODERATE,seat_type,MODERATE,12.21996043481312,False,False,75.2606882168926
599005919.0,3,9.542826692876503,9.023028790980266,12.202243474898102,2.4413783434263907,7.403207812751137,2,1,0,0,0,1,0,0,0.3333333333333333,0.0,599005923.0,seat_position,MODERATE,belt_anchorage,MODERATE,12.202243474898102,False,False,75.18248175182481
852183215.0,2,9.844601501789604,9.844601501789604,12.201983976483843,3.333842267413242,7.487219027095366,1,1,0,0,0,1,0,0,0.5,0.0,852183218.0,seat_performance,MODERATE,belt_use,MODERATE,12.201983976483843,False,False,75.1303441084463
328100781.0,1,12.200223402282642,12.200223402282642,12.200223402282642,0.0,12.200223402282642,0,1,0,0,0,1,0,0,1.0,0.0,328100784.0,seat_track_position,MODERATE,seat_track_position,MODERATE,12.200223402282642,False,False,75.05213764337853
328100787.0,1,12.200223402282642,12.200223402282642,12.200223402282642,0.0,12.200223402282642,0,1,0,0,0,1,0,0,1.0,0.0,328100788.0,seat_track_position,MODERATE,seat_track_position,MODERATE,12.200223402282642,False,False,75.05213764337853
852114292.0,1,12.195107263113512,12.195107263113512,12.195107263113512,0.0,12.195107263113512,0,1,0,0,0,1,0,0,1.0,0.0,852114294.0,posture,MODERATE,posture,MODERATE,12.195107263113512,False,False,74.97393117831074
142458734.0,2,12.14661270742459,12.14661270742459,12.180787388320022,0.04833029721209354,12.112438026529157,0,2,0,0,0,2,0,0,1.0,0.0,142458735.0,posture,MODERATE,posture,MODERATE,12.180787388320022,True,False,74.84358706986444
344087968.0,1,12.180787388320022,12.180787388320022,12.180787388320022,0.0,12.180787388320022,0,1,0,0,0,1,0,0,1.0,0.0,344087969.0,posture,MODERATE,posture,MODERATE,12.180787388320022,False,False,74.84358706986444
795710373.0,1,12.180787388320022,12.180787388320022,12.180787388320022,0.0,12.180787388320022,0,1,0,0,0,1,0,0,1.0,0.0,795710381.0,posture,MODERATE,posture,MODERATE,12.180787388320022,False,False,74.84358706986444
795762528.0,1,12.180787388320022,12.180787388320022,12.180787388320022,0.0,12.180787388320022,0,1,0,0,0,1,0,0,1.0,0.0,795762530.0,posture,MODERATE,posture,MODERATE,12.180787388320022,False,False,74.84358706986444
556158033.0,3,11.030202031140504,10.888577115312138,12.17281222342316,1.078792656623567,10.029216754686216,2,1,0,0,0,1,0,0,0.3333333333333333,0.0,556158036.0,seat_performance,MODERATE,seat_position,MODERATE,12.17281222342316,False,False,74.71324296141815
558042739.0,1,12.169770859122504,12.169770859122504,12.169770859122504,0.0,12.169770859122504,0,1,0,0,0,1,0,0,1.0,0.0,558042742.0,seat_type,MODERATE,seat_type,MODERATE,12.169770859122504,False,False,74.66110531803962
852133852.0,2,12.077261490781183,12.077261490781183,12.150142016056051,0.10306862727659424,12.004380965506314,0,2,0,0,0,2,0,0,1.0,0.0,852133854.0,seat_type,MODERATE,seat_type,MODERATE,12.150142016056051,True,False,74.6089676746611
357380516.0,1,12.143090287430272,12.143090287430272,12.143090287430272,0.0,12.143090287430272,0,1,0,0,0,1,0,0,1.0,0.0,357380519.0,seat_track_position,MODERATE,seat_track_position,MODERATE,12.143090287430272,False,False,74.53076120959332
795663754.0,1,12.143090287430272,12.143090287430272,12.143090287430272,0.0,12.143090287430272,0,1,0,0,0,1,0,0,1.0,0.0,795663758.0,seat_track_position,MODERATE,seat_track_position,MODERATE,12.143090287430272,False,False,74.53076120959332
852133847.0,1,12.137917432976977,12.137917432976977,12.137917432976977,0.0,12.137917432976977,0,1,0,0,0,1,0,0,1.0,0.0,852133850.0,seat_performance,MODERATE,seat_performance,MODERATE,12.137917432976977,False,False,74.45255474452554
349215955.0,3,8.82495802681678,8.928522593714705,12.124826749304583,3.3528508288074033,5.421524737431055,2,1,0,0,0,1,0,0,0.3333333333333333,0.0,349215959.0,seat_position,MODERATE,seat_track_position,MODERATE,12.124826749304583,False,False,74.40041710114703
349195739.0,2,10.09276492375827,10.09276492375827,12.118565602128308,2.8649147940155224,8.066964245388235,1,1,0,0,0,1,0,0,0.5,0.0,349195743.0,seat_track_position,MODERATE,seat_track_position,MODERATE,12.118565602128308,False,False,74.34827945776851
341228799.0,1,12.117922451415543,12.117922451415543,12.117922451415543,0.0,12.117922451415543,0,1,0,0,0,1,0,0,1.0,0.0,341228801.0,posture,MODERATE,posture,MODERATE,12.117922451415543,False,False,74.29614181439
347780340.0,1,12.099963610146574,12.099963610146574,12.099963610146574,0.0,12.099963610146574,0,1,0,0,0,1,0,0,1.0,0.0,347780343.0,posture,MODERATE,posture,MODERATE,12.099963610146574,False,False,74.24400417101147
359806983.0,3,9.043898784882467,7.688404608616671,12.09731564779935,2.649873624390426,7.345976098231382,2,1,0,0,0,1,0,0,0.3333333333333333,0.0,359806987.0,seat_position,MODERATE,seat_position,MODERATE,12.09731564779935,False,False,74.19186652763295
344062933.0,2,11.535667221446557,11.535667221446557,12.094508856476082,0.7903214194775097,10.976825586417032,1,1,0,0,0,1,0,0,0.5,0.0,344062935.0,seat_type,MODERATE,seat_type,MODERATE,12.094508856476082,False,False,74.13972888425442
556138175.0,1,12.09223975377262,12.09223975377262,12.09223975377262,0.0,12.09223975377262,0,1,0,0,0,1,0,0,1.0,0.0,556138177.0,seat_performance,MODERATE,seat_performance,MODERATE,12.09223975377262,False,False,74.08759124087592
877885195.0,1,12.089836441428782,12.089836441428782,12.089836441428782,0.0,12.089836441428782,0,1,0,0,0,1,0,0,1.0,0.0,877885202.0,seat_type,MODERATE,seat_type,MODERATE,12.089836441428782,False,False,74.0354535974974
341233372.0,1,12.080722031395432,12.080722031395432,12.080722031395432,0.0,12.080722031395432,0,1,0,0,0,1,0,0,1.0,0.0,341233373.0,seat_performance,MODERATE,seat_performance,MODERATE,12.080722031395432,False,False,73.98331595411888
556127928.0,2,11.017781517203112,11.017781517203112,12.060057526001376,1.4740008673786051,9.975505508404847,1,1,0,0,0,1,0,0,0.5,0.0,556127930.0,seat_position,MODERATE,posture,MODERATE,12.060057526001376,False,False,73.93117831074035
360235915.0,1,12.056214305626453,12.056214305626453,12.056214305626453,0.0,12.056214305626453,0,1,0,0,0,1,0,0,1.0,0.0,360235917.0,seat_type,MODERATE,seat_type,MODERATE,12.056214305626453,False,False,73.87904066736183
433646865.0,1,12.050035433370809,12.050035433370809,12.050035433370809,0.0,12.050035433370809,0,1,0,0,0,1,0,0,1.0,0.0,433646866.0,seat_type,MODERATE,seat_type,MODERATE,12.050035433370809,False,False,73.82690302398332
550038596.0,1,12.036962438624313,12.036962438624313,12.036962438624313,0.0,12.036962438624313,0,1,0,0,0,1,0,0,1.0,0.0,558040366.0,posture,MODERATE,posture,MODERATE,12.036962438624313,False,False,73.7747653806048
554157453.0,1,12.036098245378504,12.036098245378504,12.036098245378504,0.0,12.036098245378504,0,1,0,0,0,1,0,0,1.0,0.0,701158031.0,belt_anchorage,MODERATE,belt_anchorage,MODERATE,12.036098245378504,False,False,73.72262773722628
344057667.0,1,12.018969596079607,12.018969596079607,12.018969596079607,0.0,12.018969596079607,0,1,0,0,0,1,0,0,1.0,0.0,344057669.0,belt_anchorage,MODERATE,belt_anchorage,MODERATE,12.018969596079607,False,False,73.6444212721585
795861218.0,1,12.018969596079607,12.018969596079607,12.018969596079607,0.0,12.018969596079607,0,1,0,0,0,1,0,0,1.0,0.0,795861219.0,belt_anchorage,MODERATE,belt_anchorage,MODERATE,12.018969596079607,False,False,73.6444212721585
852114297.0,1,12.017917656866343,12.017917656866343,12.017917656866343,0.0,12.017917656866343,0,1,0,0,0,1,0,0,1.0,0.0,852114299.0,posture,MODERATE,posture,MODERATE,12.017917656866343,False,False,73.56621480709073
651114478.0,2,9.795477915754125,9.795477915754125,12.010558412509944,3.1325968802602127,7.580397418998305,1,1,0,0,0,1,0,0,0.5,0.0,651114480.0,seat_performance,MODERATE,seat_performance,MODERATE,12.010558412509944,False,False,73.48800834202294
897003301.0,4,9.111205030724607,9.452364891669532,12.010558412509944,2.6793187601983317,5.529531927049421,3,1,0,0,0,1,0,0,0.25,0.0,897000826.0,seat_performance,MODERATE,seat_position,MODERATE,12.010558412509944,False,False,73.48800834202294
561099113.0,3,10.284814588713461,11.008122922527566,12.008122922527564,2.177027753322662,7.838197921085253,2,1,0,0,0,1,0,0,0.3333333333333333,0.0,561099117.0,seat_track_position,MODERATE,seat_track_position,MODERATE,12.008122922527564,False,False,73.40980187695516
599002915.0,4,10.7258727891049,10.76428095103693,12.00583600226754,1.084484023823271,9.3690932520782,3,1,0,0,0,1,0,0,0.25,0.0,599000090.0,seat_performance,MODERATE,seat_type,MODERATE,12.00583600226754,False,False,73.35766423357664
852131777.0,1,12.004548596365051,12.004548596365051,12.004548596365051,0.0,12.004548596365051,0,1,0,0,0,1,0,0,1.0,0.0,852131778.0,seat_type,MODERATE,seat_type,MODERATE,12.004548596365051,False,False,73.30552659019813
344085483.0,1,12.004380965506314,12.004380965506314,12.004380965506314,0.0,12.004380965506314,0,1,0,0,0,1,0,0,1.0,0.0,344085485.0,seat_type,MODERATE,seat_type,MODERATE,12.004380965506314,False,False,73.22732012513035
347777658.0,1,12.004380965506314,12.004380965506314,12.004380965506314,0.0,12.004380965506314,0,1,0,0,0,1,0,0,1.0,0.0,347777659.0,seat_type,MODERATE,seat_type,MODERATE,12.004380965506314,False,False,73.22732012513035
347082720.0,1,12.000617311450991,12.000617311450991,12.000617311450991,0.0,12.000617311450991,0,1,0,0,0,1,0,0,1.0,0.0,328082979.0,seat_type,MODERATE,seat_type,MODERATE,12.000617311450991,False,False,73.14911366006257
852123452.0,6,9.027126982521075,8.509912033987053,11.992466327314592,1.760875815091619,7.502260204792947,5,1,0,0,0,1,0,0,0.16666666666666666,0.0,852123458.0,seat_position,MODERATE,seat_position,MODERATE,11.992466327314592,False,False,73.09697601668404
349195695.0,2,11.303026944014402,11.303026944014402,11.99132445008754,0.9733996680362089,10.614729437941264,1,1,0,0,0,1,0,0,0.5,0.0,349195697.0,posture,MODERATE,posture,MODERATE,11.99132445008754,False,False,73.04483837330554
324109283.0,1,11.98909425421576,11.98909425421576,11.98909425421576,0.0,11.98909425421576,0,1,0,0,0,1,0,0,1.0,0.0,324109318.0,belt_anchorage,MODERATE,belt_anchorage,MODERATE,11.98909425421576,False,False,72.99270072992701
599006954.0,3,9.971145304922127,9.074171482769854,11.980886808419708,1.743828383349949,8.858377623576816,2,1,0,0,0,1,0,0,0.3333333333333333,0.0,599006958.0,seat_type,MODERATE,seat_performance,MODERATE,11.980886808419708,False,False,72.9405630865485
558029624.0,3,9.041644104712796,8.0404938463268,11.976825586417032,2.5843828028347184,7.107612881394555,2,1,0,0,0,1,0,0,0.3333333333333333,0.0,558029663.0,seat_track_position,MODERATE,seat_performance,MODERATE,11.976825586417032,False,False,72.88842544316996
852128381.0,2,11.33460810968674,11.33460810968674,11.97665852577645,0.9079964061613561,10.692557693597031,1,1,0,0,0,1,0,0,0.5,0.0,852128382.0,posture,MODERATE,posture,MODERATE,11.97665852577645,False,False,72.83628779979145
344102324.0,1,11.975709646961066,11.975709646961066,11.975709646961066,0.0,11.975709646961066,0,1,0,0,0,1,0,0,1.0,0.0,344102326.0,seat_performance,MODERATE,seat_performance,MODERATE,11.975709646961066,False,False,72.75808133472367
852148086.0,1,11.975709646961066,11.975709646961066,11.975709646961066,0.0,11.975709646961066,0,1,0,0,0,1,0,0,1.0,0.0,852148087.0,seat_performance,MODERATE,seat_performance,MODERATE,11.975709646961066,False,False,72.75808133472367
359551209.0,1,11.972714841777066,11.972714841777066,11.972714841777066,0.0,11.972714841777066,0,1,0,0,0,1,0,0,1.0,0.0,359551211.0,seat_performance,MODERATE,seat_performance,MODERATE,11.972714841777066,False,False,72.67987486965589
349193378.0,1,11.953293534595913,11.953293534595913,11.953293534595913,0.0,11.953293534595913,0,1,0,0,0,1,0,0,1.0,0.0,349193379.0,seat_performance,MODERATE,seat_performance,MODERATE,11.953293534595913,False,False,72.62773722627736
349172416.0,2,10.321499251551598,10.321499251551598,11.939919288922155,2.2887915664658127,8.703079214181042,1,1,0,0,0,1,0,0,0.5,0.0,349172418.0,posture,MODERATE,belt_anchorage,MODERATE,11.939919288922155,False,False,72.5495307612096
897010905.0,2,8.680722013176606,8.680722013176606,11.939919288922155,4.609200989808801,5.421524737431055,1,1,0,0,0,1,0,0,0.5,0.0,897010907.0,posture,MODERATE,seat_track_position,MODERATE,11.939919288922155,False,False,72.5495307612096
328077183.0,1,11.93397812218633,11.93397812218633,11.93397812218633,0.0,11.93397812218633,0,1,0,0,0,1,0,0,1.0,0.0,328077185.0,posture,MODERATE,posture,MODERATE,11.93397812218633,False,False,72.47132429614182
344087974.0,1,11.927476627958775,11.927476627958775,11.927476627958775,0.0,11.927476627958775,0,1,0,0,0,1,0,0,1.0,0.0,344087976.0,seat_type,MODERATE,seat_type,MODERATE,11.927476627958775,False,False,72.41918665276329
328108198.0,3,10.885028358511237,11.084859931621487,11.918787078056887,1.1468074725042652,9.65143806585534,2,1,0,0,0,1,0,0,0.3333333333333333,0.0,328108201.0,posture,MODERATE,seat_performance,MODERATE,11.918787078056887,False,False,72.34098018769551
650105449.0,2,10.062136940896032,10.062136940896032,11.918787078056887,2.6256998045547473,8.205486803735178,1,1,0,0,0,1,0,0,0.5,0.0,651108008.0,posture,MODERATE,posture,MODERATE,11.918787078056887,False,False,72.34098018769551
791786282.0,1,11.917943755518625,11.917943755518625,11.917943755518625,0.0,11.917943755518625,0,1,0,0,0,1,0,0,1.0,0.0,791786283.0,seat_performance,MODERATE,seat_performance,MODERATE,11.917943755518625,False,False,72.26277372262774
142509603.0,3,10.4756448984739,11.514781464728223,11.915357953699637,2.1560697960207698,7.99679527699384,2,1,0,0,0,1,0,0,0.3333333333333333,0.0,142509605.0,seat_type,MODERATE,belt_anchorage,MODERATE,11.915357953699637,False,False,72.1584984358707
852144823.0,3,9.684166537207906,9.586010188803504,11.915357953699637,2.1837683493732545,7.551131469120578,2,1,0,0,0,1,0,0,0.3333333333333333,0.0,852144826.0,seat_type,MODERATE,seat_type,MODERATE,11.915357953699637,False,False,72.1584984358707
852154578.0,2,11.326685617974094,11.326685617974094,11.915357953699637,0.8325084009769098,10.738013282248552,1,1,0,0,0,1,0,0,0.5,0.0,852156517.0,seat_type,MODERATE,seat_type,MODERATE,11.915357953699637,False,False,72.1584984358707
325135028.0,2,11.240338898111851,11.240338898111851,11.914401485470052,0.9532684529302662,10.56627631075365,1,1,0,0,0,1,0,0,0.5,0.0,325135030.0,belt_anchorage,MODERATE,belt_anchorage,MODERATE,11.914401485470052,False,False,72.0281543274244
360252628.0,2,8.869804498757055,8.869804498757055,11.914401485470052,4.305710350569775,5.825207512044061,1,1,0,0,0,1,0,0,0.5,0.0,360252630.0,belt_anchorage,MODERATE,seat_track_position,MODERATE,11.914401485470052,False,False,72.0281543274244
734096527.0,2,9.600792152402445,9.600792152402445,11.90414389190044,3.2574312689137255,7.297440412904448,1,1,0,0,0,1,0,0,0.5,0.0,734096703.0,seat_track_position,MODERATE,belt_anchorage,MODERATE,11.90414389190044,False,False,71.94994786235662
339368103.0,2,10.287036351684097,10.287036351684097,11.893376702985126,2.2717083105970755,8.68069600038307,1,1,0,0,0,1,0,0,0.5,0.0,339368105.0,belt_anchorage,MODERATE,posture,MODERATE,11.893376702985126,False,False,71.84567257559958
349198977.0,2,8.65745072020809,8.65745072020809,11.893376702985126,4.57629041167877,5.421524737431055,1,1,0,0,0,1,0,0,0.5,0.0,349198982.0,belt_anchorage,MODERATE,seat_track_position,MODERATE,11.893376702985126,False,False,71.84567257559958
556170115.0,2,8.80528851270541,8.80528851270541,11.893376702985126,4.367216200497761,5.717200322425695,1,1,0,0,0,1,0,0,0.5,0.0,556170123.0,belt_anchorage,MODERATE,seat_track_position,MODERATE,11.893376702985126,False,False,71.84567257559958
897005966.0,2,9.824952687652207,9.824952687652207,11.883649093972297,2.9114363786266235,7.766256281332116,1,1,0,0,0,1,0,0,0.5,0.0,897005973.0,seat_performance,MODERATE,seat_type,MODERATE,11.883649093972297,False,False,71.71532846715328
897022201.0,2,10.434709224783813,10.434709224783813,11.883649093972297,2.0491104140694536,8.985769355595327,1,1,0,0,0,1,0,0,0.5,0.0,897022203.0,seat_performance,MODERATE,seat_type,MODERATE,11.883649093972297,False,False,71.71532846715328
852199994.0,1,11.87393266779808,11.87393266779808,11.87393266779808,0.0,11.87393266779808,0,1,0,0,0,1,0,0,1.0,0.0,852199996.0,seat_track_position,MODERATE,seat_track_position,MODERATE,11.87393266779808,False,False,71.6371220020855
344057676.0,1,11.872591092950772,11.872591092950772,11.872591092950772,0.0,11.872591092950772,0,1,0,0,0,1,0,0,1.0,0.0,344057678.0,seat_type,MODERATE,seat_type,MODERATE,11.872591092950772,False,False,71.58498435870698
328111711.0,1,11.861125241135984,11.861125241135984,11.861125241135984,0.0,11.861125241135984,0,1,0,0,0,1,0,0,1.0,0.0,328111713.0,seat_performance,MODERATE,seat_performance,MODERATE,11.861125241135984,False,False,71.53284671532847
556141561.0,1,11.841592748023674,11.841592748023674,11.841592748023674,0.0,11.841592748023674,0,1,0,0,0,1,0,0,1.0,0.0,556141562.0,posture,MODERATE,posture,MODERATE,11.841592748023674,False,False,71.4546402502607
556172183.0,1,11.841592748023674,11.841592748023674,11.841592748023674,0.0,11.841592748023674,0,1,0,0,0,1,0,0,1.0,0.0,556172184.0,posture,MODERATE,posture,MODERATE,11.841592748023674,False,False,71.4546402502607
385084439.0,4,9.783614931347474,9.871347422600845,11.840633411067628,2.133276546029238,7.551131469120578,3,1,0,0,0,1,0,0,0.25,0.0,385084445.0,seat_track_position,MODERATE,seat_position,MODERATE,11.840633411067628,False,False,71.35036496350365
558027256.0,3,9.11287504386112,7.946860251395154,11.840633411067628,2.3705800133467267,7.551131469120578,2,1,0,0,0,1,0,0,0.3333333333333333,0.0,558027259.0,seat_track_position,MODERATE,belt_use,MODERATE,11.840633411067628,False,False,71.35036496350365
852181436.0,1,11.82432334465644,11.82432334465644,11.82432334465644,0.0,11.82432334465644,0,1,0,0,0,1,0,0,1.0,0.0,852181437.0,seat_track_position,MODERATE,seat_track_position,MODERATE,11.82432334465644,False,False,71.27215849843587
341233652.0,2,9.877004963020827,9.877004963020827,11.8071496746465,2.729636828523733,7.946860251395154,1,1,0,0,0,1,0,0,0.5,0.0,341233703.0,seat_track_position,MODERATE,belt_use,MODERATE,11.8071496746465,False,False,71.19395203336809
651110107.0,3,9.654848365026544,9.090431175044897,11.8071496746465,1.9329179585717138,8.066964245388235,2,1,0,0,0,1,0,0,0.3333333333333333,0.0,651001913.0,seat_track_position,MODERATE,seat_track_position,MODERATE,11.8071496746465,False,False,71.19395203336809
433397344.0,1,11.80510015112155,11.80510015112155,11.80510015112155,0.0,11.80510015112155,0,1,0,0,0,1,0,0,1.0,0.0,433397345.0,belt_anchorage,MODERATE,belt_anchorage,MODERATE,11.80510015112155,False,False,71.11574556830031
852126418.0,1,11.792318577918312,11.792318577918312,11.792318577918312,0.0,11.792318577918312,0,1,0,0,0,1,0,0,1.0,0.0,852126421.0,seat_type,MODERATE,seat_type,MODERATE,11.792318577918312,False,False,71.0636079249218
359687315.0,3,9.766301916356618,11.68994640601603,11.785991620781438,3.415365221392186,5.822967722272384,2,1,0,0,0,1,0,0,0.3333333333333333,0.0,359687318.0,seat_position,MODERATE,seat_position,MODERATE,11.785991620781438,False,False,70.98540145985402
599037066.0,3,11.404650436348675,11.68994640601603,11.785991620781438,0.579318558514972,10.738013282248552,2,1,0,0,0,1,0,0,0.3333333333333333,0.0,599037069.0,seat_position,MODERATE,seat_position,MODERATE,11.785991620781438,False,False,70.98540145985402
897016638.0,2,11.31823835098497,11.31823835098497,11.78568478650719,0.6610690887984851,10.850791915462748,2,0,0,0,0,0,0,0,0.0,0.0,897016640.0,posture,BASELINE,belt_anchorage,BASELINE,11.78568478650719,False,False,70.90719499478624
325112350.0,1,11.774679276012474,11.774679276012474,11.774679276012474,0.0,11.774679276012474,1,0,0,0,0,0,0,0,0.0,0.0,325112352.0,seat_performance,BASELINE,seat_performance,BASELINE,11.774679276012474,False,False,70.85505735140771
360233633.0,3,10.826286781163615,11.722540079089123,11.770550908806392,1.5941156028682242,8.985769355595327,3,0,0,0,0,0,0,0,0.0,0.0,361235107.0,seat_position,BASELINE,seat_type,BASELINE,11.770550908806392,False,False,70.8029197080292
339115018.0,2,11.513183295074839,11.513183295074839,11.768448902782096,0.3610000844270136,11.25791768736758,2,0,0,0,0,0,0,0,0.0,0.0,339115020.0,belt_anchorage,BASELINE,belt_anchorage,BASELINE,11.768448902782096,False,False,70.72471324296143
556127271.0,1,11.768448902782096,11.768448902782096,11.768448902782096,0.0,11.768448902782096,1,0,0,0,0,0,0,0,0.0,0.0,556127273.0,belt_anchorage,BASELINE,belt_anchorage,BASELINE,11.768448902782096,False,False,70.72471324296143
897010901.0,2,9.647184350870933,9.647184350870933,11.754297792380765,2.979908406441852,7.5400709093611,2,0,0,0,0,0,0,0,0.0,0.0,897001836.0,seat_track_position,BASELINE,belt_use,BASELINE,11.754297792380765,False,False,70.64650677789363
359834353.0,1,11.753583936393724,11.753583936393724,11.753583936393724,0.0,11.753583936393724,1,0,0,0,0,0,0,0,0.0,0.0,359834356.0,seat_type,BASELINE,seat_type,BASELINE,11.753583936393724,False,False,70.59436913451512
651113548.0,1,11.752823912218926,11.752823912218926,11.752823912218926,0.0,11.752823912218926,1,0,0,0,0,0,0,0,0.0,0.0,651113550.0,seat_track_position,BASELINE,seat_track_position,BASELINE,11.752823912218926,False,False,70.51616266944734
852149290.0,1,11.752823912218926,11.752823912218926,11.752823912218926,0.0,11.752823912218926,1,0,0,0,0,0,0,0,0.0,0.0,852149292.0,seat_track_position,BASELINE,seat_track_position,BASELINE,11.752823912218926,False,False,70.51616266944734
360218749.0,1,11.740377693289137,11.740377693289137,11.740377693289137,0.0,11.740377693289137,1,0,0,0,0,0,0,0,0.0,0.0,360218750.0,seat_track_position,BASELINE,seat_track_position,BASELINE,11.740377693289137,False,False,70.4118873826903
556151468.0,1,11.740377693289137,11.740377693289137,11.740377693289137,0.0,11.740377693289137,1,0,0,0,0,0,0,0,0.0,0.0,556151470.0,seat_track_position,BASELINE,seat_track_position,BASELINE,11.740377693289137,False,False,70.4118873826903
852194545.0,2,11.212512148982725,11.212512148982725,11.738745858929793,0.7442068495850539,10.686278439035656,2,0,0,0,0,0,0,0,0.0,0.0,852195829.0,seat_type,BASELINE,seat_type,BASELINE,11.738745858929793,False,False,70.33368091762252
142476549.0,3,8.370356230955709,7.551131469120578,11.736969501474164,3.040921105340177,5.822967722272384,3,0,0,0,0,0,0,0,0.0,0.0,142476552.0,seat_performance,BASELINE,seat_track_position,BASELINE,11.736969501474164,False,False,70.281543274244
897003355.0,2,10.746061252474494,10.746061252474494,11.736249325713796,1.400337402475105,9.755873179235191,2,0,0,0,0,0,0,0,0.0,0.0,3356.0,belt_anchorage,BASELINE,belt_anchorage,BASELINE,11.736249325713796,False,False,70.22940563086549
325101035.0,2,8.963357008965112,8.963357008965112,11.734218890458129,3.918590452270058,6.1924951274720925,2,0,0,0,0,0,0,0,0.0,0.0,325101037.0,seat_track_position,BASELINE,seat_track_position,BASELINE,11.734218890458129,False,False,70.1511991657977
550041162.0,2,10.623472818822659,10.623472818822659,11.734218890458129,1.57083215885952,9.512726747187187,2,0,0,0,0,0,0,0,0.0,0.0,734041435.0,seat_track_position,BASELINE,seat_performance,BASELINE,11.734218890458129,False,False,70.1511991657977
325111211.0,1,11.733585558405307,11.733585558405307,11.733585558405307,0.0,11.733585558405307,1,0,0,0,0,0,0,0,0.0,0.0,325111213.0,posture,BASELINE,posture,BASELINE,11.733585558405307,False,False,70.02085505735141
360227907.0,3,9.753052017103954,9.852006268565267,11.733585558405307,2.0318187089835176,7.673564224341288,3,0,0,0,0,0,0,0,0.0,0.0,360227908.0,posture,BASELINE,posture,BASELINE,11.733585558405307,False,False,70.02085505735141
556151476.0,1,11.733585558405307,11.733585558405307,11.733585558405307,0.0,11.733585558405307,1,0,0,0,0,0,0,0,0.0,0.0,556151478.0,posture,BASELINE,posture,BASELINE,11.733585558405307,False,False,70.02085505735141
556132560.0,3,10.11017495895049,9.3690932520782,11.73345243975648,1.4075690497270592,9.227979185016787,3,0,0,0,0,0,0,0,0.0,0.0,556132564.0,seat_position,BASELINE,belt_anchorage,BASELINE,11.73345243975648,False,False,69.91657977059437
349193398.0,2,11.373918899435544,11.373918899435544,11.722540079089123,0.4930248003965996,11.025297719781964,2,0,0,0,0,0,0,0,0.0,0.0,349193400.0,seat_type,BASELINE,seat_type,BASELINE,11.722540079089123,False,False,69.86444212721585
556132474.0,3,9.154892580434463,9.927108330585297,11.714601688445708,3.0207740020444365,5.822967722272384,3,0,0,0,0,0,0,0,0.0,0.0,556132477.0,posture,BASELINE,seat_track_position,BASELINE,11.714601688445708,False,False,69.81230448383732
852116806.0,1,11.703290321147785,11.703290321147785,11.703290321147785,0.0,11.703290321147785,1,0,0,0,0,0,0,0,0.0,0.0,852116808.0,seat_type,BASELINE,seat_type,BASELINE,11.703290321147785,False,False,69.76016684045881
556126832.0,1,11.701976389594735,11.701976389594735,11.701976389594735,0.0,11.701976389594735,1,0,0,0,0,0,0,0,0.0,0.0,556126833.0,belt_anchorage,BASELINE,belt_anchorage,BASELINE,11.701976389594735,False,False,69.7080291970803
556173862.0,1,11.697115519875643,11.697115519875643,11.697115519875643,0.0,11.697115519875643,1,0,0,0,0,0,0,0,0.0,0.0,556173863.0,posture,BASELINE,posture,BASELINE,11.697115519875643,False,False,69.65589155370178
556118885.0,2,10.430719685595749,10.430719685595749,11.693577959693728,1.7859512985844421,9.16786141149777,2,0,0,0,0,0,0,0,0.0,0.0,556118888.0,seat_type,BASELINE,seat_track_position,BASELINE,11.693577959693728,False,False,69.60375391032325
556147318.0,1,11.692769090405497,11.692769090405497,11.692769090405497,0.0,11.692769090405497,1,0,0,0,0,0,0,0,0.0,0.0,556147319.0,seat_type,BASELINE,seat_type,BASELINE,11.692769090405497,False,False,69.52554744525547
791586727.0,1,11.692769090405497,11.692769090405497,11.692769090405497,0.0,11.692769090405497,1,0,0,0,0,0,0,0,0.0,0.0,791592971.0,seat_type,BASELINE,seat_type,BASELINE,11.692769090405497,False,False,69.52554744525547
556124275.0,3,10.451072572406234,10.307034216968436,11.692717919371576,1.1762591813303866,9.353465580878687,3,0,0,0,0,0,0,0,0.0,0.0,556124277.0,seat_performance,BASELINE,seat_performance,BASELINE,11.692717919371576,False,False,69.4473409801877
599000076.0,2,8.887217171934878,8.887217171934878,11.68994640601603,3.963657694497122,6.084487937853726,2,0,0,0,0,0,0,0,0.0,0.0,599000110.0,seat_position,BASELINE,seat_track_position,BASELINE,11.68994640601603,False,False,69.39520333680917
341226353.0,2,11.255168469357784,11.255168469357784,11.676515054425558,0.5958740550624356,10.833821884290009,2,0,0,0,0,0,0,0,0.0,0.0,341226355.0,seat_type,BASELINE,seat_type,BASELINE,11.676515054425558,False,False,69.3169968717414
554134249.0,1,11.676515054425558,11.676515054425558,11.676515054425558,0.0,11.676515054425558,1,0,0,0,0,0,0,0,0.0,0.0,554134251.0,seat_type,BASELINE,seat_type,BASELINE,11.676515054425558,False,False,69.3169968717414
361657539.0,3,8.28227988732397,7.345976098231382,11.675656051696466,3.035528886023339,5.825207512044061,3,0,0,0,0,0,0,0,0.0,0.0,361657545.0,seat_type,BASELINE,seat_track_position,BASELINE,11.675656051696466,False,False,69.23879040667362
344057661.0,3,11.451695811692899,11.428576871717269,11.660963010709317,0.19871892249316658,11.26554755265211,3,0,0,0,0,0,0,0,0.0,0.0,344057663.0,seat_performance,BASELINE,seat_performance,BASELINE,11.660963010709317,False,False,69.16058394160584
360213905.0,1,11.660963010709317,11.660963010709317,11.660963010709317,0.0,11.660963010709317,1,0,0,0,0,0,0,0,0.0,0.0,360213906.0,seat_performance,BASELINE,seat_performance,BASELINE,11.660963010709317,False,False,69.16058394160584
556127331.0,1,11.658194697566824,11.658194697566824,11.658194697566824,0.0,11.658194697566824,1,0,0,0,0,0,0,0,0.0,0.0,556127332.0,seat_type,BASELINE,seat_type,BASELINE,11.658194697566824,False,False,69.05630865484879
852116815.0,1,11.658194697566824,11.658194697566824,11.658194697566824,0.0,11.658194697566824,1,0,0,0,0,0,0,0,0.0,0.0,852116816.0,seat_type,BASELINE,seat_type,BASELINE,11.658194697566824,False,False,69.05630865484879
425774716.0,2,8.568099599607432,8.568099599607432,11.606667272165444,4.29718361271999,5.529531927049421,2,0,0,0,0,0,0,0,0.0,0.0,425774729.0,seat_performance,BASELINE,seat_track_position,BASELINE,11.606667272165444,False,False,68.97810218978103
650108357.0,2,10.089641654796022,10.089641654796022,11.606594498827342,2.145295285509529,8.572688810764705,2,0,0,0,0,0,0,0,0.0,0.0,650108360.0,posture,BASELINE,posture,BASELINE,11.606594498827342,False,False,68.92596454640251
558024872.0,2,9.733077338045367,9.733077338045367,11.596606855869757,2.635428717989846,7.869547820220978,2,0,0,0,0,0,0,0,0.0,0.0,558024875.0,belt_use,BASELINE,belt_anchorage,BASELINE,11.596606855869757,False,False,68.87382690302398
599037063.0,1,11.58910833025728,11.58910833025728,11.58910833025728,0.0,11.58910833025728,1,0,0,0,0,0,0,0,0.0,0.0,599037064.0,posture,BASELINE,posture,BASELINE,11.58910833025728,False,False,68.7956204379562
852193186.0,1,11.58910833025728,11.58910833025728,11.58910833025728,0.0,11.58910833025728,1,0,0,0,0,0,0,0,0.0,0.0,852193187.0,posture,BASELINE,posture,BASELINE,11.58910833025728,False,False,68.7956204379562
142533380.0,3,9.260899221066053,8.907497811229781,11.577759439063923,2.1619325056026604,7.297440412904448,3,0,0,0,0,0,0,0,0.0,0.0,142533384.0,seat_position,BASELINE,belt_anchorage,BASELINE,11.577759439063923,False,False,68.71741397288844
339394531.0,2,9.822196536711992,9.822196536711992,11.57742882803575,2.4822733115052613,8.066964245388235,2,0,0,0,0,0,0,0,0.0,0.0,339394535.0,seat_track_position,BASELINE,seat_track_position,BASELINE,11.57742882803575,False,False,68.66527632950991
599006238.0,1,11.577428828035748,11.577428828035748,11.577428828035748,0.0,11.577428828035748,1,0,0,0,0,0,0,0,0.0,0.0,599000593.0,seat_type,BASELINE,seat_type,BASELINE,11.577428828035748,False,False,68.61313868613139
341226706.0,1,11.5713328177335,11.5713328177335,11.5713328177335,0.0,11.5713328177335,1,0,0,0,0,0,0,0,0.0,0.0,341226708.0,seat_type,BASELINE,seat_type,BASELINE,11.5713328177335,False,False,68.50886339937435
344083253.0,1,11.5713328177335,11.5713328177335,11.5713328177335,0.0,11.5713328177335,1,0,0,0,0,0,0,0,0.0,0.0,344083254.0,seat_type,BASELINE,seat_type,BASELINE,11.5713328177335,False,False,68.50886339937435
359443027.0,1,11.5713328177335,11.5713328177335,11.5713328177335,0.0,11.5713328177335,1,0,0,0,0,0,0,0,0.0,0.0,359443028.0,seat_type,BASELINE,seat_type,BASELINE,11.5713328177335,False,False,68.50886339937435
591152107.0,1,11.561788087138186,11.561788087138186,11.561788087138186,0.0,11.561788087138186,1,0,0,0,0,0,0,0,0.0,0.0,591152109.0,seat_type,BASELINE,seat_type,BASELINE,11.561788087138186,False,False,68.40458811261732
791774267.0,4,9.452568047670448,9.350161689921652,11.558817341717909,1.9778711257662704,7.551131469120578,4,0,0,0,0,0,0,0,0.0,0.0,791793129.0,seat_performance,BASELINE,seat_performance,BASELINE,11.558817341717909,False,False,68.32638164754952
852186218.0,1,11.558817341717909,11.558817341717909,11.558817341717909,0.0,11.558817341717909,1,0,0,0,0,0,0,0,0.0,0.0,852186219.0,seat_performance,BASELINE,seat_performance,BASELINE,11.558817341717909,False,False,68.32638164754952
347400140.0,1,11.552852643222922,11.552852643222922,11.552852643222922,0.0,11.552852643222922,1,0,0,0,0,0,0,0,0.0,0.0,347400144.0,belt_anchorage,BASELINE,belt_anchorage,BASELINE,11.552852643222922,False,False,68.24817518248175
852120280.0,3,9.562535133005516,9.48498221336111,11.529058961314153,1.928916991012157,7.673564224341288,3,0,0,0,0,0,0,0,0.0,0.0,852120282.0,seat_performance,BASELINE,belt_anchorage,BASELINE,11.529058961314153,False,False,68.19603753910324
359551198.0,2,8.526091153861408,8.526091153861408,11.522650380673396,4.237774699011748,5.529531927049421,2,0,0,0,0,0,0,0,0.0,0.0,359551202.0,posture,BASELINE,seat_track_position,BASELINE,11.522650380673396,False,False,68.11783107403545
359669462.0,2,10.101673190528233,10.101673190528233,11.522650380673396,2.009565214126101,8.68069600038307,2,0,0,0,0,0,0,0,0.0,0.0,359669464.0,posture,BASELINE,posture,BASELINE,11.522650380673396,False,False,68.11783107403545
897026142.0,1,11.514781464728223,11.514781464728223,11.514781464728223,0.0,11.514781464728223,1,0,0,0,0,0,0,0,0.0,0.0,897006921.0,belt_anchorage,BASELINE,belt_anchorage,BASELINE,11.514781464728223,False,False,68.03962460896767
349190084.0,1,11.46735293142652,11.46735293142652,11.46735293142652,0.0,11.46735293142652,1,0,0,0,0,0,0,0,0.0,0.0,349190085.0,seat_track_position,BASELINE,seat_track_position,BASELINE,11.46735293142652,False,False,67.98748696558916
591143232.0,4,9.910420993572282,10.15469933740604,11.462737479256075,1.5580846660539858,7.869547820220978,4,0,0,0,0,0,0,0,0.0,0.0,651003959.0,belt_anchorage,BASELINE,belt_anchorage,BASELINE,11.462737479256075,False,False,67.90928050052138
651130451.0,3,10.486123400516695,10.357748693131956,11.462737479256075,0.919174944013435,9.637884029162054,3,0,0,0,0,0,0,0,0.0,0.0,651130455.0,belt_anchorage,BASELINE,posture,BASELINE,11.462737479256075,False,False,67.90928050052138
360388161.0,1,11.45614321882082,11.45614321882082,11.45614321882082,0.0,11.45614321882082,1,0,0,0,0,0,0,0,0.0,0.0,360388163.0,seat_performance,BASELINE,seat_performance,BASELINE,11.45614321882082,False,False,67.8310740354536
561113180.0,1,11.435846629256954,11.435846629256954,11.435846629256954,0.0,11.435846629256954,1,0,0,0,0,0,0,0,0.0,0.0,561113182.0,seat_performance,BASELINE,seat_performance,BASELINE,11.435846629256954,False,False,67.77893639207507
791513793.0,3,9.786790918922499,10.724264849205952,11.42952328776324,2.2621772202502597,7.2065846197983054,3,0,0,0,0,0,0,0,0.0,0.0,791517753.0,seat_performance,BASELINE,belt_anchorage,BASELINE,11.42952328776324,False,False,67.72679874869655
897000023.0,3,10.951534744505887,10.833994606223568,11.428576871717269,0.4304802871710475,10.59203275557683,3,0,0,0,0,0,0,0,0.0,0.0,550002277.0,seat_position,BASELINE,belt_anchorage,BASELINE,11.428576871717269,False,False,67.67466110531804
897006748.0,1,11.412605512755515,11.412605512755515,11.412605512755515,0.0,11.412605512755515,1,0,0,0,0,0,0,0,0.0,0.0,897006750.0,seat_type,BASELINE,seat_type,BASELINE,11.412605512755515,False,False,67.62252346193952
142515366.0,2,8.465689703663184,8.465689703663184,11.401847480276947,4.152354148954417,5.529531927049421,2,0,0,0,0,0,0,0,0.0,0.0,142515369.0,seat_performance,BASELINE,seat_track_position,BASELINE,11.401847480276947,False,False,67.51824817518248
359879957.0,2,9.721170663301873,9.721170663301873,11.401847480276947,2.376835948532193,8.0404938463268,2,0,0,0,0,0,0,0,0.0,0.0,359879960.0,seat_performance,BASELINE,seat_performance,BASELINE,11.401847480276947,False,False,67.51824817518248
852157588.0,2,9.721170663301873,9.721170663301873,11.401847480276947,2.376835948532193,8.0404938463268,2,0,0,0,0,0,0,0,0.0,0.0,852157590.0,seat_performance,BASELINE,seat_performance,BASELINE,11.401847480276947,False,False,67.51824817518248
556177778.0,4,9.118143107281442,9.570868094757298,11.399861327720426,2.424040453308032,5.9309749118907495,4,0,0,0,0,0,0,0,0.0,0.0,556177782.0,seat_position,BASELINE,seat_position,BASELINE,11.399861327720426,False,False,67.41397288842545
325134323.0,1,11.38575766595948,11.38575766595948,11.38575766595948,0.0,11.38575766595948,1,0,0,0,0,0,0,0,0.0,0.0,325134325.0,seat_track_position,BASELINE,seat_track_position,BASELINE,11.38575766595948,False,False,67.36183524504692
328084905.0,2,8.656287459926427,8.656287459926427,11.381600007962104,3.854173967137632,5.9309749118907495,2,0,0,0,0,0,0,0,0.0,0.0,328084907.0,seat_performance,BASELINE,seat_track_position,BASELINE,11.381600007962104,False,False,67.28362877997914
360325037.0,2,9.438062742591807,9.438062742591807,11.381600007962104,2.748576759664193,7.494525477221508,2,0,0,0,0,0,0,0,0.0,0.0,360325042.0,seat_performance,BASELINE,seat_performance,BASELINE,11.381600007962104,False,False,67.28362877997914
360204677.0,1,11.358274631721295,11.358274631721295,11.358274631721295,0.0,11.358274631721295,1,0,0,0,0,0,0,0,0.0,0.0,360204678.0,seat_performance,BASELINE,seat_performance,BASELINE,11.358274631721295,False,False,67.17935349322211
792825383.0,2,11.341256900573475,11.341256900573475,11.358274631721295,0.024066706190066907,11.324239169425654,2,0,0,0,0,0,0,0,0.0,0.0,792825384.0,seat_performance,BASELINE,seat_performance,BASELINE,11.358274631721295,False,False,67.17935349322211
142807016.0,2,11.147830364097675,11.147830364097675,11.35082478067014,0.2870774570027923,10.944835947525211,2,0,0,0,0,0,0,0,0.0,0.0,142807019.0,seat_position,BASELINE,belt_anchorage,BASELINE,11.35082478067014,False,False,67.07507820646507
556174285.0,3,8.834910133171249,7.807929520612227,11.35082478067014,2.191054569433847,7.345976098231382,3,0,0,0,0,0,0,0,0.0,0.0,556174289.0,seat_position,BASELINE,seat_position,BASELINE,11.35082478067014,False,False,67.07507820646507
852129405.0,1,11.34089769096697,11.34089769096697,11.34089769096697,0.0,11.34089769096697,1,0,0,0,0,0,0,0,0.0,0.0,852129407.0,belt_anchorage,BASELINE,belt_anchorage,BASELINE,11.34089769096697,False,False,66.99687174139729
360350560.0,1,11.339559078964886,11.339559078964886,11.339559078964886,0.0,11.339559078964886,1,0,0,0,0,0,0,0,0.0,0.0,360350561.0,belt_anchorage,BASELINE,belt_anchorage,BASELINE,11.339559078964886,False,False,66.94473409801877
556139388.0,1,11.336625280180222,11.336625280180222,11.336625280180222,0.0,11.336625280180222,1,0,0,0,0,0,0,0,0.0,0.0,556139390.0,seat_type,BASELINE,seat_type,BASELINE,11.336625280180222,False,False,66.89259645464026
328108935.0,2,9.599252569165142,9.599252569165142,11.328957318109303,2.446171914857984,7.869547820220978,2,0,0,0,0,0,0,0,0.0,0.0,328108938.0,seat_type,BASELINE,belt_anchorage,BASELINE,11.328957318109303,False,False,66.84045881126173
550031509.0,2,9.54383898521402,9.54383898521402,11.321421689095924,2.513881568069626,7.766256281332116,2,0,0,0,0,0,0,0,0.0,0.0,558031902.0,seat_position,BASELINE,seat_type,BASELINE,11.321421689095924,False,False,66.76225234619395
599003444.0,3,9.320038118818196,9.227979185016787,11.321421689095924,1.9569787441520285,7.410713482341878,3,0,0,0,0,0,0,0,0.0,0.0,599003447.0,seat_position,BASELINE,belt_use,BASELINE,11.321421689095924,False,False,66.76225234619395
349241178.0,1,11.313147603558573,11.313147603558573,11.313147603558573,0.0,11.313147603558573,1,0,0,0,0,0,0,0,0.0,0.0,349241180.0,seat_performance,BASELINE,seat_performance,BASELINE,11.313147603558573,False,False,66.65797705943692
556141776.0,1,11.313147603558573,11.313147603558573,11.313147603558573,0.0,11.313147603558573,1,0,0,0,0,0,0,0,0.0,0.0,556141777.0,seat_performance,BASELINE,seat_performance,BASELINE,11.313147603558573,False,False,66.65797705943692
433376311.0,1,11.313069839204603,11.313069839204603,11.313069839204603,0.0,11.313069839204603,1,0,0,0,0,0,0,0,0.0,0.0,433376313.0,seat_type,BASELINE,seat_type,BASELINE,11.313069839204603,False,False,66.57977059436914
554153761.0,2,10.19603568879717,10.19603568879717,11.310249320142225,1.575736028829151,9.081822057452117,2,0,0,0,0,0,0,0,0.0,0.0,701000024.0,seat_type,BASELINE,seat_type,BASELINE,11.310249320142225,False,False,66.52763295099061
852116064.0,2,10.565078810878093,10.565078810878093,11.308550231957993,1.0514273669279919,9.821607389798194,2,0,0,0,0,0,0,0,0.0,0.0,852116066.0,posture,BASELINE,posture,BASELINE,11.308550231957993,False,False,66.42335766423358
852124389.0,2,10.770551758633854,10.770551758633854,11.308550231957993,0.7608447375110158,10.232553285309717,2,0,0,0,0,0,0,0,0.0,0.0,852124390.0,posture,BASELINE,posture,BASELINE,11.308550231957993,False,False,66.42335766423358
852124398.0,1,11.308550231957993,11.308550231957993,11.308550231957993,0.0,11.308550231957993,1,0,0,0,0,0,0,0,0.0,0.0,852124399.0,posture,BASELINE,posture,BASELINE,11.308550231957993,False,False,66.42335766423358
328077175.0,1,11.307507740675687,11.307507740675687,11.307507740675687,0.0,11.307507740675687,1,0,0,0,0,0,0,0,0.0,0.0,328077176.0,seat_performance,BASELINE,seat_performance,BASELINE,11.307507740675687,False,False,66.29301355578728
349221795.0,1,11.307507740675687,11.307507740675687,11.307507740675687,0.0,11.307507740675687,1,0,0,0,0,0,0,0,0.0,0.0,349221796.0,seat_performance,BASELINE,seat_performance,BASELINE,11.307507740675687,False,False,66.29301355578728
347791168.0,1,11.30542274945556,11.30542274945556,11.30542274945556,0.0,11.30542274945556,1,0,0,0,0,0,0,0,0.0,0.0,347791169.0,seat_performance,BASELINE,seat_performance,BASELINE,11.30542274945556,False,False,66.21480709071949
349177679.0,1,11.293961016256898,11.293961016256898,11.293961016256898,0.0,11.293961016256898,1,0,0,0,0,0,0,0,0.0,0.0,349177682.0,seat_type,BASELINE,seat_type,BASELINE,11.293961016256898,False,False,66.13660062565172
360210992.0,1,11.293961016256898,11.293961016256898,11.293961016256898,0.0,11.293961016256898,1,0,0,0,0,0,0,0,0.0,0.0,360210993.0,seat_type,BASELINE,seat_type,BASELINE,11.293961016256898,False,False,66.13660062565172
558032542.0,1,11.285728972179296,11.285728972179296,11.285728972179296,0.0,11.285728972179296,1,0,0,0,0,0,0,0,0.0,0.0,558032543.0,seat_performance,BASELINE,seat_performance,BASELINE,11.285728972179296,False,False,66.03232533889468
852181433.0,1,11.285728972179296,11.285728972179296,11.285728972179296,0.0,11.285728972179296,1,0,0,0,0,0,0,0,0.0,0.0,852181434.0,seat_performance,BASELINE,seat_performance,BASELINE,11.285728972179296,False,False,66.03232533889468
359881794.0,1,11.277750476341115,11.277750476341115,11.277750476341115,0.0,11.277750476341115,1,0,0,0,0,0,0,0,0.0,0.0,359881796.0,seat_track_position,BASELINE,seat_track_position,BASELINE,11.277750476341115,False,False,65.9541188738269
347727523.0,2,10.315502427008834,10.315502427008834,11.26554755265211,1.3435667015511739,9.365457301365556,2,0,0,0,0,0,0,0,0.0,0.0,347727526.0,belt_anchorage,BASELINE,belt_anchorage,BASELINE,11.26554755265211,False,False,65.90198123044838
591153032.0,3,8.746681776841244,8.897639705302428,11.25791768736758,2.590016421842285,6.084487937853726,3,0,0,0,0,0,0,0,0.0,0.0,651156583.0,belt_anchorage,BASELINE,seat_track_position,BASELINE,11.25791768736758,False,False,65.8237747653806
651121845.0,2,10.110110798705865,10.110110798705865,11.25791768736758,1.623244068930665,8.962303910044147,2,0,0,0,0,0,0,0,0.0,0.0,651121848.0,belt_anchorage,BASELINE,belt_anchorage,BASELINE,11.25791768736758,False,False,65.8237747653806
328094161.0,1,11.245437032723398,11.245437032723398,11.245437032723398,0.0,11.245437032723398,1,0,0,0,0,0,0,0,0.0,0.0,328094163.0,belt_anchorage,BASELINE,belt_anchorage,BASELINE,11.245437032723398,False,False,65.69343065693431
347547534.0,1,11.245437032723398,11.245437032723398,11.245437032723398,0.0,11.245437032723398,1,0,0,0,0,0,0,0,0.0,0.0,347547536.0,belt_anchorage,BASELINE,belt_anchorage,BASELINE,11.245437032723398,False,False,65.69343065693431
554126509.0,1,11.245437032723398,11.245437032723398,11.245437032723398,0.0,11.245437032723398,1,0,0,0,0,0,0,0,0.0,0.0,554126588.0,belt_anchorage,BASELINE,belt_anchorage,BASELINE,11.245437032723398,False,False,65.69343065693431
347633504.0,1,11.239642000623002,11.239642000623002,11.239642000623002,0.0,11.239642000623002,1,0,0,0,0,0,0,0,0.0,0.0,878633526.0,posture,BASELINE,posture,BASELINE,11.239642000623002,False,False,65.58915537017727
554149882.0,1,11.236889246830549,11.236889246830549,11.236889246830549,0.0,11.236889246830549,1,0,0,0,0,0,0,0,0.0,0.0,554149884.0,seat_performance,BASELINE,seat_performance,BASELINE,11.236889246830549,False,False,65.51094890510949
556170442.0,1,11.236889246830549,11.236889246830549,11.236889246830549,0.0,11.236889246830549,1,0,0,0,0,0,0,0,0.0,0.0,556170443.0,seat_performance,BASELINE,seat_performance,BASELINE,11.236889246830549,False,False,65.51094890510949
360247405.0,1,11.228615871132924,11.228615871132924,11.228615871132924,0.0,11.228615871132924,1,0,0,0,0,0,0,0,0.0,0.0,360247407.0,seat_performance,BASELINE,seat_performance,BASELINE,11.228615871132924,False,False,65.40667361835246
651130477.0,2,10.887510127381582,10.887510127381582,11.228615871132924,0.48239636901650956,10.54640438363024,2,0,0,0,0,0,0,0,0.0,0.0,651130481.0,seat_performance,BASELINE,seat_performance,BASELINE,11.228615871132924,False,False,65.40667361835246
852117759.0,5,9.768796457133812,9.119753408527693,11.225243024343136,1.083541602281577,8.897639705302428,5,0,0,0,0,0,0,0,0.0,0.0,852117764.0,seat_position,BASELINE,seat_position,BASELINE,11.225243024343136,False,False,65.32846715328468
339327936.0,2,10.342011332160471,10.342011332160471,11.200543042339625,1.214147188262728,9.483479621981315,2,0,0,0,0,0,0,0,0.0,0.0,339327939.0,posture,BASELINE,posture,BASELINE,11.200543042339625,False,False,65.25026068821688
792852533.0,1,11.200543042339625,11.200543042339625,11.200543042339625,0.0,11.200543042339625,1,0,0,0,0,0,0,0,0.0,0.0,792852534.0,posture,BASELINE,posture,BASELINE,11.200543042339625,False,False,65.25026068821688
556148358.0,1,11.187392572356693,11.187392572356693,11.187392572356693,0.0,11.187392572356693,1,0,0,0,0,0,0,0,0.0,0.0,556148360.0,seat_type,BASELINE,seat_type,BASELINE,11.187392572356693,False,False,65.17205422314912
651113543.0,2,10.254675194153972,10.254675194153972,11.18327646388446,1.313240509689733,9.326073924423484,2,0,0,0,0,0,0,0,0.0,0.0,651119009.0,seat_position,BASELINE,posture,BASELINE,11.18327646388446,False,False,65.1199165797706
433431199.0,3,10.54648844024396,10.514009371266976,11.169632074882768,0.6075555564888458,9.95582387458214,3,0,0,0,0,0,0,0,0.0,0.0,433431202.0,seat_performance,BASELINE,belt_use,BASELINE,11.169632074882768,False,False,65.06777893639207
556136306.0,1,11.16404978972916,11.16404978972916,11.16404978972916,0.0,11.16404978972916,1,0,0,0,0,0,0,0,0.0,0.0,556136307.0,seat_track_position,BASELINE,seat_track_position,BASELINE,11.16404978972916,False,False,64.9895724713243
897026147.0,1,11.16404978972916,11.16404978972916,11.16404978972916,0.0,11.16404978972916,1,0,0,0,0,0,0,0,0.0,0.0,897006986.0,seat_track_position,BASELINE,seat_track_position,BASELINE,11.16404978972916,False,False,64.9895724713243
852141412.0,2,10.262994808047878,10.262994808047878,11.1605323147302,1.2693097146886716,9.365457301365556,2,0,0,0,0,0,0,0,0.0,0.0,852141414.0,belt_anchorage,BASELINE,belt_anchorage,BASELINE,11.1605323147302,False,False,64.91136600625651
360238117.0,2,10.897049423527308,10.897049423527308,11.15200700075301,0.36056446354237226,10.642091846301607,2,0,0,0,0,0,0,0,0.0,0.0,360238120.0,seat_performance,BASELINE,seat_performance,BASELINE,11.15200700075301,False,False,64.83315954118873
791777300.0,3,8.118367717381238,7.673564224341288,11.15200700075301,2.837506669449422,5.529531927049421,3,0,0,0,0,0,0,0,0.0,0.0,791794479.0,seat_performance,BASELINE,seat_track_position,BASELINE,11.15200700075301,False,False,64.83315954118873
325114286.0,1,11.146728481181576,11.146728481181576,11.146728481181576,0.0,11.146728481181576,1,0,0,0,0,0,0,0,0.0,0.0,325114288.0,belt_anchorage,BASELINE,belt_anchorage,BASELINE,11.146728481181576,False,False,64.70281543274244
325147482.0,1,11.146728481181576,11.146728481181576,11.146728481181576,0.0,11.146728481181576,1,0,0,0,0,0,0,0,0.0,0.0,325147484.0,belt_anchorage,BASELINE,belt_anchorage,BASELINE,11.146728481181576,False,False,64.70281543274244
339413974.0,2,11.103728120972594,11.103728120972594,11.146728481181576,0.060811692594470584,11.060727760763612,2,0,0,0,0,0,0,0,0.0,0.0,339413976.0,belt_anchorage,BASELINE,belt_anchorage,BASELINE,11.146728481181576,False,False,64.70281543274244
349230216.0,3,8.735750799405794,9.240715172944247,11.141329713229077,2.693794828562555,5.825207512044061,3,0,0,0,0,0,0,0,0.0,0.0,349230220.0,seat_type,BASELINE,seat_track_position,BASELINE,11.141329713229077,False,False,64.59854014598541
599036345.0,2,8.481135035378589,8.481135035378589,11.139302348484796,3.7592162652516454,5.822967722272384,2,0,0,0,0,0,0,0,0.0,0.0,599036348.0,seat_position,BASELINE,seat_track_position,BASELINE,11.139302348484796,False,False,64.52033368091762
791751333.0,2,8.481135035378589,8.481135035378589,11.139302348484796,3.7592162652516454,5.822967722272384,2,0,0,0,0,0,0,0,0.0,0.0,791751336.0,seat_position,BASELINE,seat_track_position,BASELINE,11.139302348484796,False,False,64.52033368091762
561166886.0,1,11.13691257594523,11.13691257594523,11.13691257594523,0.0,11.13691257594523,1,0,0,0,0,0,0,0,0.0,0.0,561166888.0,seat_performance,BASELINE,seat_performance,BASELINE,11.13691257594523,False,False,64.41605839416059
897010869.0,1,11.13691257594523,11.13691257594523,11.13691257594523,0.0,11.13691257594523,1,0,0,0,0,0,0,0,0.0,0.0,897010871.0,seat_performance,BASELINE,seat_performance,BASELINE,11.13691257594523,False,False,64.41605839416059
347738549.0,1,11.132396588459066,11.132396588459066,11.132396588459066,0.0,11.132396588459066,1,0,0,0,0,0,0,0,0.0,0.0,878738679.0,seat_type,BASELINE,seat_type,BASELINE,11.132396588459066,False,False,64.25964546402503
556120841.0,1,11.132396588459066,11.132396588459066,11.132396588459066,0.0,11.132396588459066,1,0,0,0,0,0,0,0,0.0,0.0,556120842.0,seat_type,BASELINE,seat_type,BASELINE,11.132396588459066,False,False,64.25964546402503
556125397.0,1,11.132396588459066,11.132396588459066,11.132396588459066,0.0,11.132396588459066,1,0,0,0,0,0,0,0,0.0,0.0,556125399.0,seat_type,BASELINE,seat_type,BASELINE,11.132396588459066,False,False,64.25964546402503
556131340.0,1,11.132396588459066,11.132396588459066,11.132396588459066,0.0,11.132396588459066,1,0,0,0,0,0,0,0,0.0,0.0,556131342.0,seat_type,BASELINE,seat_type,BASELINE,11.132396588459066,False,False,64.25964546402503
897026152.0,1,11.126851030421635,11.126851030421635,11.126851030421635,0.0,11.126851030421635,1,0,0,0,0,0,0,0,0.0,0.0,897007040.0,seat_type,BASELINE,seat_type,BASELINE,11.126851030421635,False,False,64.12930135557873
550041178.0,1,11.126522948804125,11.126522948804125,11.126522948804125,0.0,11.126522948804125,1,0,0,0,0,0,0,0,0.0,0.0,550041180.0,belt_anchorage,BASELINE,belt_anchorage,BASELINE,11.126522948804125,False,False,64.05109489051095
852186214.0,1,11.126522948804125,11.126522948804125,11.126522948804125,0.0,11.126522948804125,1,0,0,0,0,0,0,0,0.0,0.0,852186216.0,belt_anchorage,BASELINE,belt_anchorage,BASELINE,11.126522948804125,False,False,64.05109489051095
651134486.0,1,11.120608681514558,11.120608681514558,11.120608681514558,0.0,11.120608681514558,1,0,0,0,0,0,0,0,0.0,0.0,651134488.0,seat_performance,BASELINE,seat_performance,BASELINE,11.120608681514558,False,False,63.97288842544317
852123095.0,1,11.111133806790736,11.111133806790736,11.111133806790736,0.0,11.111133806790736,1,0,0,0,0,0,0,0,0.0,0.0,852123097.0,posture,BASELINE,posture,BASELINE,11.111133806790736,False,False,63.92075078206465
651136620.0,2,8.987304423999024,8.987304423999024,11.096607370899836,2.9830048346606644,6.878001477098212,2,0,0,0,0,0,0,0,0.0,0.0,651136622.0,seat_performance,BASELINE,seat_performance,BASELINE,11.096607370899836,False,False,63.868613138686136
344087981.0,4,9.620584571302393,10.791366041631896,11.074398689901717,2.5359718259135193,5.825207512044061,4,0,0,0,0,0,0,0,0.0,0.0,344087984.0,seat_performance,BASELINE,seat_position,BASELINE,11.074398689901717,False,False,63.79040667361835
897003306.0,2,9.23045848875243,9.23045848875243,11.074398689901717,2.607725240670295,7.386518287603142,2,0,0,0,0,0,0,0,0.0,0.0,897001004.0,seat_performance,BASELINE,seat_performance,BASELINE,11.074398689901717,False,False,63.79040667361835
325101617.0,2,10.886643502196831,10.886643502196831,11.07022293642809,0.25962052566262594,10.703064067965572,2,0,0,0,0,0,0,0,0.0,0.0,325101619.0,belt_anchorage,BASELINE,belt_anchorage,BASELINE,11.07022293642809,False,False,63.71220020855057
651120782.0,2,9.633107282249394,9.633107282249394,11.060727760763612,2.018960242636373,8.205486803735178,2,0,0,0,0,0,0,0,0.0,0.0,651120785.0,belt_anchorage,BASELINE,posture,BASELINE,11.060727760763612,False,False,63.66006256517206
360233637.0,1,11.025297719781964,11.025297719781964,11.025297719781964,0.0,11.025297719781964,1,0,0,0,0,0,0,0,0.0,0.0,360233638.0,seat_type,BASELINE,seat_type,BASELINE,11.025297719781964,False,False,63.60792492179353
385084461.0,2,9.423160421806408,9.423160421806408,11.008122922527564,2.241475464372635,7.838197921085253,2,0,0,0,0,0,0,0,0.0,0.0,385084464.0,seat_track_position,BASELINE,seat_track_position,BASELINE,11.008122922527564,False,False,63.55578727841501
554128735.0,1,11.004548596365051,11.004548596365051,11.004548596365051,0.0,11.004548596365051,1,0,0,0,0,0,0,0,0.0,0.0,554128737.0,seat_type,BASELINE,seat_type,BASELINE,11.004548596365051,False,False,63.47758081334723
734099102.0,1,11.004548596365051,11.004548596365051,11.004548596365051,0.0,11.004548596365051,1,0,0,0,0,0,0,0,0.0,0.0,734099103.0,seat_type,BASELINE,seat_type,BASELINE,11.004548596365051,False,False,63.47758081334723
341219586.0,1,10.991380345762003,10.991380345762003,10.991380345762003,0.0,10.991380345762003,1,0,0,0,0,0,0,0,0.0,0.0,341219588.0,seat_performance,BASELINE,seat_performance,BASELINE,10.991380345762003,False,False,63.347236704900936
556139275.0,2,9.949439078495892,9.949439078495892,10.991380345762003,1.473527471363944,8.907497811229781,2,0,0,0,0,0,0,0,0.0,0.0,556139277.0,seat_performance,BASELINE,seat_performance,BASELINE,10.991380345762003,False,False,63.347236704900936
791680507.0,1,10.991380345762003,10.991380345762003,10.991380345762003,0.0,10.991380345762003,1,0,0,0,0,0,0,0,0.0,0.0,791680508.0,seat_performance,BASELINE,seat_performance,BASELINE,10.991380345762003,False,False,63.347236704900936
897010877.0,2,8.193958118857203,8.193958118857203,10.96639150028335,3.9208128887887583,5.421524737431055,2,0,0,0,0,0,0,0,0.0,0.0,897001919.0,seat_performance,BASELINE,seat_track_position,BASELINE,10.96639150028335,False,False,63.24296141814389
341234843.0,2,10.726894301402886,10.726894301402886,10.945025918612313,0.3084846914399484,10.508762684193458,2,0,0,0,0,0,0,0,0.0,0.0,341234845.0,belt_anchorage,BASELINE,belt_anchorage,BASELINE,10.945025918612313,False,False,63.16475495307612
558024421.0,2,10.73931451000973,10.73931451000973,10.945025918612313,0.29091986398064357,10.53360310140715,2,0,0,0,0,0,0,0,0.0,0.0,558024423.0,belt_anchorage,BASELINE,belt_anchorage,BASELINE,10.945025918612313,False,False,63.16475495307612
554130253.0,1,10.944835947525211,10.944835947525211,10.944835947525211,0.0,10.944835947525211,1,0,0,0,0,0,0,0,0.0,0.0,554130254.0,belt_anchorage,BASELINE,belt_anchorage,BASELINE,10.944835947525211,False,False,63.08654848800834
561164791.0,1,10.926326047322185,10.926326047322185,10.926326047322185,0.0,10.926326047322185,1,0,0,0,0,0,0,0,0.0,0.0,561164792.0,seat_track_position,BASELINE,seat_track_position,BASELINE,10.926326047322185,False,False,63.03441084462982
556172459.0,1,10.924368810931185,10.924368810931185,10.924368810931185,0.0,10.924368810931185,1,0,0,0,0,0,0,0,0.0,0.0,556172460.0,seat_type,BASELINE,seat_type,BASELINE,10.924368810931185,False,False,62.9822732012513
344102343.0,3,7.914478396120036,6.999605691776187,10.920861774311538,2.66924614644643,5.822967722272384,3,0,0,0,0,0,0,0,0.0,0.0,344102347.0,seat_position,BASELINE,seat_position,BASELINE,10.920861774311538,False,False,62.877997914494266
347577419.0,2,8.319031048368617,8.319031048368617,10.920861774311538,3.679544299627515,5.717200322425695,2,0,0,0,0,0,0,0,0.0,0.0,347577425.0,seat_position,BASELINE,seat_track_position,BASELINE,10.920861774311538,False,False,62.877997914494266
852114075.0,2,9.395204797266258,9.395204797266258,10.920861774311538,2.1576047884665726,7.869547820220978,2,0,0,0,0,0,0,0,0.0,0.0,852114078.0,seat_position,BASELINE,belt_anchorage,BASELINE,10.920861774311538,False,False,62.877997914494266
599006237.0,3,9.71219650223783,10.61227785759188,10.916284044481978,1.8285923555105366,7.608027604639634,3,0,0,0,0,0,0,0,0.0,0.0,599006242.0,seat_type,BASELINE,seat_type,BASELINE,10.916284044481978,False,False,62.747653806047964
599008293.0,3,10.410950616731645,10.61227785759188,10.916284044481978,0.6305806180320772,9.704289948121076,3,0,0,0,0,0,0,0,0.0,0.0,599008297.0,seat_type,BASELINE,seat_type,BASELINE,10.916284044481978,False,False,62.747653806047964
556168421.0,3,8.697876684338807,9.353465580878687,10.914956960093676,2.607438390821559,5.825207512044061,3,0,0,0,0,0,0,0,0.0,0.0,556168427.0,seat_position,BASELINE,seat_position,BASELINE,10.914956960093676,False,False,62.66944734098019
349319481.0,2,10.784092161927244,10.784092161927244,10.906314014902238,0.17284780209560488,10.661870308952253,2,0,0,0,0,0,0,0,0.0,0.0,349319483.0,posture,BASELINE,posture,BASELINE,10.906314014902238,False,False,62.61730969760166
339312477.0,2,9.961919072423873,9.961919072423873,10.90080935386748,1.327791369597841,9.023028790980266,2,0,0,0,0,0,0,0,0.0,0.0,339312479.0,posture,BASELINE,posture,BASELINE,10.90080935386748,False,False,62.486965589155375
360214567.0,3,10.361032657306984,10.692557693597031,10.90080935386748,0.7617199096469928,9.489730924456437,3,0,0,0,0,0,0,0,0.0,0.0,360214568.0,posture,BASELINE,posture,BASELINE,10.90080935386748,False,False,62.486965589155375
556118680.0,1,10.90080935386748,10.90080935386748,10.90080935386748,0.0,10.90080935386748,1,0,0,0,0,0,0,0,0.0,0.0,556118681.0,posture,BASELINE,posture,BASELINE,10.90080935386748,False,False,62.486965589155375
651146054.0,1,10.90080935386748,10.90080935386748,10.90080935386748,0.0,10.90080935386748,1,0,0,0,0,0,0,0,0.0,0.0,651146055.0,posture,BASELINE,posture,BASELINE,10.90080935386748,False,False,62.486965589155375
531190386.0,2,9.332152377182513,9.332152377182513,10.898048473032912,2.2145114960187127,7.766256281332116,2,0,0,0,0,0,0,0,0.0,0.0,531190388.0,seat_track_position,BASELINE,seat_type,BASELINE,10.898048473032912,False,False,62.33055265901981
561117537.0,2,10.032954942265341,10.032954942265341,10.898048473032912,1.2234270039327255,9.16786141149777,2,0,0,0,0,0,0,0,0.0,0.0,561117540.0,seat_track_position,BASELINE,seat_track_position,BASELINE,10.898048473032912,False,False,62.33055265901981
325140747.0,3,8.566313369881362,9.280831067282524,10.888577115312138,2.7500441791696804,5.529531927049421,3,0,0,0,0,0,0,0,0.0,0.0,357306666.0,seat_position,BASELINE,seat_track_position,BASELINE,10.888577115312138,False,False,62.252346193952036
561103332.0,2,10.763552142988063,10.763552142988063,10.874780738110283,0.15730098774555012,10.652323547865842,2,0,0,0,0,0,0,0,0.0,0.0,561103334.0,belt_anchorage,BASELINE,belt_anchorage,BASELINE,10.874780738110283,False,False,62.20020855057351
852116810.0,1,10.873179168226152,10.873179168226152,10.873179168226152,0.0,10.873179168226152,1,0,0,0,0,0,0,0,0.0,0.0,852116813.0,posture,BASELINE,posture,BASELINE,10.873179168226152,False,False,62.148070907195
344087991.0,1,10.865688626587351,10.865688626587351,10.865688626587351,0.0,10.865688626587351,1,0,0,0,0,0,0,0,0.0,0.0,344087992.0,seat_type,BASELINE,seat_type,BASELINE,10.865688626587351,False,False,62.04379562043796
556151459.0,2,10.082187609919245,10.082187609919245,10.865688626587351,1.1080377639051429,9.29868659325114,2,0,0,0,0,0,0,0,0.0,0.0,556151460.0,seat_type,BASELINE,seat_type,BASELINE,10.865688626587351,False,False,62.04379562043796
791696445.0,1,10.865688626587351,10.865688626587351,10.865688626587351,0.0,10.865688626587351,1,0,0,0,0,0,0,0,0.0,0.0,791696446.0,seat_type,BASELINE,seat_type,BASELINE,10.865688626587351,False,False,62.04379562043796
556124907.0,1,10.86546447746933,10.86546447746933,10.86546447746933,0.0,10.86546447746933,1,0,0,0,0,0,0,0,0.0,0.0,556124909.0,seat_type,BASELINE,seat_type,BASELINE,10.86546447746933,False,False,61.93952033368092
897000796.0,1,10.850791915462748,10.850791915462748,10.850791915462748,0.0,10.850791915462748,1,0,0,0,0,0,0,0,0.0,0.0,134004798.0,belt_anchorage,BASELINE,belt_anchorage,BASELINE,10.850791915462748,False,False,61.887382690302395
142541564.0,1,10.836709559615588,10.836709559615588,10.836709559615588,0.0,10.836709559615588,1,0,0,0,0,0,0,0,0.0,0.0,142541566.0,belt_anchorage,BASELINE,belt_anchorage,BASELINE,10.836709559615588,False,False,61.83524504692388
554155359.0,1,10.83527923599041,10.83527923599041,10.83527923599041,0.0,10.83527923599041,1,0,0,0,0,0,0,0,0.0,0.0,554155361.0,seat_track_position,BASELINE,seat_track_position,BASELINE,10.83527923599041,False,False,61.78310740354536
554139467.0,1,10.833994606223568,10.833994606223568,10.833994606223568,0.0,10.833994606223568,1,0,0,0,0,0,0,0,0.0,0.0,554139468.0,belt_anchorage,BASELINE,belt_anchorage,BASELINE,10.833994606223568,False,False,61.73096976016684
554126604.0,2,10.52676746109967,10.52676746109967,10.833821884290009,0.43424052966242477,10.219713037909331,2,0,0,0,0,0,0,0,0.0,0.0,554126732.0,seat_type,BASELINE,seat_type,BASELINE,10.833821884290009,False,False,61.652763295099064
852118970.0,2,10.336917835499223,10.336917835499223,10.833821884290009,0.7027284449980309,9.840013786708438,2,0,0,0,0,0,0,0,0.0,0.0,852118972.0,seat_type,BASELINE,seat_type,BASELINE,10.833821884290009,False,False,61.652763295099064
359551204.0,2,9.387086570274601,9.387086570274601,10.827312889154047,2.0367875930459918,7.946860251395154,2,0,0,0,0,0,0,0,0.0,0.0,359551207.0,seat_position,BASELINE,belt_use,BASELINE,10.827312889154047,False,False,61.47028154327424
556163919.0,4,8.591887939541419,8.911519273292965,10.827312889154047,2.5802737917932,5.717200322425695,4,0,0,0,0,0,0,0,0.0,0.0,556163925.0,seat_position,BASELINE,seat_position,BASELINE,10.827312889154047,False,False,61.47028154327424
556172775.0,4,9.806884005677592,10.336019015359451,10.827312889154047,1.4387646047584666,7.7281851028374176,4,0,0,0,0,0,0,0,0.0,0.0,556172779.0,seat_position,BASELINE,seat_type,BASELINE,10.827312889154047,False,False,61.47028154327424
556176027.0,3,9.081502236862063,9.119753408527693,10.827312889154047,1.7652470899980162,7.297440412904448,3,0,0,0,0,0,0,0,0.0,0.0,556176031.0,seat_position,BASELINE,seat_position,BASELINE,10.827312889154047,False,False,61.47028154327424
558032560.0,3,9.935036730782024,10.285405167575451,10.827312889154047,1.1097478033756398,8.692392135616572,3,0,0,0,0,0,0,0,0.0,0.0,558032564.0,seat_position,BASELINE,belt_use,BASELINE,10.827312889154047,False,False,61.47028154327424
349195710.0,1,10.81831885770382,10.81831885770382,10.81831885770382,0.0,10.81831885770382,1,0,0,0,0,0,0,0,0.0,0.0,349195711.0,seat_track_position,BASELINE,seat_track_position,BASELINE,10.81831885770382,False,False,61.261730969760166
349212209.0,1,10.81831885770382,10.81831885770382,10.81831885770382,0.0,10.81831885770382,1,0,0,0,0,0,0,0,0.0,0.0,349212211.0,seat_track_position,BASELINE,seat_track_position,BASELINE,10.81831885770382,False,False,61.261730969760166
561118971.0,1,10.81831885770382,10.81831885770382,10.81831885770382,0.0,10.81831885770382,1,0,0,0,0,0,0,0,0.0,0.0,561118973.0,seat_track_position,BASELINE,seat_track_position,BASELINE,10.81831885770382,False,False,61.261730969760166
134005302.0,2,8.769491105952701,8.769491105952701,10.768987924425556,2.827715518606166,6.769994287479846,2,0,0,0,0,0,0,0,0.0,0.0,134007673.0,seat_performance,BASELINE,seat_performance,BASELINE,10.768987924425556,False,False,61.07924921793535
341216894.0,1,10.768987924425556,10.768987924425556,10.768987924425556,0.0,10.768987924425556,1,0,0,0,0,0,0,0,0.0,0.0,341216896.0,seat_performance,BASELINE,seat_performance,BASELINE,10.768987924425556,False,False,61.07924921793535
795822700.0,1,10.768987924425556,10.768987924425556,10.768987924425556,0.0,10.768987924425556,1,0,0,0,0,0,0,0,0.0,0.0,795822711.0,seat_performance,BASELINE,seat_performance,BASELINE,10.768987924425556,False,False,61.07924921793535
852150631.0,1,10.768987924425556,10.768987924425556,10.768987924425556,0.0,10.768987924425556,1,0,0,0,0,0,0,0,0.0,0.0,852150632.0,seat_performance,BASELINE,seat_performance,BASELINE,10.768987924425556,False,False,61.07924921793535
325125423.0,4,9.726100350719552,9.876918414653192,10.766144360091428,1.116064281068632,8.384420213480396,4,0,0,0,0,0,0,0,0.0,0.0,325125425.0,seat_position,BASELINE,seat_position,BASELINE,10.766144360091428,False,False,60.94890510948905
360207347.0,1,10.757774724144316,10.757774724144316,10.757774724144316,0.0,10.757774724144316,1,0,0,0,0,0,0,0,0.0,0.0,360207348.0,seat_performance,BASELINE,seat_performance,BASELINE,10.757774724144316,False,False,60.870698644421275
360235908.0,1,10.757774724144316,10.757774724144316,10.757774724144316,0.0,10.757774724144316,1,0,0,0,0,0,0,0,0.0,0.0,360235910.0,seat_performance,BASELINE,seat_performance,BASELINE,10.757774724144316,False,False,60.870698644421275
433350110.0,2,8.877798008980978,8.877798008980978,10.755990326185769,2.6561650477359655,6.999605691776187,2,0,0,0,0,0,0,0,0.0,0.0,433350112.0,belt_anchorage,BASELINE,belt_anchorage,BASELINE,10.755990326185769,False,False,60.792492179353495
651109197.0,4,9.726535735170115,10.172426086743123,10.753361246581989,1.3229740782953014,7.807929520612227,4,0,0,0,0,0,0,0,0.0,0.0,651001669.0,seat_position,BASELINE,seat_performance,BASELINE,10.753361246581989,False,False,60.71428571428571
651134491.0,4,8.896296105299337,9.705149218592151,10.753361246581989,2.375721598326635,5.421524737431055,4,0,0,0,0,0,0,0,0.0,0.0,651003687.0,seat_position,BASELINE,seat_position,BASELINE,10.753361246581989,False,False,60.71428571428571
359565549.0,1,10.743189043962682,10.743189043962682,10.743189043962682,0.0,10.743189043962682,1,0,0,0,0,0,0,0,0.0,0.0,359565550.0,seat_track_position,BASELINE,seat_track_position,BASELINE,10.743189043962682,False,False,60.61001042752867
360227904.0,1,10.743189043962682,10.743189043962682,10.743189043962682,0.0,10.743189043962682,1,0,0,0,0,0,0,0,0.0,0.0,360227905.0,seat_track_position,BASELINE,seat_track_position,BASELINE,10.743189043962682,False,False,60.61001042752867
650111746.0,1,10.739760603074004,10.739760603074004,10.739760603074004,0.0,10.739760603074004,1,0,0,0,0,0,0,0,0.0,0.0,650111748.0,belt_anchorage,BASELINE,belt_anchorage,BASELINE,10.739760603074004,False,False,60.5318039624609
349213835.0,2,8.454147591682563,8.454147591682563,10.715800055893032,3.198459588260977,6.1924951274720925,2,0,0,0,0,0,0,0,0.0,0.0,349213839.0,belt_anchorage,BASELINE,seat_track_position,BASELINE,10.715800055893032,False,False,60.47966631908238
556130936.0,2,8.323200288541063,8.323200288541063,10.715425665191376,3.3831175719119586,5.9309749118907495,2,0,0,0,0,0,0,0,0.0,0.0,556130940.0,seat_position,BASELINE,seat_track_position,BASELINE,10.715425665191376,False,False,60.34932221063608
599009493.0,2,8.858595246550593,8.858595246550593,10.715425665191376,2.625954761068708,7.001764827909808,2,0,0,0,0,0,0,0,0.0,0.0,599009495.0,seat_position,BASELINE,belt_anchorage,BASELINE,10.715425665191376,False,False,60.34932221063608
599035446.0,4,8.79188014201449,9.367447290220444,10.715425665191376,2.1579090429581895,5.717200322425695,4,0,0,0,0,0,0,0,0.0,0.0,599035450.0,seat_position,BASELINE,seat_position,BASELINE,10.715425665191376,False,False,60.34932221063608
852114302.0,3,9.969760457471837,10.296216001921708,10.715425665191376,0.9518489196657692,8.897639705302428,3,0,0,0,0,0,0,0,0.0,0.0,852114305.0,seat_position,BASELINE,seat_position,BASELINE,10.715425665191376,False,False,60.34932221063608
385086126.0,2,9.107921340437452,9.107921340437452,10.713582476081957,2.270747754603845,7.502260204792947,2,0,0,0,0,0,0,0,0.0,0.0,385086128.0,belt_anchorage,BASELINE,belt_anchorage,BASELINE,10.713582476081957,False,False,60.21897810218978
554152464.0,3,9.589380729889653,10.661870308952253,10.703064067965572,1.8933933160249252,7.403207812751137,3,0,0,0,0,0,0,0,0.0,0.0,554152552.0,belt_anchorage,BASELINE,belt_anchorage,BASELINE,10.703064067965572,False,False,60.140771637122
734042796.0,2,9.794431216628116,9.794431216628116,10.703064067965572,1.285000901579166,8.885798365290661,2,0,0,0,0,0,0,0,0.0,0.0,734042799.0,belt_anchorage,BASELINE,belt_anchorage,BASELINE,10.703064067965572,False,False,60.140771637122
357323847.0,3,10.093659184913399,10.416841691172774,10.692557693597031,0.8103578697630744,9.171578169970392,3,0,0,0,0,0,0,0,0.0,0.0,357323849.0,belt_anchorage,BASELINE,belt_anchorage,BASELINE,10.692557693597031,False,False,60.03649635036496
554130018.0,2,8.949571156697669,8.949571156697669,10.692557693597031,2.464955199516792,7.2065846197983054,2,0,0,0,0,0,0,0,0.0,0.0,554130020.0,belt_anchorage,BASELINE,belt_anchorage,BASELINE,10.692557693597031,False,False,60.03649635036496
360247397.0,1,10.686278439035656,10.686278439035656,10.686278439035656,0.0,10.686278439035656,1,0,0,0,0,0,0,0,0.0,0.0,360247398.0,seat_type,BASELINE,seat_type,BASELINE,10.686278439035656,False,False,59.95828988529719
554123944.0,1,10.685801222749207,10.685801222749207,10.685801222749207,0.0,10.685801222749207,1,0,0,0,0,0,0,0,0.0,0.0,554123946.0,belt_anchorage,BASELINE,belt_anchorage,BASELINE,10.685801222749207,False,False,59.854014598540154
795644786.0,1,10.685801222749207,10.685801222749207,10.685801222749207,0.0,10.685801222749207,1,0,0,0,0,0,0,0,0.0,0.0,795644788.0,belt_anchorage,BASELINE,belt_anchorage,BASELINE,10.685801222749207,False,False,59.854014598540154
886001980.0,1,10.685801222749207,10.685801222749207,10.685801222749207,0.0,10.685801222749207,1,0,0,0,0,0,0,0,0.0,0.0,886001982.0,belt_anchorage,BASELINE,belt_anchorage,BASELINE,10.685801222749207,False,False,59.854014598540154
359901028.0,3,8.596252731496639,7.99679527699384,10.684350036101526,1.8621960418507395,7.107612881394555,3,0,0,0,0,0,0,0,0.0,0.0,359901029.0,seat_performance,BASELINE,seat_position,BASELINE,10.684350036101526,False,False,59.72367049009385
433405060.0,2,10.148256857889335,10.148256857889335,10.684350036101526,0.758150243323377,9.612163679677144,2,0,0,0,0,0,0,0,0.0,0.0,433405061.0,seat_performance,BASELINE,seat_performance,BASELINE,10.684350036101526,False,False,59.72367049009385
328100792.0,2,9.406284313820848,9.406284313820848,10.675656051696464,1.7951627273968032,8.13691257594523,2,0,0,0,0,0,0,0,0.0,0.0,328100795.0,seat_track_position,BASELINE,seat_type,BASELINE,10.675656051696464,False,False,59.61939520333681
701161830.0,2,9.406284313820848,9.406284313820848,10.675656051696464,1.7951627273968032,8.13691257594523,2,0,0,0,0,0,0,0,0.0,0.0,701161833.0,seat_track_position,BASELINE,seat_type,BASELINE,10.675656051696464,False,False,59.61939520333681
360412449.0,1,10.665684532116588,10.665684532116588,10.665684532116588,0.0,10.665684532116588,1,0,0,0,0,0,0,0,0.0,0.0,360412451.0,seat_performance,BASELINE,seat_performance,BASELINE,10.665684532116588,False,False,59.51511991657977
897025122.0,1,10.665684532116588,10.665684532116588,10.665684532116588,0.0,10.665684532116588,1,0,0,0,0,0,0,0,0.0,0.0,897025124.0,seat_performance,BASELINE,seat_performance,BASELINE,10.665684532116588,False,False,59.51511991657977
359669472.0,2,10.071436539212886,10.071436539212886,10.652323547865842,0.8214982858433482,9.49054953055993,2,0,0,0,0,0,0,0,0.0,0.0,359669475.0,seat_type,BASELINE,seat_type,BASELINE,10.652323547865842,False,False,59.38477580813347
555116741.0,2,10.071436539212886,10.071436539212886,10.652323547865842,0.8214982858433482,9.49054953055993,2,0,0,0,0,0,0,0,0.0,0.0,555116744.0,seat_type,BASELINE,seat_type,BASELINE,10.652323547865842,False,False,59.38477580813347
897025100.0,2,9.88610839190633,9.88610839190633,10.652323547865842,1.0835918652537604,9.119893235946815,2,0,0,0,0,0,0,0,0.0,0.0,897025103.0,seat_type,BASELINE,seat_type,BASELINE,10.652323547865842,False,False,59.38477580813347
360216746.0,1,10.6492638500428,10.6492638500428,10.6492638500428,0.0,10.6492638500428,1,0,0,0,0,0,0,0,0.0,0.0,360216748.0,seat_type,BASELINE,seat_type,BASELINE,10.6492638500428,False,False,59.254431699687174
795709971.0,2,10.445972180678002,10.445972180678002,10.6492638500428,0.2874978359331649,10.242680511313203,2,0,0,0,0,0,0,0,0.0,0.0,795709990.0,seat_type,BASELINE,seat_type,BASELINE,10.6492638500428,False,False,59.254431699687174
325121664.0,2,10.53038888306655,10.53038888306655,10.635181854344316,0.14819964122239024,10.425595911788784,2,0,0,0,0,0,0,0,0.0,0.0,325121665.0,seat_track_position,BASELINE,seat_track_position,BASELINE,10.635181854344316,False,False,59.15015641293013
561167192.0,1,10.635181854344316,10.635181854344316,10.635181854344316,0.0,10.635181854344316,1,0,0,0,0,0,0,0,0.0,0.0,561167194.0,seat_track_position,BASELINE,seat_track_position,BASELINE,10.635181854344316,False,False,59.15015641293013
385081421.0,2,8.70022686579088,8.70022686579088,10.630459444101913,2.729761090781851,6.769994287479846,2,0,0,0,0,0,0,0,0.0,0.0,385081423.0,seat_track_position,BASELINE,seat_track_position,BASELINE,10.630459444101913,False,False,59.07194994786236
344087971.0,1,10.614729437941264,10.614729437941264,10.614729437941264,0.0,10.614729437941264,1,0,0,0,0,0,0,0,0.0,0.0,344087972.0,posture,BASELINE,posture,BASELINE,10.614729437941264,False,False,58.96767466110532
556122214.0,1,10.614729437941264,10.614729437941264,10.614729437941264,0.0,10.614729437941264,1,0,0,0,0,0,0,0,0.0,0.0,556122215.0,posture,BASELINE,posture,BASELINE,10.614729437941264,False,False,58.96767466110532
561166665.0,1,10.614729437941264,10.614729437941264,10.614729437941264,0.0,10.614729437941264,1,0,0,0,0,0,0,0,0.0,0.0,561166666.0,posture,BASELINE,posture,BASELINE,10.614729437941264,False,False,58.96767466110532
599006709.0,3,8.45327571830369,8.555054169847097,10.61227785759188,2.2116484768753857,6.1924951274720925,3,0,0,0,0,0,0,0,0.0,0.0,599006714.0,seat_type,BASELINE,seat_track_position,BASELINE,10.61227785759188,False,False,58.863399374348276
359605820.0,2,9.71558257669048,9.71558257669048,10.611943894014756,1.2676463317466045,8.819221259366204,2,0,0,0,0,0,0,0,0.0,0.0,359606022.0,seat_position,BASELINE,seat_performance,BASELINE,10.611943894014756,False,False,58.811261730969754
325103233.0,2,9.728020670579845,9.728020670579845,10.604768743504287,1.239909015514222,8.851272597655402,2,0,0,0,0,0,0,0,0.0,0.0,325105178.0,belt_anchorage,BASELINE,belt_anchorage,BASELINE,10.604768743504287,False,False,58.75912408759124
556145487.0,2,10.266947860575009,10.266947860575009,10.604281141733455,0.47706130125409324,9.92961457941656,2,0,0,0,0,0,0,0,0.0,0.0,556145491.0,seat_performance,BASELINE,seat_performance,BASELINE,10.604281141733455,False,False,58.68091762252347
651114468.0,1,10.604281141733455,10.604281141733455,10.604281141733455,0.0,10.604281141733455,1,0,0,0,0,0,0,0,0.0,0.0,651114470.0,seat_performance,BASELINE,seat_performance,BASELINE,10.604281141733455,False,False,58.68091762252347
341222443.0,2,8.796898791743319,8.796898791743319,10.59203275557683,2.5387027979299237,7.001764827909808,2,0,0,0,0,0,0,0,0.0,0.0,341222446.0,belt_anchorage,BASELINE,belt_anchorage,BASELINE,10.59203275557683,False,False,58.57664233576643
852152344.0,4,9.02068893874387,8.969795765139036,10.59203275557683,1.3315692309481122,7.551131469120578,4,0,0,0,0,0,0,0,0.0,0.0,852152347.0,belt_anchorage,BASELINE,seat_position,BASELINE,10.59203275557683,False,False,58.57664233576643
852131772.0,2,10.144969641480895,10.144969641480895,10.585649334840715,0.6232151990118736,9.704289948121076,2,0,0,0,0,0,0,0,0.0,0.0,852131775.0,seat_position,BASELINE,seat_performance,BASELINE,10.585649334840715,False,False,58.49843587069864
328104729.0,3,7.80000074736144,6.999605691776187,10.577428828035748,2.476226824284911,5.822967722272384,3,0,0,0,0,0,0,0,0.0,0.0,328104733.0,seat_position,BASELINE,seat_position,BASELINE,10.577428828035748,False,False,58.44629822732013
349177666.0,3,8.524247938417728,7.99679527699384,10.57634284648316,1.8457835466266594,6.999605691776187,3,0,0,0,0,0,0,0,0.0,0.0,349177668.0,seat_performance,BASELINE,seat_position,BASELINE,10.57634284648316,False,False,58.3941605839416
359816735.0,1,10.576182009392369,10.576182009392369,10.576182009392369,0.0,10.576182009392369,1,0,0,0,0,0,0,0,0.0,0.0,359816751.0,seat_type,BASELINE,seat_type,BASELINE,10.576182009392369,False,False,58.315954118873826
852199991.0,1,10.576182009392369,10.576182009392369,10.576182009392369,0.0,10.576182009392369,1,0,0,0,0,0,0,0,0.0,0.0,852199992.0,seat_type,BASELINE,seat_type,BASELINE,10.576182009392369,False,False,58.315954118873826
349232302.0,1,10.566861253532712,10.566861253532712,10.566861253532712,0.0,10.566861253532712,1,0,0,0,0,0,0,0,0.0,0.0,349232305.0,belt_use,BASELINE,belt_use,BASELINE,10.566861253532712,False,False,58.21167883211679
550030809.0,1,10.566861253532712,10.566861253532712,10.566861253532712,0.0,10.566861253532712,1,0,0,0,0,0,0,0,0.0,0.0,550031133.0,belt_use,BASELINE,belt_use,BASELINE,10.566861253532712,False,False,58.21167883211679
349185064.0,1,10.56627631075365,10.56627631075365,10.56627631075365,0.0,10.56627631075365,1,0,0,0,0,0,0,0,0.0,0.0,349185066.0,belt_anchorage,BASELINE,belt_anchorage,BASELINE,10.56627631075365,False,False,58.08133472367049
554123738.0,1,10.56627631075365,10.56627631075365,10.56627631075365,0.0,10.56627631075365,1,0,0,0,0,0,0,0,0.0,0.0,554123740.0,belt_anchorage,BASELINE,belt_anchorage,BASELINE,10.56627631075365,False,False,58.08133472367049
554136105.0,1,10.56627631075365,10.56627631075365,10.56627631075365,0.0,10.56627631075365,1,0,0,0,0,0,0,0,0.0,0.0,554136107.0,belt_anchorage,BASELINE,belt_anchorage,BASELINE,10.56627631075365,False,False,58.08133472367049
341219186.0,1,10.561877555675528,10.561877555675528,10.561877555675528,0.0,10.561877555675528,1,0,0,0,0,0,0,0,0.0,0.0,341219190.0,posture,BASELINE,posture,BASELINE,10.561877555675528,False,False,57.872784150156406
341231492.0,2,8.665935921577686,8.665935921577686,10.561877555675528,2.6812663724089747,6.769994287479846,2,0,0,0,0,0,0,0,0.0,0.0,341231494.0,posture,BASELINE,posture,BASELINE,10.561877555675528,False,False,57.872784150156406
349195781.0,2,10.19174247273686,10.19174247273686,10.561877555675528,0.5234500542019531,9.821607389798194,2,0,0,0,0,0,0,0,0.0,0.0,349195782.0,posture,BASELINE,posture,BASELINE,10.561877555675528,False,False,57.872784150156406
795741212.0,2,9.901296364309887,9.901296364309887,10.561877555675528,0.9342028798778654,9.240715172944247,2,0,0,0,0,0,0,0,0.0,0.0,795741213.0,posture,BASELINE,posture,BASELINE,10.561877555675528,False,False,57.872784150156406
852139675.0,1,10.561877555675528,10.561877555675528,10.561877555675528,0.0,10.561877555675528,1,0,0,0,0,0,0,0,0.0,0.0,852139676.0,posture,BASELINE,posture,BASELINE,10.561877555675528,False,False,57.872784150156406
791835379.0,1,10.557677342498222,10.557677342498222,10.557677342498222,0.0,10.557677342498222,1,0,0,0,0,0,0,0,0.0,0.0,791835384.0,seat_performance,BASELINE,seat_performance,BASELINE,10.557677342498222,False,False,57.716371220020854
791835371.0,1,10.55295493225582,10.55295493225582,10.55295493225582,0.0,10.55295493225582,1,0,0,0,0,0,0,0,0.0,0.0,791835372.0,seat_performance,BASELINE,seat_performance,BASELINE,10.55295493225582,False,False,57.66423357664233
349170302.0,2,8.974806098190689,8.974806098190689,10.54640438363024,2.2225756098709164,7.403207812751137,2,0,0,0,0,0,0,0,0.0,0.0,349170304.0,seat_track_position,BASELINE,belt_anchorage,BASELINE,10.54640438363024,False,False,57.58602711157456
795884621.0,2,9.990242748836046,9.990242748836046,10.54640438363024,0.786531326797542,9.43408111404185,2,0,0,0,0,0,0,0,0.0,0.0,795884623.0,seat_track_position,BASELINE,posture,BASELINE,10.54640438363024,False,False,57.58602711157456
347694424.0,1,10.545684756005958,10.545684756005958,10.545684756005958,0.0,10.545684756005958,1,0,0,0,0,0,0,0,0.0,0.0,347694426.0,posture,BASELINE,posture,BASELINE,10.545684756005958,False,False,57.50782064650678
561113181.0,1,10.5354303163257,10.5354303163257,10.5354303163257,0.0,10.5354303163257,1,0,0,0,0,0,0,0,0.0,0.0,561113183.0,seat_performance,BASELINE,seat_performance,BASELINE,10.5354303163257,False,False,57.45568300312826
627082228.0,3,8.68406922158748,10.097079825924231,10.533603101407154,2.833864062695002,5.421524737431055,3,0,0,0,0,0,0,0,0.0,0.0,627082231.0,seat_performance,BASELINE,seat_track_position,BASELINE,10.533603101407154,False,False,57.37747653806048
852125386.0,3,8.046047412546397,7.673564224341288,10.533603101407154,2.3238124616359097,5.9309749118907495,3,0,0,0,0,0,0,0,0.0,0.0,852125389.0,seat_performance,BASELINE,seat_track_position,BASELINE,10.533603101407154,False,False,57.37747653806048
796485610.0,3,8.615433916045324,9.489730924456437,10.53360310140715,2.4740286706051937,5.822967722272384,3,0,0,0,0,0,0,0,0.0,0.0,796485613.0,seat_track_position,BASELINE,seat_track_position,BASELINE,10.53360310140715,False,False,57.299270072992705
328086504.0,1,10.521498366112471,10.521498366112471,10.521498366112471,0.0,10.521498366112471,1,0,0,0,0,0,0,0,0.0,0.0,328086506.0,seat_track_position,BASELINE,seat_track_position,BASELINE,10.521498366112471,False,False,57.19499478623567
328088482.0,1,10.521498366112471,10.521498366112471,10.521498366112471,0.0,10.521498366112471,1,0,0,0,0,0,0,0,0.0,0.0,328088483.0,seat_track_position,BASELINE,seat_track_position,BASELINE,10.521498366112471,False,False,57.19499478623567
561099112.0,1,10.521498366112471,10.521498366112471,10.521498366112471,0.0,10.521498366112471,1,0,0,0,0,0,0,0,0.0,0.0,561099114.0,seat_track_position,BASELINE,seat_track_position,BASELINE,10.521498366112471,False,False,57.19499478623567
110161948.0,2,9.032126562741357,9.032126562741357,10.513121656362136,2.0944433472065174,7.551131469120578,2,0,0,0,0,0,0,0,0.0,0.0,110161949.0,seat_track_position,BASELINE,seat_track_position,BASELINE,10.513121656362136,False,False,57.064650677789366
328100801.0,1,10.513121656362136,10.513121656362136,10.513121656362136,0.0,10.513121656362136,1,0,0,0,0,0,0,0,0.0,0.0,328100802.0,seat_track_position,BASELINE,seat_track_position,BASELINE,10.513121656362136,False,False,57.064650677789366
314049862.0,4,9.761238179852333,9.64117371727902,10.495759530674276,0.520511953055281,9.266845754177012,4,0,0,0,0,0,0,0,0.0,0.0,314049864.0,seat_performance,BASELINE,seat_performance,BASELINE,10.495759530674276,False,False,56.98644421272159
795712761.0,2,8.744751364809172,8.744751364809172,10.487737901708536,2.464955199516794,7.001764827909808,2,0,0,0,0,0,0,0,0.0,0.0,795712823.0,belt_anchorage,BASELINE,belt_anchorage,BASELINE,10.487737901708536,False,False,56.908237747653814
897010881.0,2,7.9546313195697955,7.9546313195697955,10.487737901708536,3.5823536833971636,5.421524737431055,2,0,0,0,0,0,0,0,0.0,0.0,897001912.0,belt_anchorage,BASELINE,seat_track_position,BASELINE,10.487737901708536,False,False,56.908237747653814
734085977.0,1,10.4602697740964,10.4602697740964,10.4602697740964,0.0,10.4602697740964,1,0,0,0,0,0,0,0,0.0,0.0,734085978.0,seat_track_position,BASELINE,seat_track_position,BASELINE,10.4602697740964,False,False,56.80396246089676
734096457.0,1,10.4602697740964,10.4602697740964,10.4602697740964,0.0,10.4602697740964,1,0,0,0,0,0,0,0,0.0,0.0,734096458.0,seat_track_position,BASELINE,seat_track_position,BASELINE,10.4602697740964,False,False,56.80396246089676
328106799.0,2,10.429726327517177,10.429726327517177,10.45950567325533,0.04211435462149371,10.399946981779024,2,0,0,0,0,0,0,0,0.0,0.0,328106803.0,seat_type,BASELINE,seat_type,BASELINE,10.45950567325533,False,False,56.673618352450475
341420710.0,2,9.112880977293724,9.112880977293724,10.45950567325533,1.9044149084554507,7.766256281332116,2,0,0,0,0,0,0,0,0.0,0.0,341420713.0,seat_type,BASELINE,seat_type,BASELINE,10.45950567325533,False,False,56.673618352450475
554131452.0,2,9.093845388046374,9.093845388046374,10.45950567325533,1.9313352969368154,7.7281851028374176,2,0,0,0,0,0,0,0,0.0,0.0,554131454.0,seat_type,BASELINE,seat_type,BASELINE,10.45950567325533,False,False,56.673618352450475
556147802.0,1,10.43868162330361,10.43868162330361,10.43868162330361,0.0,10.43868162330361,1,0,0,0,0,0,0,0,0.0,0.0,556147803.0,seat_type,BASELINE,seat_type,BASELINE,10.43868162330361,False,False,56.56934306569343
142464025.0,1,10.437677566387592,10.437677566387592,10.437677566387592,0.0,10.437677566387592,1,0,0,0,0,0,0,0,0.0,0.0,142464028.0,posture,BASELINE,posture,BASELINE,10.437677566387592,False,False,56.491136600625644
341404352.0,1,10.437677566387592,10.437677566387592,10.437677566387592,0.0,10.437677566387592,1,0,0,0,0,0,0,0,0.0,0.0,341404354.0,posture,BASELINE,posture,BASELINE,10.437677566387592,False,False,56.491136600625644
142548128.0,5,8.286939905359086,8.384420213480396,10.430235176234849,1.6628909242270768,5.9309749118907495,5,0,0,0,0,0,0,0,0.0,0.0,142657341.0,seat_position,BASELINE,seat_position,BASELINE,10.430235176234849,False,False,56.38686131386861
344062910.0,5,8.510944182322238,7.551131469120578,10.430235176234849,1.7700708889086085,6.769994287479846,5,0,0,0,0,0,0,0,0.0,0.0,344062915.0,seat_position,BASELINE,seat_position,BASELINE,10.430235176234849,False,False,56.38686131386861
360208674.0,2,9.587983172873619,9.587983172873619,10.425595911788788,1.1845632953903065,8.75037043395845,2,0,0,0,0,0,0,0,0.0,0.0,360208676.0,seat_performance,BASELINE,seat_performance,BASELINE,10.425595911788788,False,False,56.308654848800835
325148827.0,2,8.255041924821256,8.255041924821256,10.425595911788784,3.0696268862324736,6.084487937853726,2,0,0,0,0,0,0,0,0.0,0.0,357149063.0,seat_track_position,BASELINE,seat_track_position,BASELINE,10.425595911788784,False,False,56.25651720542232
341232844.0,3,9.423163574356066,9.785684786507192,10.416841691172774,1.2161608546965974,8.066964245388235,3,0,0,0,0,0,0,0,0.0,0.0,341232848.0,seat_position,BASELINE,seat_track_position,BASELINE,10.416841691172774,False,False,56.20437956204379
651130465.0,1,10.412605512755515,10.412605512755515,10.412605512755515,0.0,10.412605512755515,1,0,0,0,0,0,0,0,0.0,0.0,651130467.0,seat_type,BASELINE,seat_type,BASELINE,10.412605512755515,False,False,56.15224191866528
328098836.0,1,10.399946981779024,10.399946981779024,10.399946981779024,0.0,10.399946981779024,1,0,0,0,0,0,0,0,0.0,0.0,328098838.0,seat_type,BASELINE,seat_type,BASELINE,10.399946981779024,False,False,56.04796663190824
556125984.0,1,10.399946981779024,10.399946981779024,10.399946981779024,0.0,10.399946981779024,1,0,0,0,0,0,0,0,0.0,0.0,556125986.0,seat_type,BASELINE,seat_type,BASELINE,10.399946981779024,False,False,56.04796663190824
791835414.0,1,10.399946981779024,10.399946981779024,10.399946981779024,0.0,10.399946981779024,1,0,0,0,0,0,0,0,0.0,0.0,791835416.0,seat_type,BASELINE,seat_type,BASELINE,10.399946981779024,False,False,56.04796663190824
339414914.0,1,10.399461349844955,10.399461349844955,10.399461349844955,0.0,10.399461349844955,1,0,0,0,0,0,0,0,0.0,0.0,339414916.0,seat_performance,BASELINE,seat_performance,BASELINE,10.399461349844955,False,False,55.89155370177268
359751722.0,1,10.399461349844955,10.399461349844955,10.399461349844955,0.0,10.399461349844955,1,0,0,0,0,0,0,0,0.0,0.0,359751726.0,seat_performance,BASELINE,seat_performance,BASELINE,10.399461349844955,False,False,55.89155370177268
359751747.0,1,10.399461349844955,10.399461349844955,10.399461349844955,0.0,10.399461349844955,1,0,0,0,0,0,0,0,0.0,0.0,359751750.0,seat_performance,BASELINE,seat_performance,BASELINE,10.399461349844955,False,False,55.89155370177268
556148799.0,1,10.388892340275596,10.388892340275596,10.388892340275596,0.0,10.388892340275596,1,0,0,0,0,0,0,0,0.0,0.0,556148801.0,seat_performance,BASELINE,seat_performance,BASELINE,10.388892340275596,False,False,55.76120959332638
852148097.0,2,8.86743421925349,8.86743421925349,10.388892340275596,2.1516667093321495,7.345976098231382,2,0,0,0,0,0,0,0,0.0,0.0,852148099.0,seat_performance,BASELINE,seat_performance,BASELINE,10.388892340275596,False,False,55.76120959332638
349221515.0,1,10.372397179358488,10.372397179358488,10.372397179358488,0.0,10.372397179358488,1,0,0,0,0,0,0,0,0.0,0.0,349221517.0,belt_anchorage,BASELINE,belt_anchorage,BASELINE,10.372397179358488,False,False,55.63086548488009
554153200.0,1,10.372397179358488,10.372397179358488,10.372397179358488,0.0,10.372397179358488,1,0,0,0,0,0,0,0,0.0,0.0,554153202.0,belt_anchorage,BASELINE,belt_anchorage,BASELINE,10.372397179358488,False,False,55.63086548488009
897000791.0,2,8.686001435567338,8.686001435567338,10.372397179358488,2.3849237323977084,6.999605691776187,2,0,0,0,0,0,0,0,0.0,0.0,4105.0,belt_anchorage,BASELINE,belt_anchorage,BASELINE,10.372397179358488,False,False,55.63086548488009
651116731.0,1,10.357748693131956,10.357748693131956,10.357748693131956,0.0,10.357748693131956,1,0,0,0,0,0,0,0,0.0,0.0,651116732.0,posture,BASELINE,posture,BASELINE,10.357748693131956,False,False,55.50052137643379
651130446.0,1,10.357748693131956,10.357748693131956,10.357748693131956,0.0,10.357748693131956,1,0,0,0,0,0,0,0,0.0,0.0,651130447.0,posture,BASELINE,posture,BASELINE,10.357748693131956,False,False,55.50052137643379
318669575.0,1,10.330610524437205,10.330610524437205,10.330610524437205,0.0,10.330610524437205,1,0,0,0,0,0,0,0,0.0,0.0,318669578.0,seat_performance,BASELINE,seat_performance,BASELINE,10.330610524437205,False,False,55.39624608967675
347578520.0,1,10.330610524437205,10.330610524437205,10.330610524437205,0.0,10.330610524437205,1,0,0,0,0,0,0,0,0.0,0.0,347578524.0,seat_performance,BASELINE,seat_performance,BASELINE,10.330610524437205,False,False,55.39624608967675
556118963.0,1,10.314257467151768,10.314257467151768,10.314257467151768,0.0,10.314257467151768,1,0,0,0,0,0,0,0,0.0,0.0,556118966.0,seat_type,BASELINE,seat_type,BASELINE,10.314257467151768,False,False,55.26590198123045
651113562.0,1,10.314257467151768,10.314257467151768,10.314257467151768,0.0,10.314257467151768,1,0,0,0,0,0,0,0,0.0,0.0,651113564.0,seat_type,BASELINE,seat_type,BASELINE,10.314257467151768,False,False,55.26590198123045
852147518.0,1,10.314257467151768,10.314257467151768,10.314257467151768,0.0,10.314257467151768,1,0,0,0,0,0,0,0,0.0,0.0,852147519.0,seat_type,BASELINE,seat_type,BASELINE,10.314257467151768,False,False,55.26590198123045
142598271.0,2,9.528702325463442,9.528702325463442,10.307034216968436,1.1007275169938655,8.75037043395845,2,0,0,0,0,0,0,0,0.0,0.0,142598274.0,seat_performance,BASELINE,seat_performance,BASELINE,10.307034216968436,False,False,55.05735140771637
360220936.0,2,10.088440774702304,10.088440774702304,10.307034216968436,0.30913781069858337,9.869847332436173,2,0,0,0,0,0,0,0,0.0,0.0,360220938.0,seat_performance,BASELINE,seat_performance,BASELINE,10.307034216968436,False,False,55.05735140771637
360241794.0,2,8.802237314936441,8.802237314936441,10.307034216968436,2.128104187470663,7.297440412904448,2,0,0,0,0,0,0,0,0.0,0.0,360241797.0,seat_performance,BASELINE,belt_anchorage,BASELINE,10.307034216968436,False,False,55.05735140771637
360258974.0,2,8.06612086450625,8.06612086450625,10.307034216968436,3.169130055154985,5.825207512044061,2,0,0,0,0,0,0,0,0.0,0.0,360259182.0,seat_performance,BASELINE,seat_track_position,BASELINE,10.307034216968436,False,False,55.05735140771637
650101379.0,2,7.918283072008928,7.918283072008928,10.307034216968436,3.378204266335995,5.529531927049421,2,0,0,0,0,0,0,0,0.0,0.0,650102374.0,seat_performance,BASELINE,seat_track_position,BASELINE,10.307034216968436,False,False,55.05735140771637
650111763.0,1,10.299605833027565,10.299605833027565,10.299605833027565,0.0,10.299605833027565,1,0,0,0,0,0,0,0,0.0,0.0,650111764.0,posture,BASELINE,posture,BASELINE,10.299605833027565,False,False,54.900938477580816
556120916.0,1,10.296216001921708,10.296216001921708,10.296216001921708,0.0,10.296216001921708,1,0,0,0,0,0,0,0,0.0,0.0,556120917.0,posture,BASELINE,posture,BASELINE,10.296216001921708,False,False,54.79666319082378
591143236.0,1,10.296216001921708,10.296216001921708,10.296216001921708,0.0,10.296216001921708,1,0,0,0,0,0,0,0,0.0,0.0,591143237.0,posture,BASELINE,posture,BASELINE,10.296216001921708,False,False,54.79666319082378
651130459.0,1,10.296216001921708,10.296216001921708,10.296216001921708,0.0,10.296216001921708,1,0,0,0,0,0,0,0,0.0,0.0,651130461.0,posture,BASELINE,posture,BASELINE,10.296216001921708,False,False,54.79666319082378
360218745.0,2,9.089706768352436,9.089706768352436,10.285405167575451,1.6909728926889889,7.894008369129419,2,0,0,0,0,0,0,0,0.0,0.0,360218747.0,belt_use,BASELINE,belt_use,BASELINE,10.285405167575451,False,False,54.69238790406674
360222753.0,2,8.525439719068538,8.525439719068538,10.28088515065723,2.48257473735862,6.769994287479846,2,0,0,0,0,0,0,0,0.0,0.0,360222755.0,seat_performance,BASELINE,seat_performance,BASELINE,10.28088515065723,False,False,54.614181438998955
433354916.0,2,10.01837916494621,10.01837916494621,10.28088515065723,0.37123952519664166,9.755873179235191,2,0,0,0,0,0,0,0,0.0,0.0,433354921.0,seat_performance,BASELINE,seat_performance,BASELINE,10.28088515065723,False,False,54.614181438998955
897002311.0,1,10.262580068750909,10.262580068750909,10.262580068750909,0.0,10.262580068750909,1,0,0,0,0,0,0,0,0.0,0.0,4510.0,seat_type,BASELINE,seat_type,BASELINE,10.262580068750909,False,False,54.535974973931175
558033880.0,2,10.00529442892731,10.00529442892731,10.242680511313203,0.335714617228745,9.76790834654142,2,0,0,0,0,0,0,0,0.0,0.0,558033913.0,seat_type,BASELINE,seat_type,BASELINE,10.242680511313203,False,False,54.48383733055265
897000714.0,1,10.235942463039576,10.235942463039576,10.235942463039576,0.0,10.235942463039576,1,0,0,0,0,0,0,0,0.0,0.0,897000180.0,seat_type,BASELINE,seat_type,BASELINE,10.235942463039576,False,False,54.43169968717414
349177657.0,2,9.089706768352436,9.089706768352436,10.232553285309717,1.616229043991841,7.946860251395154,2,0,0,0,0,0,0,0,0.0,0.0,349177660.0,belt_use,BASELINE,belt_use,BASELINE,10.232553285309717,False,False,54.353493222106366
599037038.0,2,8.212524206390905,8.212524206390905,10.232553285309717,2.856752519795015,6.1924951274720925,2,0,0,0,0,0,0,0,0.0,0.0,599037040.0,belt_use,BASELINE,seat_track_position,BASELINE,10.232553285309717,False,False,54.353493222106366
795823305.0,1,10.1915986434092,10.1915986434092,10.1915986434092,0.0,10.1915986434092,1,0,0,0,0,0,0,0,0.0,0.0,795823306.0,posture,BASELINE,posture,BASELINE,10.1915986434092,False,False,54.27528675703858
556127543.0,1,10.188208812303342,10.188208812303342,10.188208812303342,0.0,10.188208812303342,1,0,0,0,0,0,0,0,0.0,0.0,556127548.0,posture,BASELINE,posture,BASELINE,10.188208812303342,False,False,54.223149113660064
142462193.0,2,8.515465189170834,8.515465189170834,10.152928901243458,2.3157233895068963,6.878001477098212,2,0,0,0,0,0,0,0,0.0,0.0,142462194.0,posture,BASELINE,posture,BASELINE,10.152928901243458,False,False,54.144942648592284
651119282.0,1,10.152928901243458,10.152928901243458,10.152928901243458,0.0,10.152928901243458,1,0,0,0,0,0,0,0,0.0,0.0,651119283.0,posture,BASELINE,posture,BASELINE,10.152928901243458,False,False,54.144942648592284
599015272.0,1,10.132396588459066,10.132396588459066,10.132396588459066,0.0,10.132396588459066,1,0,0,0,0,0,0,0,0.0,0.0,599015274.0,seat_type,BASELINE,seat_type,BASELINE,10.132396588459066,False,False,54.0667361835245
328103960.0,1,10.11462513629962,10.11462513629962,10.11462513629962,0.0,10.11462513629962,1,0,0,0,0,0,0,0,0.0,0.0,328103961.0,belt_anchorage,BASELINE,belt_anchorage,BASELINE,10.11462513629962,False,False,54.01459854014598
328097471.0,4,7.989983613682862,7.835179750667564,10.097079825924231,1.609449899231677,6.1924951274720925,4,0,0,0,0,0,0,0,0.0,0.0,328097474.0,seat_position,BASELINE,seat_position,BASELINE,10.097079825924231,False,False,53.93639207507821
554150600.0,4,8.869761541929169,8.854201058725579,10.097079825924231,1.3507413169487763,7.673564224341288,4,0,0,0,0,0,0,0,0.0,0.0,554150604.0,seat_position,BASELINE,seat_type,BASELINE,10.097079825924231,False,False,53.93639207507821
734100046.0,3,9.467045575808212,9.555171316797674,10.061299836483524,0.6428634144309813,8.784665574143439,3,0,0,0,0,0,0,0,0.0,0.0,734100049.0,seat_position,BASELINE,seat_track_position,BASELINE,10.061299836483524,False,False,53.85818561001042
357150543.0,1,10.028357390670582,10.028357390670582,10.028357390670582,0.0,10.028357390670582,1,0,0,0,0,0,0,0,0.0,0.0,357150544.0,posture,BASELINE,posture,BASELINE,10.028357390670582,False,False,53.753910323253386
650105458.0,1,10.028357390670582,10.028357390670582,10.028357390670582,0.0,10.028357390670582,1,0,0,0,0,0,0,0,0.0,0.0,650105459.0,posture,BASELINE,posture,BASELINE,10.028357390670582,False,False,53.753910323253386
791616995.0,1,10.028357390670582,10.028357390670582,10.028357390670582,0.0,10.028357390670582,1,0,0,0,0,0,0,0,0.0,0.0,791616996.0,posture,BASELINE,posture,BASELINE,10.028357390670582,False,False,53.753910323253386
339117632.0,1,9.990546686102428,9.990546686102428,9.990546686102428,0.0,9.990546686102428,1,0,0,0,0,0,0,0,0.0,0.0,339117634.0,belt_anchorage,BASELINE,belt_anchorage,BASELINE,9.990546686102428,False,False,53.597497393117834
591142453.0,2,9.387606130122933,9.387606130122933,9.990546686102428,0.8526867115709758,8.784665574143439,2,0,0,0,0,0,0,0,0.0,0.0,591142455.0,belt_anchorage,BASELINE,belt_anchorage,BASELINE,9.990546686102428,False,False,53.597497393117834
650108380.0,1,9.990546686102428,9.990546686102428,9.990546686102428,0.0,9.990546686102428,1,0,0,0,0,0,0,0,0.0,0.0,650108381.0,belt_anchorage,BASELINE,belt_anchorage,BASELINE,9.990546686102428,False,False,53.597497393117834
554135256.0,2,9.196444106358967,9.196444106358967,9.985484583531534,1.1158717440787818,8.407403629186401,2,0,0,0,0,0,0,0,0.0,0.0,554135259.0,belt_anchorage,BASELINE,belt_anchorage,BASELINE,9.985484583531534,False,False,53.46715328467153
904425728.0,2,8.958985620119984,8.958985620119984,9.985484583531534,1.4516887558185372,7.932486656708434,2,0,0,0,0,0,0,0,0.0,0.0,904425731.0,belt_anchorage,BASELINE,seat_performance,BASELINE,9.985484583531534,False,False,53.46715328467153
341229975.0,1,9.983910317960431,9.983910317960431,9.983910317960431,0.0,9.983910317960431,1,0,0,0,0,0,0,0,0.0,0.0,341229977.0,seat_performance,BASELINE,seat_performance,BASELINE,9.983910317960431,False,False,53.33680917622523
359639098.0,1,9.983910317960431,9.983910317960431,9.983910317960431,0.0,9.983910317960431,1,0,0,0,0,0,0,0,0.0,0.0,359639100.0,seat_performance,BASELINE,seat_performance,BASELINE,9.983910317960431,False,False,53.33680917622523
852185114.0,1,9.983910317960431,9.983910317960431,9.983910317960431,0.0,9.983910317960431,1,0,0,0,0,0,0,0,0.0,0.0,852185115.0,seat_performance,BASELINE,seat_performance,BASELINE,9.983910317960431,False,False,53.33680917622523
554160110.0,2,9.682296671123796,9.682296671123796,9.98021701461374,0.4213229902703292,9.384376327633852,2,0,0,0,0,0,0,0,0.0,0.0,701160236.0,seat_type,BASELINE,seat_type,BASELINE,9.98021701461374,False,False,53.18039624608968
599037057.0,2,9.682296671123796,9.682296671123796,9.98021701461374,0.4213229902703292,9.384376327633852,2,0,0,0,0,0,0,0,0.0,0.0,599037059.0,seat_type,BASELINE,seat_type,BASELINE,9.98021701461374,False,False,53.18039624608968
852146335.0,2,9.058564795279484,9.058564795279484,9.98021701461374,1.3034130683737655,8.13691257594523,2,0,0,0,0,0,0,0,0.0,0.0,852146338.0,seat_type,BASELINE,seat_type,BASELINE,9.98021701461374,False,False,53.18039624608968
591152141.0,3,9.391494156688402,9.588494859903223,9.97785452205454,0.7057911585262844,8.608133088107442,3,0,0,0,0,0,0,0,0.0,0.0,591152143.0,seat_performance,BASELINE,seat_performance,BASELINE,9.97785452205454,False,False,53.05005213764338
650111767.0,2,9.548803965291118,9.548803965291118,9.97785452205454,0.6067691163185617,9.119753408527693,2,0,0,0,0,0,0,0,0.0,0.0,650111768.0,seat_performance,BASELINE,seat_performance,BASELINE,9.97785452205454,False,False,53.05005213764338
142598266.0,1,9.975709646961066,9.975709646961066,9.975709646961066,0.0,9.975709646961066,1,0,0,0,0,0,0,0,0.0,0.0,142598267.0,seat_type,BASELINE,seat_type,BASELINE,9.975709646961066,False,False,52.86757038581856
349200020.0,1,9.975709646961066,9.975709646961066,9.975709646961066,0.0,9.975709646961066,1,0,0,0,0,0,0,0,0.0,0.0,349200022.0,seat_type,BASELINE,seat_type,BASELINE,9.975709646961066,False,False,52.86757038581856
349377587.0,1,9.975709646961066,9.975709646961066,9.975709646961066,0.0,9.975709646961066,1,0,0,0,0,0,0,0,0.0,0.0,349377588.0,seat_type,BASELINE,seat_type,BASELINE,9.975709646961066,False,False,52.86757038581856
651120796.0,1,9.975709646961066,9.975709646961066,9.975709646961066,0.0,9.975709646961066,1,0,0,0,0,0,0,0,0.0,0.0,651120798.0,seat_type,BASELINE,seat_type,BASELINE,9.975709646961066,False,False,52.86757038581856
852122284.0,2,9.637198120106103,9.637198120106103,9.975709646961066,0.4787275922979125,9.29868659325114,2,0,0,0,0,0,0,0,0.0,0.0,852122285.0,seat_type,BASELINE,seat_type,BASELINE,9.975709646961066,False,False,52.86757038581856
324123519.0,1,9.975505508404847,9.975505508404847,9.975505508404847,0.0,9.975505508404847,1,0,0,0,0,0,0,0,0.0,0.0,324126556.0,posture,BASELINE,posture,BASELINE,9.975505508404847,False,False,52.58081334723671
325132700.0,1,9.975505508404847,9.975505508404847,9.975505508404847,0.0,9.975505508404847,1,0,0,0,0,0,0,0,0.0,0.0,325132702.0,posture,BASELINE,posture,BASELINE,9.975505508404847,False,False,52.58081334723671
339328817.0,1,9.975505508404847,9.975505508404847,9.975505508404847,0.0,9.975505508404847,1,0,0,0,0,0,0,0,0.0,0.0,339328818.0,posture,BASELINE,posture,BASELINE,9.975505508404847,False,False,52.58081334723671
349170296.0,2,9.628168287843685,9.628168287843685,9.975505508404847,0.49120900803457007,9.280831067282524,2,0,0,0,0,0,0,0,0.0,0.0,349170297.0,posture,BASELINE,posture,BASELINE,9.975505508404847,False,False,52.58081334723671
349172606.0,1,9.975505508404847,9.975505508404847,9.975505508404847,0.0,9.975505508404847,1,0,0,0,0,0,0,0,0.0,0.0,349172607.0,posture,BASELINE,posture,BASELINE,9.975505508404847,False,False,52.58081334723671
791659818.0,1,9.975505508404847,9.975505508404847,9.975505508404847,0.0,9.975505508404847,1,0,0,0,0,0,0,0,0.0,0.0,791659819.0,posture,BASELINE,posture,BASELINE,9.975505508404847,False,False,52.58081334723671
556174823.0,1,9.958113656926493,9.958113656926493,9.958113656926493,0.0,9.958113656926493,1,0,0,0,0,0,0,0,0.0,0.0,556174824.0,seat_type,BASELINE,seat_type,BASELINE,9.958113656926493,False,False,52.346193952033374
651128431.0,1,9.958113656926493,9.958113656926493,9.958113656926493,0.0,9.958113656926493,1,0,0,0,0,0,0,0,0.0,0.0,651128432.0,seat_type,BASELINE,seat_type,BASELINE,9.958113656926493,False,False,52.346193952033374
897025108.0,1,9.958113656926493,9.958113656926493,9.958113656926493,0.0,9.958113656926493,1,0,0,0,0,0,0,0,0.0,0.0,897025109.0,seat_type,BASELINE,seat_type,BASELINE,9.958113656926493,False,False,52.346193952033374
349305324.0,2,8.84239873418247,8.84239873418247,9.956612365527524,1.5757360288291504,7.7281851028374176,2,0,0,0,0,0,0,0,0.0,0.0,349305327.0,seat_type,BASELINE,seat_type,BASELINE,9.956612365527524,False,False,52.18978102189781
556125524.0,2,8.84239873418247,8.84239873418247,9.956612365527524,1.5757360288291504,7.7281851028374176,2,0,0,0,0,0,0,0,0.0,0.0,556125530.0,seat_type,BASELINE,seat_type,BASELINE,9.956612365527524,False,False,52.18978102189781
627084852.0,2,8.84239873418247,8.84239873418247,9.956612365527524,1.5757360288291504,7.7281851028374176,2,0,0,0,0,0,0,0,0.0,0.0,627084855.0,seat_type,BASELINE,seat_type,BASELINE,9.956612365527524,False,False,52.18978102189781
650105998.0,3,9.02891629865128,9.090431175044897,9.95582387458214,0.9591456298693344,8.0404938463268,3,0,0,0,0,0,0,0,0.0,0.0,650106002.0,seat_position,BASELINE,seat_position,BASELINE,9.95582387458214,False,False,52.08550573514077
651119343.0,2,8.755104092948875,8.755104092948875,9.929810766899443,1.6612861101110843,7.580397418998305,2,0,0,0,0,0,0,0,0.0,0.0,651124274.0,seat_position,BASELINE,seat_performance,BASELINE,9.929810766899443,False,False,52.00729927007299
651128457.0,2,8.712168122060476,8.712168122060476,9.929810766899443,1.7220067424551138,7.494525477221508,2,0,0,0,0,0,0,0,0.0,0.0,651128460.0,seat_position,BASELINE,seat_performance,BASELINE,9.929810766899443,False,False,52.00729927007299
359849309.0,2,8.931050618062496,8.931050618062496,9.92961457941656,1.4121826970439189,7.932486656708434,2,0,0,0,0,0,0,0,0.0,0.0,359849311.0,seat_performance,BASELINE,seat_performance,BASELINE,9.92961457941656,False,False,51.87695516162669
360220928.0,2,9.374417919391382,9.374417919391382,9.92961457941656,0.7851666463918513,8.819221259366204,2,0,0,0,0,0,0,0,0.0,0.0,360220930.0,seat_performance,BASELINE,seat_performance,BASELINE,9.92961457941656,False,False,51.87695516162669
852141028.0,2,9.339992506687505,9.339992506687505,9.92961457941656,0.8338515319279651,8.75037043395845,2,0,0,0,0,0,0,0,0.0,0.0,852141032.0,seat_performance,BASELINE,seat_performance,BASELINE,9.92961457941656,False,False,51.87695516162669
142458723.0,1,9.921675401619256,9.921675401619256,9.921675401619256,0.0,9.921675401619256,1,0,0,0,0,0,0,0,0.0,0.0,142458728.0,seat_performance,BASELINE,seat_performance,BASELINE,9.921675401619256,False,False,51.72054223149114
359481754.0,1,9.921675401619256,9.921675401619256,9.921675401619256,0.0,9.921675401619256,1,0,0,0,0,0,0,0,0.0,0.0,359481756.0,seat_performance,BASELINE,seat_performance,BASELINE,9.921675401619256,False,False,51.72054223149114
791837595.0,1,9.921675401619256,9.921675401619256,9.921675401619256,0.0,9.921675401619256,1,0,0,0,0,0,0,0,0.0,0.0,791837597.0,seat_performance,BASELINE,seat_performance,BASELINE,9.921675401619256,False,False,51.72054223149114
328099986.0,1,9.875903128342069,9.875903128342069,9.875903128342069,0.0,9.875903128342069,1,0,0,0,0,0,0,0,0.0,0.0,328099988.0,seat_performance,BASELINE,seat_performance,BASELINE,9.875903128342069,False,False,51.59019812304484
904435314.0,1,9.875903128342069,9.875903128342069,9.875903128342069,0.0,9.875903128342069,1,0,0,0,0,0,0,0,0.0,0.0,904435315.0,seat_performance,BASELINE,seat_performance,BASELINE,9.875903128342069,False,False,51.59019812304484
433374188.0,1,9.869847332436173,9.869847332436173,9.869847332436173,0.0,9.869847332436173,1,0,0,0,0,0,0,0,0.0,0.0,433374189.0,seat_performance,BASELINE,seat_performance,BASELINE,9.869847332436173,False,False,51.433785192909276
591153013.0,1,9.869847332436173,9.869847332436173,9.869847332436173,0.0,9.869847332436173,1,0,0,0,0,0,0,0,0.0,0.0,591153014.0,seat_performance,BASELINE,seat_performance,BASELINE,9.869847332436173,False,False,51.433785192909276
651119326.0,2,9.806923205691536,9.806923205691536,9.869847332436173,0.08898815344274891,9.7439990789469,2,0,0,0,0,0,0,0,0.0,0.0,651119328.0,seat_performance,BASELINE,seat_performance,BASELINE,9.869847332436173,False,False,51.433785192909276
852185109.0,2,8.434726512106181,8.434726512106181,9.869847332436173,2.0295673277546777,6.999605691776187,2,0,0,0,0,0,0,0,0.0,0.0,852185111.0,seat_performance,BASELINE,seat_performance,BASELINE,9.869847332436173,False,False,51.433785192909276
554130445.0,1,9.863569227684057,9.863569227684057,9.863569227684057,0.0,9.863569227684057,1,0,0,0,0,0,0,0,0.0,0.0,554130447.0,seat_type,BASELINE,seat_type,BASELINE,9.863569227684057,False,False,51.30344108446299
359593251.0,2,7.690769097807344,7.690769097807344,9.852006268565267,3.056450918390712,5.529531927049421,2,0,0,0,0,0,0,0,0.0,0.0,359593260.0,seat_performance,BASELINE,seat_track_position,BASELINE,9.852006268565267,False,False,51.17309697601669
359861796.0,2,7.690769097807344,7.690769097807344,9.852006268565267,3.056450918390712,5.529531927049421,2,0,0,0,0,0,0,0,0.0,0.0,359861800.0,seat_performance,BASELINE,seat_track_position,BASELINE,9.852006268565267,False,False,51.17309697601669
360388165.0,2,9.028746536150223,9.028746536150223,9.852006268565267,1.1642650789370008,8.205486803735178,2,0,0,0,0,0,0,0,0.0,0.0,360388168.0,seat_performance,BASELINE,posture,BASELINE,9.852006268565267,False,False,51.17309697601669
425578250.0,2,8.946250057446033,8.946250057446033,9.852006268565267,1.2809327179684884,8.0404938463268,2,0,0,0,0,0,0,0,0.0,0.0,425579920.0,seat_performance,BASELINE,seat_performance,BASELINE,9.852006268565267,False,False,51.17309697601669
359776991.0,2,8.018883901492892,8.018883901492892,9.845272675513693,2.5829037743861853,6.1924951274720925,2,0,0,0,0,0,0,0,0.0,0.0,359776994.0,seat_position,BASELINE,seat_track_position,BASELINE,9.845272675513693,False,False,51.042752867570385
360350563.0,1,9.840013786708438,9.840013786708438,9.840013786708438,0.0,9.840013786708438,1,0,0,0,0,0,0,0,0.0,0.0,360350566.0,seat_type,BASELINE,seat_type,BASELINE,9.840013786708438,False,False,50.99061522419187
360308453.0,2,9.451164710596814,9.451164710596814,9.821607389798194,0.5238850610084188,9.080722031395432,2,0,0,0,0,0,0,0,0.0,0.0,360308457.0,seat_performance,BASELINE,seat_performance,BASELINE,9.821607389798194,False,False,50.93847758081335
852136531.0,1,9.805784645518754,9.805784645518754,9.805784645518754,0.0,9.805784645518754,1,0,0,0,0,0,0,0,0.0,0.0,852136533.0,seat_type,BASELINE,seat_type,BASELINE,9.805784645518754,False,False,50.88633993743483
339109461.0,1,9.78572689421393,9.78572689421393,9.78572689421393,0.0,9.78572689421393,1,0,0,0,0,0,0,0,0.0,0.0,339109462.0,belt_anchorage,BASELINE,belt_anchorage,BASELINE,9.78572689421393,False,False,50.782064650677796
558026857.0,1,9.78572689421393,9.78572689421393,9.78572689421393,0.0,9.78572689421393,1,0,0,0,0,0,0,0,0.0,0.0,558026859.0,belt_anchorage,BASELINE,belt_anchorage,BASELINE,9.78572689421393,False,False,50.782064650677796
852122281.0,1,9.78572689421393,9.78572689421393,9.78572689421393,0.0,9.78572689421393,1,0,0,0,0,0,0,0,0.0,0.0,852122282.0,belt_anchorage,BASELINE,belt_anchorage,BASELINE,9.78572689421393,False,False,50.782064650677796
344057671.0,2,7.657608356778306,7.657608356778306,9.785684786507192,3.009554548689105,5.529531927049421,2,0,0,0,0,0,0,0,0.0,0.0,344057674.0,posture,BASELINE,seat_track_position,BASELINE,9.785684786507192,False,False,50.651720542231494
852135676.0,2,7.657608356778306,7.657608356778306,9.785684786507192,3.009554548689105,5.529531927049421,2,0,0,0,0,0,0,0,0.0,0.0,852135678.0,posture,BASELINE,seat_track_position,BASELINE,9.785684786507192,False,False,50.651720542231494
341205866.0,1,9.76790834654142,9.76790834654142,9.76790834654142,0.0,9.76790834654142,1,0,0,0,0,0,0,0,0.0,0.0,341205870.0,seat_type,BASELINE,seat_type,BASELINE,9.76790834654142,False,False,50.573514077163715
134005317.0,1,9.75879393650807,9.75879393650807,9.75879393650807,0.0,9.75879393650807,1,0,0,0,0,0,0,0,0.0,0.0,134007687.0,seat_performance,BASELINE,seat_performance,BASELINE,9.75879393650807,False,False,50.44316996871741
134005328.0,1,9.75879393650807,9.75879393650807,9.75879393650807,0.0,9.75879393650807,1,0,0,0,0,0,0,0,0.0,0.0,134007692.0,seat_performance,BASELINE,seat_performance,BASELINE,9.75879393650807,False,False,50.44316996871741
328092331.0,1,9.75879393650807,9.75879393650807,9.75879393650807,0.0,9.75879393650807,1,0,0,0,0,0,0,0,0.0,0.0,328092333.0,seat_performance,BASELINE,seat_performance,BASELINE,9.75879393650807,False,False,50.44316996871741
360385370.0,1,9.75879393650807,9.75879393650807,9.75879393650807,0.0,9.75879393650807,1,0,0,0,0,0,0,0,0.0,0.0,360385371.0,seat_performance,BASELINE,seat_performance,BASELINE,9.75879393650807,False,False,50.44316996871741
360222766.0,3,8.16145668825167,8.80092455784991,9.752470595014351,1.9893834927483098,5.9309749118907495,3,0,0,0,0,0,0,0,0.0,0.0,360222768.0,seat_performance,BASELINE,seat_track_position,BASELINE,9.752470595014351,False,False,50.31282586027112
160149895.0,2,9.149535553992107,9.149535553992107,9.744016938137118,0.8407236360362044,8.555054169847097,2,0,0,0,0,0,0,0,0.0,0.0,160149897.0,belt_anchorage,BASELINE,belt_anchorage,BASELINE,9.744016938137118,False,False,50.2606882168926
347633120.0,2,8.603782221777255,8.603782221777255,9.7439990789469,1.6125101434557358,7.4635653646076126,2,0,0,0,0,0,0,0,0.0,0.0,347633123.0,seat_performance,BASELINE,belt_use,BASELINE,9.7439990789469,False,False,50.18248175182482
359565541.0,2,8.838242867827667,8.838242867827667,9.7439990789469,1.280932717968487,7.932486656708434,2,0,0,0,0,0,0,0,0.0,0.0,359565544.0,seat_performance,BASELINE,seat_performance,BASELINE,9.7439990789469,False,False,50.18248175182482
554136732.0,1,9.704289948121076,9.704289948121076,9.704289948121076,0.0,9.704289948121076,1,0,0,0,0,0,0,0,0.0,0.0,554136733.0,seat_performance,BASELINE,seat_performance,BASELINE,9.704289948121076,False,False,50.07820646506778
599028397.0,1,9.704289948121076,9.704289948121076,9.704289948121076,0.0,9.704289948121076,1,0,0,0,0,0,0,0,0.0,0.0,599000154.0,seat_performance,BASELINE,seat_performance,BASELINE,9.704289948121076,False,False,50.07820646506778
339109475.0,2,9.501875760656155,9.501875760656155,9.677677596888826,0.24862134109033646,9.326073924423484,2,0,0,0,0,0,0,0,0.0,0.0,339109481.0,posture,BASELINE,posture,BASELINE,9.677677596888826,False,False,49.973931178310735
349185225.0,2,9.514014560899,9.514014560899,9.677677596888826,0.2314544851559665,9.350351524909176,2,0,0,0,0,0,0,0,0.0,0.0,349185227.0,posture,BASELINE,seat_track_position,BASELINE,9.677677596888826,False,False,49.973931178310735
359816737.0,3,8.867971089221683,8.987230583927252,9.669822432342643,0.8676501538937819,7.946860251395154,3,0,0,0,0,0,0,0,0.0,0.0,359816753.0,seat_position,BASELINE,seat_position,BASELINE,9.669822432342643,False,False,49.8696558915537
359834652.0,2,8.335793630126226,8.335793630126226,9.669822432342643,1.886601624690793,7.001764827909808,2,0,0,0,0,0,0,0,0.0,0.0,359834654.0,seat_position,BASELINE,belt_anchorage,BASELINE,9.669822432342643,False,False,49.8696558915537
360241805.0,1,9.65143806585534,9.65143806585534,9.65143806585534,0.0,9.65143806585534,1,0,0,0,0,0,0,0,0.0,0.0,360241809.0,seat_performance,BASELINE,seat_performance,BASELINE,9.65143806585534,False,False,49.739311783107404
556167586.0,1,9.65143806585534,9.65143806585534,9.65143806585534,0.0,9.65143806585534,1,0,0,0,0,0,0,0,0.0,0.0,556167588.0,seat_performance,BASELINE,seat_performance,BASELINE,9.65143806585534,False,False,49.739311783107404
852134874.0,1,9.65143806585534,9.65143806585534,9.65143806585534,0.0,9.65143806585534,1,0,0,0,0,0,0,0,0.0,0.0,852134875.0,seat_performance,BASELINE,seat_performance,BASELINE,9.65143806585534,False,False,49.739311783107404
134005314.0,1,9.650786746889704,9.650786746889704,9.650786746889704,0.0,9.650786746889704,1,0,0,0,0,0,0,0,0.0,0.0,134007677.0,seat_performance,BASELINE,seat_performance,BASELINE,9.650786746889704,False,False,49.6089676746611
886002200.0,1,9.650786746889704,9.650786746889704,9.650786746889704,0.0,9.650786746889704,1,0,0,0,0,0,0,0,0.0,0.0,886002201.0,seat_performance,BASELINE,seat_performance,BASELINE,9.650786746889704,False,False,49.6089676746611
344085688.0,4,7.684086911040542,7.835179750667564,9.644463405395989,1.7378301449549463,5.421524737431055,4,0,0,0,0,0,0,0,0.0,0.0,344085691.0,seat_performance,BASELINE,seat_position,BASELINE,9.644463405395989,False,False,49.53076120959333
344102351.0,3,7.348472477769896,6.878001477098212,9.637884029162054,2.094193513166365,5.529531927049421,3,0,0,0,0,0,0,0,0.0,0.0,344102355.0,seat_position,BASELINE,seat_position,BASELINE,9.637884029162054,False,False,49.47862356621481
591142458.0,3,8.856011177012798,9.37547243236295,9.612163679677144,1.1110348920559079,7.580397418998305,3,0,0,0,0,0,0,0,0.0,0.0,651143352.0,seat_position,BASELINE,seat_performance,BASELINE,9.612163679677144,False,False,49.40041710114703
852137978.0,3,8.272418725062836,8.205486803735178,9.612163679677144,1.307564423501088,6.999605691776187,3,0,0,0,0,0,0,0,0.0,0.0,852137981.0,seat_position,BASELINE,seat_position,BASELINE,9.612163679677144,False,False,49.40041710114703
433466527.0,2,7.836491398878475,7.836491398878475,9.588494859903223,2.4777070559058014,6.084487937853726,2,0,0,0,0,0,0,0,0.0,0.0,433466531.0,posture,BASELINE,seat_track_position,BASELINE,9.588494859903223,False,False,49.32221063607925
314049880.0,1,9.586010188803504,9.586010188803504,9.586010188803504,0.0,9.586010188803504,1,0,0,0,0,0,0,0,0.0,0.0,314049883.0,seat_type,BASELINE,seat_type,BASELINE,9.586010188803504,False,False,49.24400417101147
328076732.0,1,9.586010188803504,9.586010188803504,9.586010188803504,0.0,9.586010188803504,1,0,0,0,0,0,0,0,0.0,0.0,328076734.0,seat_type,BASELINE,seat_type,BASELINE,9.586010188803504,False,False,49.24400417101147
360238109.0,1,9.555171316797674,9.555171316797674,9.555171316797674,0.0,9.555171316797674,1,0,0,0,0,0,0,0,0.0,0.0,360238111.0,seat_track_position,BASELINE,seat_track_position,BASELINE,9.555171316797674,False,False,49.13972888425443
591142475.0,1,9.555171316797674,9.555171316797674,9.555171316797674,0.0,9.555171316797674,1,0,0,0,0,0,0,0,0.0,0.0,591142484.0,seat_track_position,BASELINE,seat_track_position,BASELINE,9.555171316797674,False,False,49.13972888425443
142628646.0,1,9.539197146248622,9.539197146248622,9.539197146248622,0.0,9.539197146248622,1,0,0,0,0,0,0,0,0.0,0.0,142628648.0,belt_anchorage,BASELINE,belt_anchorage,BASELINE,9.539197146248622,False,False,48.9051094890511
142790871.0,1,9.539197146248622,9.539197146248622,9.539197146248622,0.0,9.539197146248622,1,0,0,0,0,0,0,0,0.0,0.0,142790872.0,belt_anchorage,BASELINE,belt_anchorage,BASELINE,9.539197146248622,False,False,48.9051094890511
349174869.0,1,9.539197146248622,9.539197146248622,9.539197146248622,0.0,9.539197146248622,1,0,0,0,0,0,0,0,0.0,0.0,349174871.0,belt_anchorage,BASELINE,belt_anchorage,BASELINE,9.539197146248622,False,False,48.9051094890511
555116821.0,1,9.539197146248622,9.539197146248622,9.539197146248622,0.0,9.539197146248622,1,0,0,0,0,0,0,0,0.0,0.0,555116823.0,belt_anchorage,BASELINE,belt_anchorage,BASELINE,9.539197146248622,False,False,48.9051094890511
556132715.0,2,8.269401419012404,8.269401419012404,9.539197146248622,1.7957623389008657,6.999605691776187,2,0,0,0,0,0,0,0,0.0,0.0,556132717.0,belt_anchorage,BASELINE,belt_anchorage,BASELINE,9.539197146248622,False,False,48.9051094890511
852121198.0,1,9.539197146248622,9.539197146248622,9.539197146248622,0.0,9.539197146248622,1,0,0,0,0,0,0,0,0.0,0.0,852121199.0,belt_anchorage,BASELINE,belt_anchorage,BASELINE,9.539197146248622,False,False,48.9051094890511
852148093.0,1,9.539197146248622,9.539197146248622,9.539197146248622,0.0,9.539197146248622,1,0,0,0,0,0,0,0,0.0,0.0,852148095.0,belt_anchorage,BASELINE,belt_anchorage,BASELINE,9.539197146248622,False,False,48.9051094890511
349228317.0,1,9.512726747187187,9.512726747187187,9.512726747187187,0.0,9.512726747187187,1,0,0,0,0,0,0,0,0.0,0.0,349228318.0,seat_performance,BASELINE,seat_performance,BASELINE,9.512726747187187,False,False,48.670490093847754
904425733.0,1,9.512726747187187,9.512726747187187,9.512726747187187,0.0,9.512726747187187,1,0,0,0,0,0,0,0,0.0,0.0,904425734.0,seat_performance,BASELINE,seat_performance,BASELINE,9.512726747187187,False,False,48.670490093847754
134005297.0,1,9.501162933807684,9.501162933807684,9.501162933807684,0.0,9.501162933807684,1,0,0,0,0,0,0,0,0.0,0.0,897001309.0,seat_track_position,BASELINE,seat_track_position,BASELINE,9.501162933807684,False,False,48.54014598540146
134005300.0,1,9.501162933807684,9.501162933807684,9.501162933807684,0.0,9.501162933807684,1,0,0,0,0,0,0,0,0.0,0.0,897001132.0,seat_track_position,BASELINE,seat_track_position,BASELINE,9.501162933807684,False,False,48.54014598540146
554157151.0,1,9.501162933807684,9.501162933807684,9.501162933807684,0.0,9.501162933807684,1,0,0,0,0,0,0,0,0.0,0.0,554157154.0,seat_track_position,BASELINE,seat_track_position,BASELINE,9.501162933807684,False,False,48.54014598540146
328105330.0,1,9.49054953055993,9.49054953055993,9.49054953055993,0.0,9.49054953055993,1,0,0,0,0,0,0,0,0.0,0.0,328105331.0,seat_type,BASELINE,seat_type,BASELINE,9.49054953055993,False,False,48.38373305526591
561118874.0,1,9.49054953055993,9.49054953055993,9.49054953055993,0.0,9.49054953055993,1,0,0,0,0,0,0,0,0.0,0.0,561118876.0,seat_type,BASELINE,seat_type,BASELINE,9.49054953055993,False,False,48.38373305526591
852156410.0,1,9.49054953055993,9.49054953055993,9.49054953055993,0.0,9.49054953055993,1,0,0,0,0,0,0,0,0.0,0.0,852156412.0,seat_type,BASELINE,seat_type,BASELINE,9.49054953055993,False,False,48.38373305526591
360325038.0,1,9.48498221336111,9.48498221336111,9.48498221336111,0.0,9.48498221336111,1,0,0,0,0,0,0,0,0.0,0.0,360325043.0,belt_anchorage,BASELINE,belt_anchorage,BASELINE,9.48498221336111,False,False,48.14911366006257
385084460.0,1,9.48498221336111,9.48498221336111,9.48498221336111,0.0,9.48498221336111,1,0,0,0,0,0,0,0,0.0,0.0,385084462.0,belt_anchorage,BASELINE,belt_anchorage,BASELINE,9.48498221336111,False,False,48.14911366006257
554150611.0,1,9.48498221336111,9.48498221336111,9.48498221336111,0.0,9.48498221336111,1,0,0,0,0,0,0,0,0.0,0.0,554150613.0,belt_anchorage,BASELINE,belt_anchorage,BASELINE,9.48498221336111,False,False,48.14911366006257
556118798.0,1,9.48498221336111,9.48498221336111,9.48498221336111,0.0,9.48498221336111,1,0,0,0,0,0,0,0,0.0,0.0,556118800.0,belt_anchorage,BASELINE,belt_anchorage,BASELINE,9.48498221336111,False,False,48.14911366006257
650111752.0,1,9.48498221336111,9.48498221336111,9.48498221336111,0.0,9.48498221336111,1,0,0,0,0,0,0,0,0.0,0.0,650111754.0,belt_anchorage,BASELINE,belt_anchorage,BASELINE,9.48498221336111,False,False,48.14911366006257
651108592.0,1,9.48498221336111,9.48498221336111,9.48498221336111,0.0,9.48498221336111,1,0,0,0,0,0,0,0,0.0,0.0,651108593.0,belt_anchorage,BASELINE,belt_anchorage,BASELINE,9.48498221336111,False,False,48.14911366006257
554127614.0,1,9.48386997648316,9.48386997648316,9.48386997648316,0.0,9.48386997648316,1,0,0,0,0,0,0,0,0.0,0.0,554127615.0,seat_type,BASELINE,seat_type,BASELINE,9.48386997648316,False,False,47.94056308654849
852123460.0,1,9.48386997648316,9.48386997648316,9.48386997648316,0.0,9.48386997648316,1,0,0,0,0,0,0,0,0.0,0.0,852123463.0,seat_type,BASELINE,seat_type,BASELINE,9.48386997648316,False,False,47.94056308654849
347658027.0,2,7.837987374726704,7.837987374726704,9.483479621981315,2.327077452847254,6.1924951274720925,2,0,0,0,0,0,0,0,0.0,0.0,347658029.0,posture,BASELINE,seat_track_position,BASELINE,9.483479621981315,False,False,47.862356621480714
339410739.0,2,8.433502978944002,8.433502978944002,9.48048767028486,1.480659950091252,7.386518287603142,2,0,0,0,0,0,0,0,0.0,0.0,339410742.0,posture,BASELINE,seat_performance,BASELINE,9.48048767028486,False,False,47.75808133472367
341206102.0,2,8.896990831819203,8.896990831819203,9.48048767028486,0.8251891425599566,8.313493993353545,2,0,0,0,0,0,0,0,0.0,0.0,341206105.0,posture,BASELINE,posture,BASELINE,9.48048767028486,False,False,47.75808133472367
347626254.0,2,7.7824878040692935,7.7824878040692935,9.48048767028486,2.401334439709756,6.084487937853726,2,0,0,0,0,0,0,0,0.0,0.0,878629431.0,posture,BASELINE,seat_track_position,BASELINE,9.48048767028486,False,False,47.75808133472367
349219482.0,1,9.43408111404185,9.43408111404185,9.43408111404185,0.0,9.43408111404185,1,0,0,0,0,0,0,0,0.0,0.0,349219483.0,posture,BASELINE,posture,BASELINE,9.43408111404185,False,False,47.57559958289885
556124051.0,1,9.43408111404185,9.43408111404185,9.43408111404185,0.0,9.43408111404185,1,0,0,0,0,0,0,0,0.0,0.0,556124052.0,posture,BASELINE,posture,BASELINE,9.43408111404185,False,False,47.57559958289885
651126965.0,1,9.43408111404185,9.43408111404185,9.43408111404185,0.0,9.43408111404185,1,0,0,0,0,0,0,0,0.0,0.0,651126966.0,posture,BASELINE,posture,BASELINE,9.43408111404185,False,False,47.57559958289885
852126415.0,1,9.43408111404185,9.43408111404185,9.43408111404185,0.0,9.43408111404185,1,0,0,0,0,0,0,0,0.0,0.0,852126416.0,posture,BASELINE,posture,BASELINE,9.43408111404185,False,False,47.57559958289885
142747238.0,1,9.384376327633852,9.384376327633852,9.384376327633852,0.0,9.384376327633852,1,0,0,0,0,0,0,0,0.0,0.0,142747240.0,seat_type,BASELINE,seat_type,BASELINE,9.384376327633852,False,False,47.419186652763294
359715765.0,1,9.384376327633852,9.384376327633852,9.384376327633852,0.0,9.384376327633852,1,0,0,0,0,0,0,0,0.0,0.0,359715767.0,seat_type,BASELINE,seat_type,BASELINE,9.384376327633852,False,False,47.419186652763294
852191233.0,2,8.862970705236282,8.862970705236282,9.375707032513963,0.7251186679574675,8.3502343779586,2,0,0,0,0,0,0,0,0.0,0.0,852191234.0,seat_performance,BASELINE,seat_performance,BASELINE,9.375707032513963,False,False,47.340980187695514
347863709.0,2,7.599220077317667,7.599220077317667,9.37547243236295,2.5120001707021884,5.822967722272384,2,0,0,0,0,0,0,0,0.0,0.0,347863713.0,posture,BASELINE,seat_track_position,BASELINE,9.37547243236295,False,False,47.262773722627735
349195730.0,2,8.389340122557043,8.389340122557043,9.37547243236295,1.3946016868218194,7.403207812751137,2,0,0,0,0,0,0,0,0.0,0.0,349195733.0,posture,BASELINE,belt_anchorage,BASELINE,9.37547243236295,False,False,47.262773722627735
328105592.0,1,9.3690932520782,9.3690932520782,9.3690932520782,0.0,9.3690932520782,1,0,0,0,0,0,0,0,0.0,0.0,328105594.0,belt_anchorage,BASELINE,belt_anchorage,BASELINE,9.3690932520782,False,False,47.08029197080292
359510232.0,1,9.3690932520782,9.3690932520782,9.3690932520782,0.0,9.3690932520782,1,0,0,0,0,0,0,0,0.0,0.0,359510233.0,belt_anchorage,BASELINE,belt_anchorage,BASELINE,9.3690932520782,False,False,47.08029197080292
554123297.0,1,9.3690932520782,9.3690932520782,9.3690932520782,0.0,9.3690932520782,1,0,0,0,0,0,0,0,0.0,0.0,554123298.0,belt_anchorage,BASELINE,belt_anchorage,BASELINE,9.3690932520782,False,False,47.08029197080292
558025247.0,2,8.123547364588205,8.123547364588205,9.3690932520782,1.7614678866463824,6.878001477098212,2,0,0,0,0,0,0,0,0.0,0.0,558025249.0,belt_anchorage,BASELINE,belt_anchorage,BASELINE,9.3690932520782,False,False,47.08029197080292
897006758.0,1,9.3690932520782,9.3690932520782,9.3690932520782,0.0,9.3690932520782,1,0,0,0,0,0,0,0,0.0,0.0,897006761.0,belt_anchorage,BASELINE,belt_anchorage,BASELINE,9.3690932520782,False,False,47.08029197080292
558028389.0,2,8.960255735606326,8.960255735606326,9.365457301365556,0.573041549791516,8.555054169847097,2,0,0,0,0,0,0,0,0.0,0.0,558028391.0,belt_anchorage,BASELINE,belt_anchorage,BASELINE,9.365457301365556,False,False,46.871741397288844
852117772.0,1,9.365457301365556,9.365457301365556,9.365457301365556,0.0,9.365457301365556,1,0,0,0,0,0,0,0,0.0,0.0,852117774.0,belt_anchorage,BASELINE,belt_anchorage,BASELINE,9.365457301365556,False,False,46.871741397288844
852142911.0,1,9.365457301365556,9.365457301365556,9.365457301365556,0.0,9.365457301365556,1,0,0,0,0,0,0,0,0.0,0.0,852142912.0,belt_anchorage,BASELINE,belt_anchorage,BASELINE,9.365457301365556,False,False,46.871741397288844
385081429.0,1,9.350351524909176,9.350351524909176,9.350351524909176,0.0,9.350351524909176,1,0,0,0,0,0,0,0,0.0,0.0,385081431.0,seat_track_position,BASELINE,seat_track_position,BASELINE,9.350351524909176,False,False,46.68925964546403
554156668.0,1,9.350351524909176,9.350351524909176,9.350351524909176,0.0,9.350351524909176,1,0,0,0,0,0,0,0,0.0,0.0,554156671.0,seat_track_position,BASELINE,seat_track_position,BASELINE,9.350351524909176,False,False,46.68925964546403
556124214.0,1,9.350351524909176,9.350351524909176,9.350351524909176,0.0,9.350351524909176,1,0,0,0,0,0,0,0,0.0,0.0,556124216.0,seat_track_position,BASELINE,seat_track_position,BASELINE,9.350351524909176,False,False,46.68925964546403
792825059.0,1,9.350351524909176,9.350351524909176,9.350351524909176,0.0,9.350351524909176,1,0,0,0,0,0,0,0,0.0,0.0,792825065.0,seat_track_position,BASELINE,seat_track_position,BASELINE,9.350351524909176,False,False,46.68925964546403
328103450.0,1,9.326073924423484,9.326073924423484,9.326073924423484,0.0,9.326073924423484,1,0,0,0,0,0,0,0,0.0,0.0,328103451.0,posture,BASELINE,posture,BASELINE,9.326073924423484,False,False,46.48070907194995
341386571.0,1,9.326073924423484,9.326073924423484,9.326073924423484,0.0,9.326073924423484,1,0,0,0,0,0,0,0,0.0,0.0,341386573.0,posture,BASELINE,posture,BASELINE,9.326073924423484,False,False,46.48070907194995
347661735.0,2,9.20012270359667,9.20012270359667,9.326073924423484,0.17812192469073068,9.074171482769854,2,0,0,0,0,0,0,0,0.0,0.0,347661737.0,posture,BASELINE,posture,BASELINE,9.326073924423484,False,False,46.48070907194995
349306562.0,1,9.326073924423484,9.326073924423484,9.326073924423484,0.0,9.326073924423484,1,0,0,0,0,0,0,0,0.0,0.0,349306563.0,posture,BASELINE,posture,BASELINE,9.326073924423484,False,False,46.48070907194995
897000723.0,2,8.51343584804428,8.51343584804428,9.29868659325114,1.1105122537351233,7.7281851028374176,2,0,0,0,0,0,0,0,0.0,0.0,3862.0,seat_type,BASELINE,seat_type,BASELINE,9.29868659325114,False,False,46.35036496350365
325112240.0,2,8.416818982285541,8.416818982285541,9.293567055209984,1.2399090155142207,7.5400709093611,2,0,0,0,0,0,0,0,0.0,0.0,325112243.0,belt_use,BASELINE,belt_use,BASELINE,9.293567055209984,False,False,46.220020855057356
325114327.0,2,8.35214026877593,8.35214026877593,9.293567055209984,1.331378529356357,7.410713482341878,2,0,0,0,0,0,0,0,0.0,0.0,325114330.0,belt_use,BASELINE,belt_use,BASELINE,9.293567055209984,False,False,46.220020855057356
344057656.0,2,8.378566209908797,8.378566209908797,9.293567055209984,1.2940066050077828,7.4635653646076126,2,0,0,0,0,0,0,0,0.0,0.0,344057658.0,belt_use,BASELINE,belt_use,BASELINE,9.293567055209984,False,False,46.220020855057356
897025085.0,2,7.612270983550367,7.612270983550367,9.293567055209984,2.3777117069056373,5.9309749118907495,2,0,0,0,0,0,0,0,0.0,0.0,897025089.0,belt_use,BASELINE,seat_track_position,BASELINE,9.293567055209984,False,False,46.220020855057356
360244810.0,1,9.280162421472612,9.280162421472612,9.280162421472612,0.0,9.280162421472612,1,0,0,0,0,0,0,0,0.0,0.0,360244812.0,belt_anchorage,BASELINE,belt_anchorage,BASELINE,9.280162421472612,False,False,45.98540145985402
360385366.0,1,9.280162421472612,9.280162421472612,9.280162421472612,0.0,9.280162421472612,1,0,0,0,0,0,0,0,0.0,0.0,360385368.0,belt_anchorage,BASELINE,belt_anchorage,BASELINE,9.280162421472612,False,False,45.98540145985402
651136642.0,1,9.280162421472612,9.280162421472612,9.280162421472612,0.0,9.280162421472612,1,0,0,0,0,0,0,0,0.0,0.0,651136644.0,belt_anchorage,BASELINE,belt_anchorage,BASELINE,9.280162421472612,False,False,45.98540145985402
734076798.0,1,9.280162421472612,9.280162421472612,9.280162421472612,0.0,9.280162421472612,1,0,0,0,0,0,0,0,0.0,0.0,734076800.0,belt_anchorage,BASELINE,belt_anchorage,BASELINE,9.280162421472612,False,False,45.98540145985402
852151218.0,1,9.280162421472612,9.280162421472612,9.280162421472612,0.0,9.280162421472612,1,0,0,0,0,0,0,0,0.0,0.0,852151220.0,belt_anchorage,BASELINE,belt_anchorage,BASELINE,9.280162421472612,False,False,45.98540145985402
325105215.0,3,8.184083620153876,8.407403629186401,9.266845754177012,1.209978559669034,6.878001477098212,3,0,0,0,0,0,0,0,0.0,0.0,325105219.0,seat_position,BASELINE,seat_position,BASELINE,9.266845754177012,False,False,45.8029197080292
651128445.0,3,7.229325394461418,6.999605691776187,9.266845754177012,1.932925706489617,5.421524737431055,3,0,0,0,0,0,0,0,0.0,0.0,651128449.0,seat_position,BASELINE,seat_position,BASELINE,9.266845754177012,False,False,45.8029197080292
556123469.0,1,9.258061939689458,9.258061939689458,9.258061939689458,0.0,9.258061939689458,1,0,0,0,0,0,0,0,0.0,0.0,556123470.0,belt_anchorage,BASELINE,belt_anchorage,BASELINE,9.258061939689458,False,False,45.6725755995829
627082620.0,1,9.258061939689458,9.258061939689458,9.258061939689458,0.0,9.258061939689458,1,0,0,0,0,0,0,0,0.0,0.0,627082623.0,belt_anchorage,BASELINE,belt_anchorage,BASELINE,9.258061939689458,False,False,45.6725755995829
852183223.0,1,9.258061939689458,9.258061939689458,9.258061939689458,0.0,9.258061939689458,1,0,0,0,0,0,0,0,0.0,0.0,852183224.0,belt_anchorage,BASELINE,belt_anchorage,BASELINE,9.258061939689458,False,False,45.6725755995829
325114335.0,2,7.532961342494154,7.532961342494154,9.240715172944247,2.4151286282171247,5.825207512044061,2,0,0,0,0,0,0,0,0.0,0.0,325114338.0,belt_use,BASELINE,seat_track_position,BASELINE,9.240715172944247,False,False,45.464025026068825
328089459.0,2,8.567361771036833,8.567361771036833,9.240715172944247,0.9522655132475265,7.894008369129419,2,0,0,0,0,0,0,0,0.0,0.0,328089461.0,belt_use,BASELINE,belt_use,BASELINE,9.240715172944247,False,False,45.464025026068825
349221822.0,2,7.478957747684971,7.478957747684971,9.240715172944247,2.4915012444131723,5.717200322425695,2,0,0,0,0,0,0,0,0.0,0.0,349221825.0,belt_use,BASELINE,seat_track_position,BASELINE,9.240715172944247,False,False,45.464025026068825
554150525.0,2,7.478957747684971,7.478957747684971,9.240715172944247,2.4915012444131723,5.717200322425695,2,0,0,0,0,0,0,0,0.0,0.0,554150530.0,belt_use,BASELINE,seat_track_position,BASELINE,9.240715172944247,False,False,45.464025026068825
795528235.0,2,7.478957747684971,7.478957747684971,9.240715172944247,2.4915012444131723,5.717200322425695,2,0,0,0,0,0,0,0,0.0,0.0,795528688.0,belt_use,BASELINE,seat_track_position,BASELINE,9.240715172944247,False,False,45.464025026068825
558027894.0,2,8.3457722748122,8.3457722748122,9.227979185016787,1.2476289772305906,7.4635653646076126,2,0,0,0,0,0,0,0,0.0,0.0,558027897.0,belt_use,BASELINE,belt_use,BASELINE,9.227979185016787,False,False,45.229405630865486
591150736.0,2,7.525473453644586,7.525473453644586,9.227979185016787,2.4077066953244928,5.822967722272384,2,0,0,0,0,0,0,0,0.0,0.0,591150739.0,belt_use,BASELINE,seat_track_position,BASELINE,9.227979185016787,False,False,45.229405630865486
795778092.0,2,8.817691407101595,8.817691407101595,9.227979185016787,0.5802345400035864,8.407403629186401,2,0,0,0,0,0,0,0,0.0,0.0,324934509.0,belt_use,BASELINE,belt_anchorage,BASELINE,9.227979185016787,False,False,45.229405630865486
795838135.0,2,7.378755556033104,7.378755556033104,9.227979185016787,2.615197135969517,5.529531927049421,2,0,0,0,0,0,0,0,0.0,0.0,795838146.0,belt_use,BASELINE,seat_track_position,BASELINE,9.227979185016787,False,False,45.229405630865486
347735916.0,2,8.230862784865806,8.230862784865806,9.223756661118596,1.404163985793889,7.237968908613016,2,0,0,0,0,0,0,0,0.0,0.0,347735920.0,posture,BASELINE,posture,BASELINE,9.223756661118596,False,False,45.020855057351405
347794581.0,2,8.050879069108404,8.050879069108404,9.223756661118596,1.6586993976243114,6.878001477098212,2,0,0,0,0,0,0,0,0.0,0.0,347794583.0,posture,BASELINE,posture,BASELINE,9.223756661118596,False,False,45.020855057351405
360258978.0,2,8.050879069108404,8.050879069108404,9.223756661118596,1.6586993976243114,6.878001477098212,2,0,0,0,0,0,0,0,0.0,0.0,360258980.0,posture,BASELINE,posture,BASELINE,9.223756661118596,False,False,45.020855057351405
852139693.0,1,9.223756661118596,9.223756661118596,9.223756661118596,0.0,9.223756661118596,1,0,0,0,0,0,0,0,0.0,0.0,852139694.0,posture,BASELINE,posture,BASELINE,9.223756661118596,False,False,45.020855057351405
344087978.0,1,9.171578169970392,9.171578169970392,9.171578169970392,0.0,9.171578169970392,1,0,0,0,0,0,0,0,0.0,0.0,344087979.0,belt_anchorage,BASELINE,belt_anchorage,BASELINE,9.171578169970392,False,False,44.76016684045881
360334088.0,1,9.171578169970392,9.171578169970392,9.171578169970392,0.0,9.171578169970392,1,0,0,0,0,0,0,0,0.0,0.0,360334092.0,belt_anchorage,BASELINE,belt_anchorage,BASELINE,9.171578169970392,False,False,44.76016684045881
385081258.0,1,9.171578169970392,9.171578169970392,9.171578169970392,0.0,9.171578169970392,1,0,0,0,0,0,0,0,0.0,0.0,385081261.0,belt_anchorage,BASELINE,belt_anchorage,BASELINE,9.171578169970392,False,False,44.76016684045881
558027010.0,1,9.171578169970392,9.171578169970392,9.171578169970392,0.0,9.171578169970392,1,0,0,0,0,0,0,0,0.0,0.0,558027012.0,belt_anchorage,BASELINE,belt_anchorage,BASELINE,9.171578169970392,False,False,44.76016684045881
650105462.0,1,9.171578169970392,9.171578169970392,9.171578169970392,0.0,9.171578169970392,1,0,0,0,0,0,0,0,0.0,0.0,650105464.0,belt_anchorage,BASELINE,belt_anchorage,BASELINE,9.171578169970392,False,False,44.76016684045881
651148825.0,1,9.171578169970392,9.171578169970392,9.171578169970392,0.0,9.171578169970392,1,0,0,0,0,0,0,0,0.0,0.0,651148826.0,belt_anchorage,BASELINE,belt_anchorage,BASELINE,9.171578169970392,False,False,44.76016684045881
328101307.0,1,9.16786141149777,9.16786141149777,9.16786141149777,0.0,9.16786141149777,1,0,0,0,0,0,0,0,0.0,0.0,328101310.0,seat_track_position,BASELINE,seat_track_position,BASELINE,9.16786141149777,False,False,44.551616266944734
349237447.0,1,9.16786141149777,9.16786141149777,9.16786141149777,0.0,9.16786141149777,1,0,0,0,0,0,0,0,0.0,0.0,349237449.0,seat_track_position,BASELINE,seat_track_position,BASELINE,9.16786141149777,False,False,44.551616266944734
110163008.0,1,9.16063750947706,9.16063750947706,9.16063750947706,0.0,9.16063750947706,1,0,0,0,0,0,0,0,0.0,0.0,110163010.0,belt_anchorage,BASELINE,belt_anchorage,BASELINE,9.16063750947706,False,False,44.395203336809175
359490838.0,1,9.16063750947706,9.16063750947706,9.16063750947706,0.0,9.16063750947706,1,0,0,0,0,0,0,0,0.0,0.0,359490840.0,belt_anchorage,BASELINE,belt_anchorage,BASELINE,9.16063750947706,False,False,44.395203336809175
556127089.0,1,9.16063750947706,9.16063750947706,9.16063750947706,0.0,9.16063750947706,1,0,0,0,0,0,0,0,0.0,0.0,556127091.0,belt_anchorage,BASELINE,belt_anchorage,BASELINE,9.16063750947706,False,False,44.395203336809175
852192792.0,1,9.16063750947706,9.16063750947706,9.16063750947706,0.0,9.16063750947706,1,0,0,0,0,0,0,0,0.0,0.0,852192794.0,belt_anchorage,BASELINE,belt_anchorage,BASELINE,9.16063750947706,False,False,44.395203336809175
324101866.0,1,9.158226543241526,9.158226543241526,9.158226543241526,0.0,9.158226543241526,1,0,0,0,0,0,0,0,0.0,0.0,324101921.0,seat_track_position,BASELINE,seat_track_position,BASELINE,9.158226543241526,False,False,44.21272158498436
344062907.0,1,9.158226543241526,9.158226543241526,9.158226543241526,0.0,9.158226543241526,1,0,0,0,0,0,0,0,0.0,0.0,344062908.0,seat_track_position,BASELINE,seat_track_position,BASELINE,9.158226543241526,False,False,44.21272158498436
556122504.0,1,9.158226543241526,9.158226543241526,9.158226543241526,0.0,9.158226543241526,1,0,0,0,0,0,0,0,0.0,0.0,556122506.0,seat_track_position,BASELINE,seat_track_position,BASELINE,9.158226543241526,False,False,44.21272158498436
328100771.0,1,9.156384058951364,9.156384058951364,9.156384058951364,0.0,9.156384058951364,1,0,0,0,0,0,0,0,0.0,0.0,328100772.0,seat_type,BASELINE,seat_type,BASELINE,9.156384058951364,False,False,44.056308654848806
349188036.0,1,9.156384058951364,9.156384058951364,9.156384058951364,0.0,9.156384058951364,1,0,0,0,0,0,0,0,0.0,0.0,349188038.0,seat_type,BASELINE,seat_type,BASELINE,9.156384058951364,False,False,44.056308654848806
897002313.0,1,9.156384058951364,9.156384058951364,9.156384058951364,0.0,9.156384058951364,1,0,0,0,0,0,0,0,0.0,0.0,897000378.0,seat_type,BASELINE,seat_type,BASELINE,9.156384058951364,False,False,44.056308654848806
341165249.0,1,9.119893235946815,9.119893235946815,9.119893235946815,0.0,9.119893235946815,1,0,0,0,0,0,0,0,0.0,0.0,341165251.0,seat_type,BASELINE,seat_type,BASELINE,9.119893235946815,False,False,43.925964546402504
349188027.0,1,9.119893235946815,9.119893235946815,9.119893235946815,0.0,9.119893235946815,1,0,0,0,0,0,0,0,0.0,0.0,349188029.0,seat_type,BASELINE,seat_type,BASELINE,9.119893235946815,False,False,43.925964546402504
556150555.0,3,7.350111337398211,7.107612881394555,9.119753408527693,1.6617169106522292,5.822967722272384,3,0,0,0,0,0,0,0,0.0,0.0,556150559.0,seat_position,BASELINE,seat_position,BASELINE,9.119753408527693,False,False,43.82168925964546
558034110.0,4,8.067654000516457,8.479183733033022,9.119753408527693,1.2903621297053438,6.1924951274720925,4,0,0,0,0,0,0,0,0.0,0.0,558034115.0,seat_position,BASELINE,seat_position,BASELINE,9.119753408527693,False,False,43.82168925964546
339429899.0,2,9.065627236174189,9.065627236174189,9.11574947150023,0.07088354497454348,9.015505000848147,2,0,0,0,0,0,0,0,0.0,0.0,339429902.0,posture,BASELINE,posture,BASELINE,9.11574947150023,False,False,43.66527632950991
347853512.0,2,8.176859190056623,8.176859190056623,9.11574947150023,1.327791369597841,7.237968908613016,2,0,0,0,0,0,0,0,0.0,0.0,347853514.0,posture,BASELINE,posture,BASELINE,9.11574947150023,False,False,43.66527632950991
433629295.0,1,9.11574947150023,9.11574947150023,9.11574947150023,0.0,9.11574947150023,1,0,0,0,0,0,0,0,0.0,0.0,433629309.0,posture,BASELINE,posture,BASELINE,9.11574947150023,False,False,43.66527632950991
651134510.0,1,9.11574947150023,9.11574947150023,9.11574947150023,0.0,9.11574947150023,1,0,0,0,0,0,0,0,0.0,0.0,651134512.0,posture,BASELINE,posture,BASELINE,9.11574947150023,False,False,43.66527632950991
359640706.0,2,8.43795981024004,8.43795981024004,9.109663339147962,0.9499322404754532,7.766256281332116,2,0,0,0,0,0,0,0,0.0,0.0,359640712.0,seat_position,BASELINE,seat_type,BASELINE,9.109663339147962,False,False,43.53493222106361
339391918.0,1,9.080722031395432,9.080722031395432,9.080722031395432,0.0,9.080722031395432,1,0,0,0,0,0,0,0,0.0,0.0,339391920.0,seat_performance,BASELINE,seat_performance,BASELINE,9.080722031395432,False,False,43.43065693430657
360214572.0,2,7.925358159437639,7.925358159437639,9.080722031395432,1.6339312571986029,6.769994287479846,2,0,0,0,0,0,0,0,0.0,0.0,360214573.0,seat_performance,BASELINE,seat_performance,BASELINE,9.080722031395432,False,False,43.43065693430657
360412440.0,1,9.080722031395432,9.080722031395432,9.080722031395432,0.0,9.080722031395432,1,0,0,0,0,0,0,0,0.0,0.0,360412442.0,seat_performance,BASELINE,seat_performance,BASELINE,9.080722031395432,False,False,43.43065693430657
142628632.0,2,7.247848110100454,7.247848110100454,9.074171482769854,2.5828112829080374,5.421524737431055,2,0,0,0,0,0,0,0,0.0,0.0,791749795.0,seat_track_position,BASELINE,seat_track_position,BASELINE,9.074171482769854,False,False,43.222106360792495
344087999.0,2,7.395685902597775,7.395685902597775,9.074171482769854,2.3737370717270276,5.717200322425695,2,0,0,0,0,0,0,0,0.0,0.0,344088002.0,seat_track_position,BASELINE,seat_track_position,BASELINE,9.074171482769854,False,False,43.222106360792495
360208668.0,2,7.502573197330301,7.502573197330301,9.074171482769854,2.2225756098709173,5.9309749118907495,2,0,0,0,0,0,0,0,0.0,0.0,360208672.0,seat_track_position,BASELINE,seat_track_position,BASELINE,9.074171482769854,False,False,43.222106360792495
360341865.0,2,8.381288045693262,8.381288045693262,9.074171482769854,0.9798851538574007,7.688404608616671,2,0,0,0,0,0,0,0,0.0,0.0,360341869.0,seat_track_position,BASELINE,seat_performance,BASELINE,9.074171482769854,False,False,43.222106360792495
897022182.0,3,8.611351032129877,8.80092455784991,9.074171482769854,0.5812739421199526,7.958957055769868,3,0,0,0,0,0,0,0,0.0,0.0,897022195.0,seat_track_position,BASELINE,seat_track_position,BASELINE,9.074171482769854,False,False,43.222106360792495
433361684.0,1,9.070366829609071,9.070366829609071,9.070366829609071,0.0,9.070366829609071,1,0,0,0,0,0,0,0,0.0,0.0,433361686.0,belt_anchorage,BASELINE,belt_anchorage,BASELINE,9.070366829609071,False,False,43.03962460896768
795724788.0,1,9.070366829609071,9.070366829609071,9.070366829609071,0.0,9.070366829609071,1,0,0,0,0,0,0,0,0.0,0.0,795724790.0,belt_anchorage,BASELINE,belt_anchorage,BASELINE,9.070366829609071,False,False,43.03962460896768
360341857.0,2,9.018724968775206,9.018724968775206,9.05021935362316,0.044539786190574054,8.987230583927252,2,0,0,0,0,0,0,0,0.0,0.0,360341859.0,seat_track_position,BASELINE,seat_track_position,BASELINE,9.05021935362316,False,False,42.8310740354536
550026021.0,2,7.964110415360686,7.964110415360686,9.05021935362316,1.535989990705433,6.878001477098212,2,0,0,0,0,0,0,0,0.0,0.0,550026023.0,seat_track_position,BASELINE,seat_track_position,BASELINE,9.05021935362316,False,False,42.8310740354536
556126891.0,1,9.05021935362316,9.05021935362316,9.05021935362316,0.0,9.05021935362316,1,0,0,0,0,0,0,0,0.0,0.0,556126892.0,seat_track_position,BASELINE,seat_track_position,BASELINE,9.05021935362316,False,False,42.8310740354536
556144962.0,1,9.05021935362316,9.05021935362316,9.05021935362316,0.0,9.05021935362316,1,0,0,0,0,0,0,0,0.0,0.0,556144964.0,seat_track_position,BASELINE,seat_track_position,BASELINE,9.05021935362316,False,False,42.8310740354536
591153963.0,1,9.05021935362316,9.05021935362316,9.05021935362316,0.0,9.05021935362316,1,0,0,0,0,0,0,0,0.0,0.0,591153965.0,seat_track_position,BASELINE,seat_track_position,BASELINE,9.05021935362316,False,False,42.8310740354536
651121815.0,1,9.05021935362316,9.05021935362316,9.05021935362316,0.0,9.05021935362316,1,0,0,0,0,0,0,0,0.0,0.0,651121817.0,seat_track_position,BASELINE,seat_track_position,BASELINE,9.05021935362316,False,False,42.8310740354536
360363702.0,2,7.283030855191247,7.283030855191247,9.036529783333073,2.4798219657848555,5.529531927049421,2,0,0,0,0,0,0,0,0.0,0.0,360363714.0,seat_performance,BASELINE,seat_track_position,BASELINE,9.036529783333073,False,False,42.570385818561
556172592.0,2,8.166985098118761,8.166985098118761,9.036529783333073,1.229721886919524,7.297440412904448,2,0,0,0,0,0,0,0,0.0,0.0,556172594.0,seat_performance,BASELINE,belt_anchorage,BASELINE,9.036529783333073,False,False,42.570385818561
650101832.0,2,7.376865052879384,7.376865052879384,9.036529783333073,2.3471203707998938,5.717200322425695,2,0,0,0,0,0,0,0,0.0,0.0,650103945.0,seat_performance,BASELINE,seat_track_position,BASELINE,9.036529783333073,False,False,42.570385818561
852153525.0,2,7.429748752802729,7.429748752802729,9.036529783333073,2.272331525139831,5.822967722272384,2,0,0,0,0,0,0,0,0.0,0.0,852153527.0,seat_performance,BASELINE,seat_track_position,BASELINE,9.036529783333073,False,False,42.570385818561
341227826.0,3,7.967725878373287,7.673564224341288,9.023028790980266,0.9432739081424659,7.2065846197983054,3,0,0,0,0,0,0,0,0.0,0.0,341227829.0,belt_anchorage,BASELINE,belt_anchorage,BASELINE,9.023028790980266,False,False,42.361835245046926
556151441.0,2,8.446288305600621,8.446288305600621,9.023028790980266,0.8156342163935343,7.869547820220978,2,0,0,0,0,0,0,0,0.0,0.0,556151443.0,belt_anchorage,BASELINE,belt_anchorage,BASELINE,9.023028790980266,False,False,42.361835245046926
558024191.0,2,8.31552819780995,8.31552819780995,9.023028790980266,1.0005569342484704,7.608027604639634,2,0,0,0,0,0,0,0,0.0,0.0,558024194.0,belt_anchorage,BASELINE,belt_anchorage,BASELINE,9.023028790980266,False,False,42.361835245046926
651110116.0,2,8.114806705389286,8.114806705389286,9.023028790980266,1.2844199910895424,7.2065846197983054,2,0,0,0,0,0,0,0,0.0,0.0,651001959.0,belt_anchorage,BASELINE,belt_anchorage,BASELINE,9.023028790980266,False,False,42.361835245046926
341212506.0,3,8.138502696864375,7.99679527699384,9.015505000848147,0.8154362638006449,7.403207812751137,3,0,0,0,0,0,0,0,0.0,0.0,341212509.0,seat_performance,BASELINE,belt_anchorage,BASELINE,9.015505000848147,False,False,42.231491136600624
349213811.0,2,7.589862855699672,7.589862855699672,8.987230583927252,1.9761763928819243,6.1924951274720925,2,0,0,0,0,0,0,0,0.0,0.0,349213817.0,seat_position,BASELINE,seat_track_position,BASELINE,8.987230583927252,False,False,42.12721584984359
359443020.0,3,8.40546636503663,8.232373234188803,8.987230583927252,0.5174083960133409,7.99679527699384,3,0,0,0,0,0,0,0,0.0,0.0,359443024.0,seat_position,BASELINE,seat_position,BASELINE,8.987230583927252,False,False,42.12721584984359
897010864.0,2,7.459102747909,7.459102747909,8.987230583927252,2.16109911073686,5.9309749118907495,2,0,0,0,0,0,0,0,0.0,0.0,897001930.0,seat_position,BASELINE,seat_track_position,BASELINE,8.987230583927252,False,False,42.12721584984359
134005325.0,1,8.985769355595327,8.985769355595327,8.985769355595327,0.0,8.985769355595327,1,0,0,0,0,0,0,0,0.0,0.0,134007690.0,seat_type,BASELINE,seat_type,BASELINE,8.985769355595327,False,False,41.94473409801877
561117536.0,1,8.985769355595327,8.985769355595327,8.985769355595327,0.0,8.985769355595327,1,0,0,0,0,0,0,0,0.0,0.0,561117538.0,seat_type,BASELINE,seat_type,BASELINE,8.985769355595327,False,False,41.94473409801877
734097299.0,1,8.985769355595327,8.985769355595327,8.985769355595327,0.0,8.985769355595327,1,0,0,0,0,0,0,0,0.0,0.0,734097300.0,seat_type,BASELINE,seat_type,BASELINE,8.985769355595327,False,False,41.94473409801877
792836869.0,1,8.985769355595327,8.985769355595327,8.985769355595327,0.0,8.985769355595327,1,0,0,0,0,0,0,0,0.0,0.0,792836871.0,seat_type,BASELINE,seat_type,BASELINE,8.985769355595327,False,False,41.94473409801877
142598290.0,1,8.972714841777066,8.972714841777066,8.972714841777066,0.0,8.972714841777066,1,0,0,0,0,0,0,0,0.0,0.0,142598292.0,seat_performance,BASELINE,seat_performance,BASELINE,8.972714841777066,False,False,41.63190823774766
339344243.0,1,8.972714841777066,8.972714841777066,8.972714841777066,0.0,8.972714841777066,1,0,0,0,0,0,0,0,0.0,0.0,339344245.0,seat_performance,BASELINE,seat_performance,BASELINE,8.972714841777066,False,False,41.63190823774766
347853493.0,1,8.972714841777066,8.972714841777066,8.972714841777066,0.0,8.972714841777066,1,0,0,0,0,0,0,0,0.0,0.0,347853495.0,seat_performance,BASELINE,seat_performance,BASELINE,8.972714841777066,False,False,41.63190823774766
349195749.0,1,8.972714841777066,8.972714841777066,8.972714841777066,0.0,8.972714841777066,1,0,0,0,0,0,0,0,0.0,0.0,349195753.0,seat_performance,BASELINE,seat_performance,BASELINE,8.972714841777066,False,False,41.63190823774766
360207344.0,1,8.972714841777066,8.972714841777066,8.972714841777066,0.0,8.972714841777066,1,0,0,0,0,0,0,0,0.0,0.0,360207345.0,seat_performance,BASELINE,seat_performance,BASELINE,8.972714841777066,False,False,41.63190823774766
360239418.0,1,8.972714841777066,8.972714841777066,8.972714841777066,0.0,8.972714841777066,1,0,0,0,0,0,0,0,0.0,0.0,360239421.0,seat_performance,BASELINE,seat_performance,BASELINE,8.972714841777066,False,False,41.63190823774766
554149261.0,1,8.972714841777066,8.972714841777066,8.972714841777066,0.0,8.972714841777066,1,0,0,0,0,0,0,0,0.0,0.0,554149263.0,seat_performance,BASELINE,seat_performance,BASELINE,8.972714841777066,False,False,41.63190823774766
852154581.0,1,8.972714841777066,8.972714841777066,8.972714841777066,0.0,8.972714841777066,1,0,0,0,0,0,0,0,0.0,0.0,852154582.0,seat_performance,BASELINE,seat_performance,BASELINE,8.972714841777066,False,False,41.63190823774766
325136145.0,1,8.966758378081895,8.966758378081895,8.966758378081895,0.0,8.966758378081895,1,0,0,0,0,0,0,0,0.0,0.0,325136147.0,belt_anchorage,BASELINE,belt_anchorage,BASELINE,8.966758378081895,False,False,41.16266944734098
325140734.0,2,8.947640485898301,8.947640485898301,8.966758378081895,0.02703678241002671,8.928522593714705,2,0,0,0,0,0,0,0,0.0,0.0,325140736.0,belt_anchorage,BASELINE,belt_anchorage,BASELINE,8.966758378081895,False,False,41.16266944734098
341235035.0,1,8.966758378081895,8.966758378081895,8.966758378081895,0.0,8.966758378081895,1,0,0,0,0,0,0,0,0.0,0.0,341235036.0,belt_anchorage,BASELINE,belt_anchorage,BASELINE,8.966758378081895,False,False,41.16266944734098
359849305.0,1,8.966758378081895,8.966758378081895,8.966758378081895,0.0,8.966758378081895,1,0,0,0,0,0,0,0,0.0,0.0,359849307.0,belt_anchorage,BASELINE,belt_anchorage,BASELINE,8.966758378081895,False,False,41.16266944734098
360388173.0,1,8.966758378081895,8.966758378081895,8.966758378081895,0.0,8.966758378081895,1,0,0,0,0,0,0,0,0.0,0.0,360388175.0,belt_anchorage,BASELINE,belt_anchorage,BASELINE,8.966758378081895,False,False,41.16266944734098
550032764.0,1,8.966758378081895,8.966758378081895,8.966758378081895,0.0,8.966758378081895,1,0,0,0,0,0,0,0,0.0,0.0,550032832.0,belt_anchorage,BASELINE,belt_anchorage,BASELINE,8.966758378081895,False,False,41.16266944734098
599008700.0,2,8.787445733094668,8.787445733094668,8.966758378081895,0.2535863744459279,8.608133088107442,2,0,0,0,0,0,0,0,0.0,0.0,599008702.0,belt_anchorage,BASELINE,belt_anchorage,BASELINE,8.966758378081895,False,False,41.16266944734098
651136615.0,1,8.966758378081895,8.966758378081895,8.966758378081895,0.0,8.966758378081895,1,0,0,0,0,0,0,0,0.0,0.0,651136617.0,belt_anchorage,BASELINE,belt_anchorage,BASELINE,8.966758378081895,False,False,41.16266944734098
795869990.0,1,8.966758378081895,8.966758378081895,8.966758378081895,0.0,8.966758378081895,1,0,0,0,0,0,0,0,0.0,0.0,795870015.0,belt_anchorage,BASELINE,belt_anchorage,BASELINE,8.966758378081895,False,False,41.16266944734098
852170536.0,2,8.773302080168417,8.773302080168417,8.966758378081895,0.2735885202357295,8.57984578225494,2,0,0,0,0,0,0,0,0.0,0.0,852170538.0,belt_anchorage,BASELINE,belt_anchorage,BASELINE,8.966758378081895,False,False,41.16266944734098
359544165.0,1,8.962303910044147,8.962303910044147,8.962303910044147,0.0,8.962303910044147,1,0,0,0,0,0,0,0,0.0,0.0,359544166.0,belt_anchorage,BASELINE,belt_anchorage,BASELINE,8.962303910044147,False,False,40.79770594369134
852119177.0,1,8.962303910044147,8.962303910044147,8.962303910044147,0.0,8.962303910044147,1,0,0,0,0,0,0,0,0.0,0.0,852119832.0,belt_anchorage,BASELINE,belt_anchorage,BASELINE,8.962303910044147,False,False,40.79770594369134
852136535.0,1,8.962303910044147,8.962303910044147,8.962303910044147,0.0,8.962303910044147,1,0,0,0,0,0,0,0,0.0,0.0,852136536.0,belt_anchorage,BASELINE,belt_anchorage,BASELINE,8.962303910044147,False,False,40.79770594369134
897026145.0,1,8.962303910044147,8.962303910044147,8.962303910044147,0.0,8.962303910044147,1,0,0,0,0,0,0,0,0.0,0.0,897006948.0,belt_anchorage,BASELINE,belt_anchorage,BASELINE,8.962303910044147,False,False,40.79770594369134
349213846.0,2,7.17502366557288,7.17502366557288,8.928522593714705,2.479821965784854,5.421524737431055,2,0,0,0,0,0,0,0,0.0,0.0,349213849.0,seat_performance,BASELINE,seat_track_position,BASELINE,8.928522593714705,False,False,40.58915537017727
360247383.0,3,7.439762380160563,7.673564224341288,8.928522593714705,1.6183773228996792,5.717200322425695,3,0,0,0,0,0,0,0,0.0,0.0,360247385.0,seat_performance,BASELINE,seat_track_position,BASELINE,8.928522593714705,False,False,40.58915537017727
556145917.0,2,8.112981503309577,8.112981503309577,8.928522593714705,1.153349270723475,7.297440412904448,2,0,0,0,0,0,0,0,0.0,0.0,556145920.0,seat_performance,BASELINE,belt_anchorage,BASELINE,8.928522593714705,False,False,40.58915537017727
897026156.0,2,7.229027260382063,7.229027260382063,8.928522593714705,2.4034493495888065,5.529531927049421,2,0,0,0,0,0,0,0,0.0,0.0,897007170.0,seat_performance,BASELINE,seat_track_position,BASELINE,8.928522593714705,False,False,40.58915537017727
325134276.0,1,8.92722844898457,8.92722844898457,8.92722844898457,0.0,8.92722844898457,1,0,0,0,0,0,0,0,0.0,0.0,325134278.0,seat_performance,BASELINE,seat_performance,BASELINE,8.92722844898457,False,False,40.32846715328467
341206135.0,1,8.92722844898457,8.92722844898457,8.92722844898457,0.0,8.92722844898457,1,0,0,0,0,0,0,0,0.0,0.0,341206137.0,seat_performance,BASELINE,seat_performance,BASELINE,8.92722844898457,False,False,40.32846715328467
349196646.0,1,8.92722844898457,8.92722844898457,8.92722844898457,0.0,8.92722844898457,1,0,0,0,0,0,0,0,0.0,0.0,349196647.0,seat_performance,BASELINE,seat_performance,BASELINE,8.92722844898457,False,False,40.32846715328467
360230997.0,1,8.92722844898457,8.92722844898457,8.92722844898457,0.0,8.92722844898457,1,0,0,0,0,0,0,0,0.0,0.0,360230999.0,seat_performance,BASELINE,seat_performance,BASELINE,8.92722844898457,False,False,40.32846715328467
852129398.0,1,8.92722844898457,8.92722844898457,8.92722844898457,0.0,8.92722844898457,1,0,0,0,0,0,0,0,0.0,0.0,852129399.0,seat_performance,BASELINE,seat_performance,BASELINE,8.92722844898457,False,False,40.32846715328467
878546795.0,1,8.92722844898457,8.92722844898457,8.92722844898457,0.0,8.92722844898457,1,0,0,0,0,0,0,0,0.0,0.0,878546797.0,seat_performance,BASELINE,seat_performance,BASELINE,8.92722844898457,False,False,40.32846715328467
142538560.0,2,7.366352661636921,7.366352661636921,8.907497811229781,2.1795083721397353,5.825207512044061,2,0,0,0,0,0,0,0,0.0,0.0,142538563.0,seat_performance,BASELINE,seat_track_position,BASELINE,8.907497811229781,False,False,39.96350364963504
341213549.0,2,8.201011644225645,8.201011644225645,8.907497811229781,0.9991223190062335,7.494525477221508,2,0,0,0,0,0,0,0,0.0,0.0,341213552.0,seat_performance,BASELINE,seat_performance,BASELINE,8.907497811229781,False,False,39.96350364963504
359706605.0,2,7.954631319569795,7.954631319569795,8.907497811229781,1.3475567156364228,7.001764827909808,2,0,0,0,0,0,0,0,0.0,0.0,359706609.0,seat_performance,BASELINE,belt_anchorage,BASELINE,8.907497811229781,False,False,39.96350364963504
360238113.0,2,7.312349066827738,7.312349066827738,8.907497811229781,2.255880988335783,5.717200322425695,2,0,0,0,0,0,0,0,0.0,0.0,360238115.0,seat_performance,BASELINE,seat_track_position,BASELINE,8.907497811229781,False,False,39.96350364963504
556171672.0,2,7.312349066827738,7.312349066827738,8.907497811229781,2.255880988335783,5.717200322425695,2,0,0,0,0,0,0,0,0.0,0.0,556171676.0,seat_performance,BASELINE,seat_track_position,BASELINE,8.907497811229781,False,False,39.96350364963504
558025062.0,2,7.366352661636921,7.366352661636921,8.907497811229781,2.1795083721397353,5.825207512044061,2,0,0,0,0,0,0,0,0.0,0.0,558025064.0,seat_performance,BASELINE,seat_track_position,BASELINE,8.907497811229781,False,False,39.96350364963504
791600868.0,2,8.740093310997242,8.740093310997242,8.907497811229781,0.23674571463114574,8.572688810764705,2,0,0,0,0,0,0,0,0.0,0.0,791600871.0,seat_performance,BASELINE,posture,BASELINE,8.907497811229781,False,False,39.96350364963504
852143080.0,2,8.147008049416462,8.147008049416462,8.907497811229781,1.0754949352022816,7.386518287603142,2,0,0,0,0,0,0,0,0.0,0.0,852143083.0,seat_performance,BASELINE,seat_performance,BASELINE,8.907497811229781,False,False,39.96350364963504
627082111.0,2,8.800359459741735,8.800359459741735,8.897639705302428,0.1375750426229173,8.703079214181042,2,0,0,0,0,0,0,0,0.0,0.0,627082115.0,seat_position,BASELINE,belt_anchorage,BASELINE,8.897639705302428,False,False,39.7288842544317
360255783.0,1,8.885798365290661,8.885798365290661,8.885798365290661,0.0,8.885798365290661,1,0,0,0,0,0,0,0,0.0,0.0,360255784.0,belt_anchorage,BASELINE,belt_anchorage,BASELINE,8.885798365290661,False,False,39.54640250260688
550030762.0,2,8.61801637162463,8.61801637162463,8.885798365290661,0.37870092720180676,8.3502343779586,2,0,0,0,0,0,0,0,0.0,0.0,558030790.0,belt_anchorage,BASELINE,belt_anchorage,BASELINE,8.885798365290661,False,False,39.54640250260688
550032259.0,1,8.885798365290661,8.885798365290661,8.885798365290661,0.0,8.885798365290661,1,0,0,0,0,0,0,0,0.0,0.0,550032261.0,belt_anchorage,BASELINE,belt_anchorage,BASELINE,8.885798365290661,False,False,39.54640250260688
550040590.0,1,8.885798365290661,8.885798365290661,8.885798365290661,0.0,8.885798365290661,1,0,0,0,0,0,0,0,0.0,0.0,550040664.0,belt_anchorage,BASELINE,belt_anchorage,BASELINE,8.885798365290661,False,False,39.54640250260688
558036417.0,1,8.885798365290661,8.885798365290661,8.885798365290661,0.0,8.885798365290661,1,0,0,0,0,0,0,0,0.0,0.0,558036418.0,belt_anchorage,BASELINE,belt_anchorage,BASELINE,8.885798365290661,False,False,39.54640250260688
734095056.0,1,8.885798365290661,8.885798365290661,8.885798365290661,0.0,8.885798365290661,1,0,0,0,0,0,0,0,0.0,0.0,734095058.0,belt_anchorage,BASELINE,belt_anchorage,BASELINE,8.885798365290661,False,False,39.54640250260688
325139306.0,1,8.858377623576816,8.858377623576816,8.858377623576816,0.0,8.858377623576816,1,0,0,0,0,0,0,0,0.0,0.0,325139307.0,seat_performance,BASELINE,seat_performance,BASELINE,8.858377623576816,False,False,39.33785192909281
347658885.0,1,8.858377623576816,8.858377623576816,8.858377623576816,0.0,8.858377623576816,1,0,0,0,0,0,0,0,0.0,0.0,347658887.0,seat_performance,BASELINE,seat_performance,BASELINE,8.858377623576816,False,False,39.33785192909281
328109193.0,1,8.851272597655402,8.851272597655402,8.851272597655402,0.0,8.851272597655402,1,0,0,0,0,0,0,0,0.0,0.0,328109194.0,belt_anchorage,BASELINE,belt_anchorage,BASELINE,8.851272597655402,False,False,39.10323253388947
349172440.0,1,8.851272597655402,8.851272597655402,8.851272597655402,0.0,8.851272597655402,1,0,0,0,0,0,0,0,0.0,0.0,349172442.0,belt_anchorage,BASELINE,belt_anchorage,BASELINE,8.851272597655402,False,False,39.10323253388947
349174839.0,1,8.851272597655402,8.851272597655402,8.851272597655402,0.0,8.851272597655402,1,0,0,0,0,0,0,0,0.0,0.0,349174840.0,belt_anchorage,BASELINE,belt_anchorage,BASELINE,8.851272597655402,False,False,39.10323253388947
554141344.0,1,8.851272597655402,8.851272597655402,8.851272597655402,0.0,8.851272597655402,1,0,0,0,0,0,0,0,0.0,0.0,554141346.0,belt_anchorage,BASELINE,belt_anchorage,BASELINE,8.851272597655402,False,False,39.10323253388947
556145727.0,1,8.851272597655402,8.851272597655402,8.851272597655402,0.0,8.851272597655402,1,0,0,0,0,0,0,0,0.0,0.0,556145728.0,belt_anchorage,BASELINE,belt_anchorage,BASELINE,8.851272597655402,False,False,39.10323253388947
650101216.0,1,8.851272597655402,8.851272597655402,8.851272597655402,0.0,8.851272597655402,1,0,0,0,0,0,0,0,0.0,0.0,650101218.0,belt_anchorage,BASELINE,belt_anchorage,BASELINE,8.851272597655402,False,False,39.10323253388947
897000789.0,1,8.851272597655402,8.851272597655402,8.851272597655402,0.0,8.851272597655402,1,0,0,0,0,0,0,0,0.0,0.0,4041.0,belt_anchorage,BASELINE,belt_anchorage,BASELINE,8.851272597655402,False,False,39.10323253388947
359751728.0,1,8.819221259366204,8.819221259366204,8.819221259366204,0.0,8.819221259366204,1,0,0,0,0,0,0,0,0.0,0.0,359751729.0,seat_performance,BASELINE,seat_performance,BASELINE,8.819221259366204,False,False,38.738269030239834
359776945.0,1,8.819221259366204,8.819221259366204,8.819221259366204,0.0,8.819221259366204,1,0,0,0,0,0,0,0,0.0,0.0,359776947.0,seat_performance,BASELINE,seat_performance,BASELINE,8.819221259366204,False,False,38.738269030239834
360206098.0,1,8.819221259366204,8.819221259366204,8.819221259366204,0.0,8.819221259366204,1,0,0,0,0,0,0,0,0.0,0.0,360206100.0,seat_performance,BASELINE,seat_performance,BASELINE,8.819221259366204,False,False,38.738269030239834
360222771.0,1,8.819221259366204,8.819221259366204,8.819221259366204,0.0,8.819221259366204,1,0,0,0,0,0,0,0,0.0,0.0,360222773.0,seat_performance,BASELINE,seat_performance,BASELINE,8.819221259366204,False,False,38.738269030239834
556151492.0,2,7.794607773423024,7.794607773423024,8.819221259366204,1.4490222880112185,6.769994287479846,2,0,0,0,0,0,0,0,0.0,0.0,556151495.0,seat_performance,BASELINE,seat_performance,BASELINE,8.819221259366204,False,False,38.738269030239834
791835395.0,1,8.819221259366204,8.819221259366204,8.819221259366204,0.0,8.819221259366204,1,0,0,0,0,0,0,0,0.0,0.0,791835397.0,seat_performance,BASELINE,seat_performance,BASELINE,8.819221259366204,False,False,38.738269030239834
792807531.0,1,8.819221259366204,8.819221259366204,8.819221259366204,0.0,8.819221259366204,1,0,0,0,0,0,0,0,0.0,0.0,792807533.0,seat_performance,BASELINE,seat_performance,BASELINE,8.819221259366204,False,False,38.738269030239834
328119668.0,2,8.110708405921452,8.110708405921452,8.818208999091768,1.0005569342484697,7.403207812751137,2,0,0,0,0,0,0,0,0.0,0.0,328119670.0,belt_anchorage,BASELINE,belt_anchorage,BASELINE,8.818208999091768,False,False,38.45151199165798
344088009.0,2,7.173870463070594,7.173870463070594,8.818208999091768,2.325445858773864,5.529531927049421,2,0,0,0,0,0,0,0,0.0,0.0,344088014.0,belt_anchorage,BASELINE,seat_track_position,BASELINE,8.818208999091768,False,False,38.45151199165798
349221529.0,2,7.2677046607587314,7.2677046607587314,8.818208999091768,2.192744263788902,5.717200322425695,2,0,0,0,0,0,0,0,0.0,0.0,349221533.0,belt_anchorage,BASELINE,seat_track_position,BASELINE,8.818208999091768,False,False,38.45151199165798
556151482.0,2,7.451348468472747,7.451348468472747,8.818208999091768,1.9330327002739043,6.084487937853726,2,0,0,0,0,0,0,0,0.0,0.0,556151485.0,belt_anchorage,BASELINE,seat_track_position,BASELINE,8.818208999091768,False,False,38.45151199165798
347397072.0,1,8.80884661402773,8.80884661402773,8.80884661402773,0.0,8.80884661402773,1,0,0,0,0,0,0,0,0.0,0.0,347397073.0,belt_anchorage,BASELINE,belt_anchorage,BASELINE,8.80884661402773,False,False,38.16475495307612
433468634.0,1,8.80884661402773,8.80884661402773,8.80884661402773,0.0,8.80884661402773,1,0,0,0,0,0,0,0,0.0,0.0,433468636.0,belt_anchorage,BASELINE,belt_anchorage,BASELINE,8.80884661402773,False,False,38.16475495307612
554130438.0,1,8.80884661402773,8.80884661402773,8.80884661402773,0.0,8.80884661402773,1,0,0,0,0,0,0,0,0.0,0.0,554130440.0,belt_anchorage,BASELINE,belt_anchorage,BASELINE,8.80884661402773,False,False,38.16475495307612
554130999.0,1,8.80884661402773,8.80884661402773,8.80884661402773,0.0,8.80884661402773,1,0,0,0,0,0,0,0,0.0,0.0,554131002.0,belt_anchorage,BASELINE,belt_anchorage,BASELINE,8.80884661402773,False,False,38.16475495307612
554135801.0,2,7.843424045562971,7.843424045562971,8.80884661402773,1.3653136897439309,6.878001477098212,2,0,0,0,0,0,0,0,0.0,0.0,554135803.0,belt_anchorage,BASELINE,belt_anchorage,BASELINE,8.80884661402773,False,False,38.16475495307612
554153471.0,1,8.80884661402773,8.80884661402773,8.80884661402773,0.0,8.80884661402773,1,0,0,0,0,0,0,0,0.0,0.0,554153472.0,belt_anchorage,BASELINE,belt_anchorage,BASELINE,8.80884661402773,False,False,38.16475495307612
897000032.0,1,8.80884661402773,8.80884661402773,8.80884661402773,0.0,8.80884661402773,1,0,0,0,0,0,0,0,0.0,0.0,897002264.0,belt_anchorage,BASELINE,belt_anchorage,BASELINE,8.80884661402773,False,False,38.16475495307612
328077832.0,2,8.59603460166492,8.59603460166492,8.784665574143439,0.26676447956274746,8.407403629186401,2,0,0,0,0,0,0,0,0.0,0.0,328077835.0,belt_anchorage,BASELINE,belt_anchorage,BASELINE,8.784665574143439,False,False,37.90406673618352
556138391.0,2,8.143462889468193,8.143462889468193,8.784665574143439,0.9067975328977722,7.502260204792947,2,0,0,0,0,0,0,0,0.0,0.0,556138394.0,belt_anchorage,BASELINE,belt_anchorage,BASELINE,8.784665574143439,False,False,37.90406673618352
556175459.0,2,8.196346589391537,8.196346589391537,8.784665574143439,0.8320086872377104,7.608027604639634,2,0,0,0,0,0,0,0,0.0,0.0,556175462.0,belt_anchorage,BASELINE,belt_anchorage,BASELINE,8.784665574143439,False,False,37.90406673618352
341216164.0,1,8.774767052901916,8.774767052901916,8.774767052901916,0.0,8.774767052901916,1,0,0,0,0,0,0,0,0.0,0.0,341216166.0,belt_anchorage,BASELINE,belt_anchorage,BASELINE,8.774767052901916,False,False,37.591240875912405
344051899.0,1,8.774767052901916,8.774767052901916,8.774767052901916,0.0,8.774767052901916,1,0,0,0,0,0,0,0,0.0,0.0,344051901.0,belt_anchorage,BASELINE,belt_anchorage,BASELINE,8.774767052901916,False,False,37.591240875912405
344087988.0,1,8.774767052901916,8.774767052901916,8.774767052901916,0.0,8.774767052901916,1,0,0,0,0,0,0,0,0.0,0.0,344087989.0,belt_anchorage,BASELINE,belt_anchorage,BASELINE,8.774767052901916,False,False,37.591240875912405
349187916.0,1,8.774767052901916,8.774767052901916,8.774767052901916,0.0,8.774767052901916,1,0,0,0,0,0,0,0,0.0,0.0,349187918.0,belt_anchorage,BASELINE,belt_anchorage,BASELINE,8.774767052901916,False,False,37.591240875912405
349225045.0,1,8.774767052901916,8.774767052901916,8.774767052901916,0.0,8.774767052901916,1,0,0,0,0,0,0,0,0.0,0.0,349225046.0,belt_anchorage,BASELINE,belt_anchorage,BASELINE,8.774767052901916,False,False,37.591240875912405
357138938.0,1,8.774767052901916,8.774767052901916,8.774767052901916,0.0,8.774767052901916,1,0,0,0,0,0,0,0,0.0,0.0,357138939.0,belt_anchorage,BASELINE,belt_anchorage,BASELINE,8.774767052901916,False,False,37.591240875912405
554151586.0,1,8.774767052901916,8.774767052901916,8.774767052901916,0.0,8.774767052901916,1,0,0,0,0,0,0,0,0.0,0.0,554151587.0,belt_anchorage,BASELINE,belt_anchorage,BASELINE,8.774767052901916,False,False,37.591240875912405
558035409.0,1,8.774767052901916,8.774767052901916,8.774767052901916,0.0,8.774767052901916,1,0,0,0,0,0,0,0,0.0,0.0,558035411.0,belt_anchorage,BASELINE,belt_anchorage,BASELINE,8.774767052901916,False,False,37.591240875912405
897000783.0,1,8.774767052901916,8.774767052901916,8.774767052901916,0.0,8.774767052901916,1,0,0,0,0,0,0,0,0.0,0.0,3881.0,belt_anchorage,BASELINE,belt_anchorage,BASELINE,8.774767052901916,False,False,37.591240875912405
142513277.0,1,8.75037043395845,8.75037043395845,8.75037043395845,0.0,8.75037043395845,1,0,0,0,0,0,0,0,0.0,0.0,142513279.0,seat_performance,BASELINE,seat_performance,BASELINE,8.75037043395845,False,False,37.174139728884256
328096099.0,1,8.75037043395845,8.75037043395845,8.75037043395845,0.0,8.75037043395845,1,0,0,0,0,0,0,0,0.0,0.0,328096100.0,seat_performance,BASELINE,seat_performance,BASELINE,8.75037043395845,False,False,37.174139728884256
347358752.0,1,8.75037043395845,8.75037043395845,8.75037043395845,0.0,8.75037043395845,1,0,0,0,0,0,0,0,0.0,0.0,347358755.0,seat_performance,BASELINE,seat_performance,BASELINE,8.75037043395845,False,False,37.174139728884256
349232295.0,1,8.75037043395845,8.75037043395845,8.75037043395845,0.0,8.75037043395845,1,0,0,0,0,0,0,0,0.0,0.0,349232296.0,seat_performance,BASELINE,seat_performance,BASELINE,8.75037043395845,False,False,37.174139728884256
556175677.0,1,8.75037043395845,8.75037043395845,8.75037043395845,0.0,8.75037043395845,1,0,0,0,0,0,0,0,0.0,0.0,556175680.0,seat_performance,BASELINE,seat_performance,BASELINE,8.75037043395845,False,False,37.174139728884256
792852482.0,1,8.75037043395845,8.75037043395845,8.75037043395845,0.0,8.75037043395845,1,0,0,0,0,0,0,0,0.0,0.0,792852484.0,seat_performance,BASELINE,seat_performance,BASELINE,8.75037043395845,False,False,37.174139728884256
904425736.0,1,8.75037043395845,8.75037043395845,8.75037043395845,0.0,8.75037043395845,1,0,0,0,0,0,0,0,0.0,0.0,904425737.0,seat_performance,BASELINE,seat_performance,BASELINE,8.75037043395845,False,False,37.174139728884256
349180224.0,1,8.703079214181042,8.703079214181042,8.703079214181042,0.0,8.703079214181042,1,0,0,0,0,0,0,0,0.0,0.0,349180227.0,belt_anchorage,BASELINE,belt_anchorage,BASELINE,8.703079214181042,False,False,36.91345151199166
554124394.0,1,8.703079214181042,8.703079214181042,8.703079214181042,0.0,8.703079214181042,1,0,0,0,0,0,0,0,0.0,0.0,554124395.0,belt_anchorage,BASELINE,belt_anchorage,BASELINE,8.703079214181042,False,False,36.91345151199166
795600885.0,1,8.703079214181042,8.703079214181042,8.703079214181042,0.0,8.703079214181042,1,0,0,0,0,0,0,0,0.0,0.0,795600886.0,belt_anchorage,BASELINE,belt_anchorage,BASELINE,8.703079214181042,False,False,36.91345151199166
142689055.0,1,8.692392135616572,8.692392135616572,8.692392135616572,0.0,8.692392135616572,1,0,0,0,0,0,0,0,0.0,0.0,142689058.0,belt_use,BASELINE,belt_use,BASELINE,8.692392135616572,False,False,36.574556830031284
344062903.0,1,8.692392135616572,8.692392135616572,8.692392135616572,0.0,8.692392135616572,1,0,0,0,0,0,0,0,0.0,0.0,344062905.0,belt_use,BASELINE,belt_use,BASELINE,8.692392135616572,False,False,36.574556830031284
347305631.0,1,8.692392135616572,8.692392135616572,8.692392135616572,0.0,8.692392135616572,1,0,0,0,0,0,0,0,0.0,0.0,347305633.0,belt_use,BASELINE,belt_use,BASELINE,8.692392135616572,False,False,36.574556830031284
347602557.0,1,8.692392135616572,8.692392135616572,8.692392135616572,0.0,8.692392135616572,1,0,0,0,0,0,0,0,0.0,0.0,347602559.0,belt_use,BASELINE,belt_use,BASELINE,8.692392135616572,False,False,36.574556830031284
349188015.0,1,8.692392135616572,8.692392135616572,8.692392135616572,0.0,8.692392135616572,1,0,0,0,0,0,0,0,0.0,0.0,349188018.0,belt_use,BASELINE,belt_use,BASELINE,8.692392135616572,False,False,36.574556830031284
433351486.0,1,8.692392135616572,8.692392135616572,8.692392135616572,0.0,8.692392135616572,1,0,0,0,0,0,0,0,0.0,0.0,433351488.0,belt_use,BASELINE,belt_use,BASELINE,8.692392135616572,False,False,36.574556830031284
550025744.0,1,8.692392135616572,8.692392135616572,8.692392135616572,0.0,8.692392135616572,1,0,0,0,0,0,0,0,0.0,0.0,550025746.0,belt_use,BASELINE,belt_use,BASELINE,8.692392135616572,False,False,36.574556830031284
558034156.0,1,8.692392135616572,8.692392135616572,8.692392135616572,0.0,8.692392135616572,1,0,0,0,0,0,0,0,0.0,0.0,558034157.0,belt_use,BASELINE,belt_use,BASELINE,8.692392135616572,False,False,36.574556830031284
701162416.0,1,8.692392135616572,8.692392135616572,8.692392135616572,0.0,8.692392135616572,1,0,0,0,0,0,0,0,0.0,0.0,110162420.0,belt_use,BASELINE,belt_use,BASELINE,8.692392135616572,False,False,36.574556830031284
796454483.0,1,8.692392135616572,8.692392135616572,8.692392135616572,0.0,8.692392135616572,1,0,0,0,0,0,0,0,0.0,0.0,796454485.0,belt_use,BASELINE,belt_use,BASELINE,8.692392135616572,False,False,36.574556830031284
554131004.0,1,8.68069600038307,8.68069600038307,8.68069600038307,0.0,8.68069600038307,1,0,0,0,0,0,0,0,0.0,0.0,554131006.0,posture,BASELINE,posture,BASELINE,8.68069600038307,False,False,36.261730969760166
650104604.0,1,8.68069600038307,8.68069600038307,8.68069600038307,0.0,8.68069600038307,1,0,0,0,0,0,0,0,0.0,0.0,650105878.0,posture,BASELINE,posture,BASELINE,8.68069600038307,False,False,36.261730969760166
328111706.0,1,8.639540253350836,8.639540253350836,8.639540253350836,0.0,8.639540253350836,1,0,0,0,0,0,0,0,0.0,0.0,328111707.0,belt_use,BASELINE,belt_use,BASELINE,8.639540253350836,False,False,36.053180396246084
341306965.0,1,8.639540253350836,8.639540253350836,8.639540253350836,0.0,8.639540253350836,1,0,0,0,0,0,0,0,0.0,0.0,341306966.0,belt_use,BASELINE,belt_use,BASELINE,8.639540253350836,False,False,36.053180396246084
347684804.0,1,8.639540253350836,8.639540253350836,8.639540253350836,0.0,8.639540253350836,1,0,0,0,0,0,0,0,0.0,0.0,347684805.0,belt_use,BASELINE,belt_use,BASELINE,8.639540253350836,False,False,36.053180396246084
349193375.0,1,8.639540253350836,8.639540253350836,8.639540253350836,0.0,8.639540253350836,1,0,0,0,0,0,0,0,0.0,0.0,349193376.0,belt_use,BASELINE,belt_use,BASELINE,8.639540253350836,False,False,36.053180396246084
556151529.0,1,8.639540253350836,8.639540253350836,8.639540253350836,0.0,8.639540253350836,1,0,0,0,0,0,0,0,0.0,0.0,556151530.0,belt_use,BASELINE,belt_use,BASELINE,8.639540253350836,False,False,36.053180396246084
556151545.0,1,8.639540253350836,8.639540253350836,8.639540253350836,0.0,8.639540253350836,1,0,0,0,0,0,0,0,0.0,0.0,556151546.0,belt_use,BASELINE,belt_use,BASELINE,8.639540253350836,False,False,36.053180396246084
142480504.0,3,6.96921976754557,6.878001477098212,8.608133088107442,1.5952613508557854,5.421524737431055,3,0,0,0,0,0,0,0,0.0,0.0,142480508.0,seat_position,BASELINE,seat_position,BASELINE,8.608133088107442,False,False,35.84462982273201
556131455.0,3,7.844835535112376,7.688404608616671,8.608133088107442,0.6983483699169324,7.237968908613016,3,0,0,0,0,0,0,0,0.0,0.0,556131459.0,seat_position,BASELINE,seat_position,BASELINE,8.608133088107442,False,False,35.84462982273201
359593263.0,2,7.2014067522636624,7.2014067522636624,8.57984578225494,1.949407171118079,5.822967722272384,2,0,0,0,0,0,0,0,0.0,0.0,359593280.0,belt_anchorage,BASELINE,seat_track_position,BASELINE,8.57984578225494,False,False,35.66214807090719
359633589.0,2,7.3861704548635165,7.3861704548635165,8.57984578225494,1.6881118370670962,6.1924951274720925,2,0,0,0,0,0,0,0,0.0,0.0,359633618.0,belt_anchorage,BASELINE,seat_track_position,BASELINE,8.57984578225494,False,False,35.66214807090719
556127863.0,2,7.938643097579694,7.938643097579694,8.57984578225494,0.9067975328977722,7.297440412904448,2,0,0,0,0,0,0,0,0.0,0.0,556127865.0,belt_anchorage,BASELINE,belt_anchorage,BASELINE,8.57984578225494,False,False,35.66214807090719
651110083.0,2,7.938643097579694,7.938643097579694,8.57984578225494,0.9067975328977722,7.297440412904448,2,0,0,0,0,0,0,0,0.0,0.0,651001821.0,belt_anchorage,BASELINE,belt_anchorage,BASELINE,8.57984578225494,False,False,35.66214807090719
897025080.0,2,7.202526647149501,7.202526647149501,8.57984578225494,1.947823400582094,5.825207512044061,2,0,0,0,0,0,0,0,0.0,0.0,897025083.0,belt_anchorage,BASELINE,seat_track_position,BASELINE,8.57984578225494,False,False,35.66214807090719
347846746.0,2,7.786147251270446,7.786147251270446,8.572688810764705,1.112337740806865,6.999605691776187,2,0,0,0,0,0,0,0,0.0,0.0,347846749.0,posture,BASELINE,posture,BASELINE,8.572688810764705,False,False,35.427528675703854
433413034.0,2,7.786147251270446,7.786147251270446,8.572688810764705,1.112337740806865,6.999605691776187,2,0,0,0,0,0,0,0,0.0,0.0,433413038.0,posture,BASELINE,posture,BASELINE,8.572688810764705,False,False,35.427528675703854
651114473.0,1,8.572688810764705,8.572688810764705,8.572688810764705,0.0,8.572688810764705,1,0,0,0,0,0,0,0,0.0,0.0,651114475.0,posture,BASELINE,posture,BASELINE,8.572688810764705,False,False,35.427528675703854
796451333.0,2,7.84015084607963,7.84015084607963,8.572688810764705,1.035965124610816,7.107612881394555,2,0,0,0,0,0,0,0,0.0,0.0,796451338.0,posture,BASELINE,posture,BASELINE,8.572688810764705,False,False,35.427528675703854
554139472.0,2,8.081540887243365,8.081540887243365,8.555054169847097,0.6696489062220007,7.608027604639634,2,0,0,0,0,0,0,0,0.0,0.0,554139475.0,belt_anchorage,BASELINE,belt_anchorage,BASELINE,8.555054169847097,False,False,35.29718456725756
554128794.0,1,8.407403629186401,8.407403629186401,8.407403629186401,0.0,8.407403629186401,1,0,0,0,0,0,0,0,0.0,0.0,554128795.0,belt_anchorage,BASELINE,belt_anchorage,BASELINE,8.407403629186401,False,False,35.16684045881126
554132657.0,1,8.407403629186401,8.407403629186401,8.407403629186401,0.0,8.407403629186401,1,0,0,0,0,0,0,0,0.0,0.0,554132659.0,belt_anchorage,BASELINE,belt_anchorage,BASELINE,8.407403629186401,False,False,35.16684045881126
877469721.0,1,8.407403629186401,8.407403629186401,8.407403629186401,0.0,8.407403629186401,1,0,0,0,0,0,0,0,0.0,0.0,877469723.0,belt_anchorage,BASELINE,belt_anchorage,BASELINE,8.407403629186401,False,False,35.16684045881126
897000513.0,1,8.407403629186401,8.407403629186401,8.407403629186401,0.0,8.407403629186401,1,0,0,0,0,0,0,0,0.0,0.0,897000515.0,belt_anchorage,BASELINE,belt_anchorage,BASELINE,8.407403629186401,False,False,35.16684045881126
556160317.0,4,7.694013314513466,7.522828473171042,8.384420213480396,0.468331153860462,7.345976098231382,4,0,0,0,0,0,0,0,0.0,0.0,556160321.0,seat_position,BASELINE,seat_position,BASELINE,8.384420213480396,False,False,35.03649635036496
554148315.0,2,8.019319493287636,8.019319493287636,8.3502343779586,0.4679843178928065,7.688404608616671,2,0,0,0,0,0,0,0,0.0,0.0,554148318.0,belt_anchorage,BASELINE,seat_performance,BASELINE,8.3502343779586,False,False,34.932221063607926
792866642.0,2,7.086601050115492,7.086601050115492,8.3502343779586,1.7870473901023707,5.822967722272384,2,0,0,0,0,0,0,0,0.0,0.0,792866645.0,belt_anchorage,BASELINE,seat_track_position,BASELINE,8.3502343779586,False,False,34.932221063607926
897043721.0,2,7.271364752715346,7.271364752715346,8.3502343779586,1.5257520560513878,6.1924951274720925,2,0,0,0,0,0,0,0,0.0,0.0,897043724.0,belt_anchorage,BASELINE,seat_track_position,BASELINE,8.3502343779586,False,False,34.932221063607926
556118435.0,1,8.313493993353545,8.313493993353545,8.313493993353545,0.0,8.313493993353545,1,0,0,0,0,0,0,0,0.0,0.0,556118437.0,posture,BASELINE,posture,BASELINE,8.313493993353545,False,False,34.77580813347237
556173198.0,1,8.313493993353545,8.313493993353545,8.313493993353545,0.0,8.313493993353545,1,0,0,0,0,0,0,0,0.0,0.0,556173200.0,posture,BASELINE,posture,BASELINE,8.313493993353545,False,False,34.77580813347237
852131764.0,1,8.313493993353545,8.313493993353545,8.313493993353545,0.0,8.313493993353545,1,0,0,0,0,0,0,0,0.0,0.0,852131766.0,posture,BASELINE,posture,BASELINE,8.313493993353545,False,False,34.77580813347237
341166188.0,1,8.232373234188803,8.232373234188803,8.232373234188803,0.0,8.232373234188803,1,0,0,0,0,0,0,0,0.0,0.0,341166190.0,seat_type,BASELINE,seat_type,BASELINE,8.232373234188803,False,False,34.48905109489051
349181890.0,1,8.232373234188803,8.232373234188803,8.232373234188803,0.0,8.232373234188803,1,0,0,0,0,0,0,0,0.0,0.0,349181891.0,seat_type,BASELINE,seat_type,BASELINE,8.232373234188803,False,False,34.48905109489051
433413022.0,1,8.232373234188803,8.232373234188803,8.232373234188803,0.0,8.232373234188803,1,0,0,0,0,0,0,0,0.0,0.0,433413024.0,seat_type,BASELINE,seat_type,BASELINE,8.232373234188803,False,False,34.48905109489051
554122276.0,1,8.232373234188803,8.232373234188803,8.232373234188803,0.0,8.232373234188803,1,0,0,0,0,0,0,0,0.0,0.0,160122443.0,seat_type,BASELINE,seat_type,BASELINE,8.232373234188803,False,False,34.48905109489051
554157455.0,1,8.232373234188803,8.232373234188803,8.232373234188803,0.0,8.232373234188803,1,0,0,0,0,0,0,0,0.0,0.0,701158507.0,seat_type,BASELINE,seat_type,BASELINE,8.232373234188803,False,False,34.48905109489051
791443239.0,1,8.232373234188803,8.232373234188803,8.232373234188803,0.0,8.232373234188803,1,0,0,0,0,0,0,0,0.0,0.0,791443240.0,seat_type,BASELINE,seat_type,BASELINE,8.232373234188803,False,False,34.48905109489051
852129401.0,1,8.232373234188803,8.232373234188803,8.232373234188803,0.0,8.232373234188803,1,0,0,0,0,0,0,0,0.0,0.0,852129403.0,seat_type,BASELINE,seat_type,BASELINE,8.232373234188803,False,False,34.48905109489051
897002308.0,1,8.232373234188803,8.232373234188803,8.232373234188803,0.0,8.232373234188803,1,0,0,0,0,0,0,0,0.0,0.0,134004936.0,seat_type,BASELINE,seat_type,BASELINE,8.232373234188803,False,False,34.48905109489051
344051884.0,1,8.205486803735178,8.205486803735178,8.205486803735178,0.0,8.205486803735178,1,0,0,0,0,0,0,0,0.0,0.0,344051885.0,posture,BASELINE,posture,BASELINE,8.205486803735178,False,False,34.20229405630866
347726820.0,2,7.656549842564867,7.656549842564867,8.205486803735178,0.7763140953749278,7.107612881394555,2,0,0,0,0,0,0,0,0.0,0.0,347726825.0,posture,BASELINE,posture,BASELINE,8.205486803735178,False,False,34.20229405630866
556125470.0,1,8.205486803735178,8.205486803735178,8.205486803735178,0.0,8.205486803735178,1,0,0,0,0,0,0,0,0.0,0.0,556125473.0,posture,BASELINE,posture,BASELINE,8.205486803735178,False,False,34.20229405630866
328096851.0,1,8.13691257594523,8.13691257594523,8.13691257594523,0.0,8.13691257594523,1,0,0,0,0,0,0,0,0.0,0.0,328096852.0,seat_type,BASELINE,seat_type,BASELINE,8.13691257594523,False,False,34.04588112617309
360244804.0,1,8.13691257594523,8.13691257594523,8.13691257594523,0.0,8.13691257594523,1,0,0,0,0,0,0,0,0.0,0.0,360244805.0,seat_type,BASELINE,seat_type,BASELINE,8.13691257594523,False,False,34.04588112617309
554135806.0,1,8.13691257594523,8.13691257594523,8.13691257594523,0.0,8.13691257594523,1,0,0,0,0,0,0,0,0.0,0.0,554135808.0,seat_type,BASELINE,seat_type,BASELINE,8.13691257594523,False,False,34.04588112617309
328100805.0,2,7.6524665770006255,7.6524665770006255,8.066964245388235,0.5861882242057825,7.237968908613016,2,0,0,0,0,0,0,0,0.0,0.0,328100807.0,seat_track_position,BASELINE,seat_track_position,BASELINE,8.066964245388235,False,False,33.73305526590198
341304504.0,1,8.066964245388235,8.066964245388235,8.066964245388235,0.0,8.066964245388235,1,0,0,0,0,0,0,0,0.0,0.0,341304506.0,seat_track_position,BASELINE,seat_track_position,BASELINE,8.066964245388235,False,False,33.73305526590198
344102276.0,1,8.066964245388235,8.066964245388235,8.066964245388235,0.0,8.066964245388235,1,0,0,0,0,0,0,0,0.0,0.0,344102278.0,seat_track_position,BASELINE,seat_track_position,BASELINE,8.066964245388235,False,False,33.73305526590198
349241236.0,1,8.066964245388235,8.066964245388235,8.066964245388235,0.0,8.066964245388235,1,0,0,0,0,0,0,0,0.0,0.0,349241239.0,seat_track_position,BASELINE,seat_track_position,BASELINE,8.066964245388235,False,False,33.73305526590198
359593304.0,1,8.066964245388235,8.066964245388235,8.066964245388235,0.0,8.066964245388235,1,0,0,0,0,0,0,0,0.0,0.0,359593306.0,seat_track_position,BASELINE,seat_track_position,BASELINE,8.066964245388235,False,False,33.73305526590198
359898588.0,1,8.066964245388235,8.066964245388235,8.066964245388235,0.0,8.066964245388235,1,0,0,0,0,0,0,0,0.0,0.0,359898590.0,seat_track_position,BASELINE,seat_track_position,BASELINE,8.066964245388235,False,False,33.73305526590198
360222734.0,1,8.066964245388235,8.066964245388235,8.066964245388235,0.0,8.066964245388235,1,0,0,0,0,0,0,0,0.0,0.0,360222736.0,seat_track_position,BASELINE,seat_track_position,BASELINE,8.066964245388235,False,False,33.73305526590198
556157496.0,1,8.066964245388235,8.066964245388235,8.066964245388235,0.0,8.066964245388235,1,0,0,0,0,0,0,0,0.0,0.0,556157497.0,seat_track_position,BASELINE,seat_track_position,BASELINE,8.066964245388235,False,False,33.73305526590198
897006754.0,1,8.066964245388235,8.066964245388235,8.066964245388235,0.0,8.066964245388235,1,0,0,0,0,0,0,0,0.0,0.0,897006755.0,seat_track_position,BASELINE,seat_track_position,BASELINE,8.066964245388235,False,False,33.73305526590198
142598276.0,1,8.0404938463268,8.0404938463268,8.0404938463268,0.0,8.0404938463268,1,0,0,0,0,0,0,0,0.0,0.0,142598278.0,seat_performance,BASELINE,seat_performance,BASELINE,8.0404938463268,False,False,33.263816475495304
325134971.0,1,8.0404938463268,8.0404938463268,8.0404938463268,0.0,8.0404938463268,1,0,0,0,0,0,0,0,0.0,0.0,325134972.0,seat_performance,BASELINE,seat_performance,BASELINE,8.0404938463268,False,False,33.263816475495304
359561433.0,1,8.0404938463268,8.0404938463268,8.0404938463268,0.0,8.0404938463268,1,0,0,0,0,0,0,0,0.0,0.0,359561434.0,seat_performance,BASELINE,seat_performance,BASELINE,8.0404938463268,False,False,33.263816475495304
359786079.0,1,8.0404938463268,8.0404938463268,8.0404938463268,0.0,8.0404938463268,1,0,0,0,0,0,0,0,0.0,0.0,359786080.0,seat_performance,BASELINE,seat_performance,BASELINE,8.0404938463268,False,False,33.263816475495304
359816803.0,1,8.0404938463268,8.0404938463268,8.0404938463268,0.0,8.0404938463268,1,0,0,0,0,0,0,0,0.0,0.0,359816804.0,seat_performance,BASELINE,seat_performance,BASELINE,8.0404938463268,False,False,33.263816475495304
359831116.0,1,8.0404938463268,8.0404938463268,8.0404938463268,0.0,8.0404938463268,1,0,0,0,0,0,0,0,0.0,0.0,359831119.0,seat_performance,BASELINE,seat_performance,BASELINE,8.0404938463268,False,False,33.263816475495304
791440306.0,1,8.0404938463268,8.0404938463268,8.0404938463268,0.0,8.0404938463268,1,0,0,0,0,0,0,0,0.0,0.0,791440308.0,seat_performance,BASELINE,seat_performance,BASELINE,8.0404938463268,False,False,33.263816475495304
791786285.0,1,8.0404938463268,8.0404938463268,8.0404938463268,0.0,8.0404938463268,1,0,0,0,0,0,0,0,0.0,0.0,791786287.0,seat_performance,BASELINE,seat_performance,BASELINE,8.0404938463268,False,False,33.263816475495304
791835387.0,1,8.0404938463268,8.0404938463268,8.0404938463268,0.0,8.0404938463268,1,0,0,0,0,0,0,0,0.0,0.0,791835388.0,seat_performance,BASELINE,seat_performance,BASELINE,8.0404938463268,False,False,33.263816475495304
328097459.0,4,7.5737116743878214,7.530041255972215,7.99679527699384,0.33502976750946134,7.237968908613016,4,0,0,0,0,0,0,0,0.0,0.0,328097772.0,seat_position,BASELINE,seat_position,BASELINE,7.99679527699384,False,False,32.924921793534935
550037098.0,2,7.094645202232966,7.094645202232966,7.99679527699384,1.2758328710227294,6.1924951274720925,2,0,0,0,0,0,0,0,0.0,0.0,550037126.0,seat_position,BASELINE,seat_track_position,BASELINE,7.99679527699384,False,False,32.924921793534935
852145376.0,4,7.639101627231903,7.606817566851194,7.99679527699384,0.27377732832442536,7.345976098231382,4,0,0,0,0,0,0,0,0.0,0.0,852145380.0,seat_position,BASELINE,seat_position,BASELINE,7.99679527699384,False,False,32.924921793534935
852189644.0,4,6.992471428966098,7.221779255910567,7.99679527699384,1.1048743295629222,5.529531927049421,4,0,0,0,0,0,0,0,0.0,0.0,852189648.0,seat_position,BASELINE,seat_position,BASELINE,7.99679527699384,False,False,32.924921793534935
360203678.0,1,7.958957055769868,7.958957055769868,7.958957055769868,0.0,7.958957055769868,1,0,0,0,0,0,0,0,0.0,0.0,360203681.0,seat_track_position,BASELINE,seat_track_position,BASELINE,7.958957055769868,False,False,32.716371220020854
433445514.0,1,7.958957055769868,7.958957055769868,7.958957055769868,0.0,7.958957055769868,1,0,0,0,0,0,0,0,0.0,0.0,433445517.0,seat_track_position,BASELINE,seat_track_position,BASELINE,7.958957055769868,False,False,32.716371220020854
650105453.0,1,7.958957055769868,7.958957055769868,7.958957055769868,0.0,7.958957055769868,1,0,0,0,0,0,0,0,0.0,0.0,650105455.0,seat_track_position,BASELINE,seat_track_position,BASELINE,7.958957055769868,False,False,32.716371220020854
852121202.0,1,7.958957055769868,7.958957055769868,7.958957055769868,0.0,7.958957055769868,1,0,0,0,0,0,0,0,0.0,0.0,852121205.0,seat_track_position,BASELINE,seat_track_position,BASELINE,7.958957055769868,False,False,32.716371220020854
134005322.0,1,7.946860251395154,7.946860251395154,7.946860251395154,0.0,7.946860251395154,1,0,0,0,0,0,0,0,0.0,0.0,134007689.0,belt_use,BASELINE,belt_use,BASELINE,7.946860251395154,False,False,32.32533889468196
344062924.0,1,7.946860251395154,7.946860251395154,7.946860251395154,0.0,7.946860251395154,1,0,0,0,0,0,0,0,0.0,0.0,344062926.0,belt_use,BASELINE,belt_use,BASELINE,7.946860251395154,False,False,32.32533889468196
347640559.0,1,7.946860251395154,7.946860251395154,7.946860251395154,0.0,7.946860251395154,1,0,0,0,0,0,0,0,0.0,0.0,347640560.0,belt_use,BASELINE,belt_use,BASELINE,7.946860251395154,False,False,32.32533889468196
347756400.0,1,7.946860251395154,7.946860251395154,7.946860251395154,0.0,7.946860251395154,1,0,0,0,0,0,0,0,0.0,0.0,347756401.0,belt_use,BASELINE,belt_use,BASELINE,7.946860251395154,False,False,32.32533889468196
347871614.0,1,7.946860251395154,7.946860251395154,7.946860251395154,0.0,7.946860251395154,1,0,0,0,0,0,0,0,0.0,0.0,878871675.0,belt_use,BASELINE,belt_use,BASELINE,7.946860251395154,False,False,32.32533889468196
360216774.0,1,7.946860251395154,7.946860251395154,7.946860251395154,0.0,7.946860251395154,1,0,0,0,0,0,0,0,0.0,0.0,360216775.0,belt_use,BASELINE,belt_use,BASELINE,7.946860251395154,False,False,32.32533889468196
433349611.0,1,7.946860251395154,7.946860251395154,7.946860251395154,0.0,7.946860251395154,1,0,0,0,0,0,0,0,0.0,0.0,433349613.0,belt_use,BASELINE,belt_use,BASELINE,7.946860251395154,False,False,32.32533889468196
554156744.0,1,7.946860251395154,7.946860251395154,7.946860251395154,0.0,7.946860251395154,1,0,0,0,0,0,0,0,0.0,0.0,554156745.0,belt_use,BASELINE,belt_use,BASELINE,7.946860251395154,False,False,32.32533889468196
556151293.0,1,7.946860251395154,7.946860251395154,7.946860251395154,0.0,7.946860251395154,1,0,0,0,0,0,0,0,0.0,0.0,556151295.0,belt_use,BASELINE,belt_use,BASELINE,7.946860251395154,False,False,32.32533889468196
599026769.0,1,7.946860251395154,7.946860251395154,7.946860251395154,0.0,7.946860251395154,1,0,0,0,0,0,0,0,0.0,0.0,599026770.0,belt_use,BASELINE,belt_use,BASELINE,7.946860251395154,False,False,32.32533889468196
897025092.0,1,7.946860251395154,7.946860251395154,7.946860251395154,0.0,7.946860251395154,1,0,0,0,0,0,0,0,0.0,0.0,897025094.0,belt_use,BASELINE,belt_use,BASELINE,7.946860251395154,False,False,32.32533889468196
134005054.0,1,7.932486656708434,7.932486656708434,7.932486656708434,0.0,7.932486656708434,1,0,0,0,0,0,0,0,0.0,0.0,134005058.0,seat_performance,BASELINE,seat_performance,BASELINE,7.932486656708434,False,False,31.673618352450468
142550815.0,1,7.932486656708434,7.932486656708434,7.932486656708434,0.0,7.932486656708434,1,0,0,0,0,0,0,0,0.0,0.0,142550817.0,seat_performance,BASELINE,seat_performance,BASELINE,7.932486656708434,False,False,31.673618352450468
142617340.0,1,7.932486656708434,7.932486656708434,7.932486656708434,0.0,7.932486656708434,1,0,0,0,0,0,0,0,0.0,0.0,142617341.0,seat_performance,BASELINE,seat_performance,BASELINE,7.932486656708434,False,False,31.673618352450468
349221539.0,1,7.932486656708434,7.932486656708434,7.932486656708434,0.0,7.932486656708434,1,0,0,0,0,0,0,0,0.0,0.0,349221541.0,seat_performance,BASELINE,seat_performance,BASELINE,7.932486656708434,False,False,31.673618352450468
349230231.0,1,7.932486656708434,7.932486656708434,7.932486656708434,0.0,7.932486656708434,1,0,0,0,0,0,0,0,0.0,0.0,349230232.0,seat_performance,BASELINE,seat_performance,BASELINE,7.932486656708434,False,False,31.673618352450468
359490842.0,1,7.932486656708434,7.932486656708434,7.932486656708434,0.0,7.932486656708434,1,0,0,0,0,0,0,0,0.0,0.0,359490844.0,seat_performance,BASELINE,seat_performance,BASELINE,7.932486656708434,False,False,31.673618352450468
360247388.0,1,7.932486656708434,7.932486656708434,7.932486656708434,0.0,7.932486656708434,1,0,0,0,0,0,0,0,0.0,0.0,360247390.0,seat_performance,BASELINE,seat_performance,BASELINE,7.932486656708434,False,False,31.673618352450468
360350555.0,1,7.932486656708434,7.932486656708434,7.932486656708434,0.0,7.932486656708434,1,0,0,0,0,0,0,0,0.0,0.0,360350557.0,seat_performance,BASELINE,seat_performance,BASELINE,7.932486656708434,False,False,31.673618352450468
360363717.0,1,7.932486656708434,7.932486656708434,7.932486656708434,0.0,7.932486656708434,1,0,0,0,0,0,0,0,0.0,0.0,360363718.0,seat_performance,BASELINE,seat_performance,BASELINE,7.932486656708434,False,False,31.673618352450468
360388170.0,1,7.932486656708434,7.932486656708434,7.932486656708434,0.0,7.932486656708434,1,0,0,0,0,0,0,0,0.0,0.0,360388171.0,seat_performance,BASELINE,seat_performance,BASELINE,7.932486656708434,False,False,31.673618352450468
791433811.0,1,7.932486656708434,7.932486656708434,7.932486656708434,0.0,7.932486656708434,1,0,0,0,0,0,0,0,0.0,0.0,791433813.0,seat_performance,BASELINE,seat_performance,BASELINE,7.932486656708434,False,False,31.673618352450468
791835405.0,1,7.932486656708434,7.932486656708434,7.932486656708434,0.0,7.932486656708434,1,0,0,0,0,0,0,0,0.0,0.0,791835406.0,seat_performance,BASELINE,seat_performance,BASELINE,7.932486656708434,False,False,31.673618352450468
791864158.0,1,7.932486656708434,7.932486656708434,7.932486656708434,0.0,7.932486656708434,1,0,0,0,0,0,0,0,0.0,0.0,791864160.0,seat_performance,BASELINE,seat_performance,BASELINE,7.932486656708434,False,False,31.673618352450468
904429209.0,1,7.932486656708434,7.932486656708434,7.932486656708434,0.0,7.932486656708434,1,0,0,0,0,0,0,0,0.0,0.0,904429213.0,seat_performance,BASELINE,seat_performance,BASELINE,7.932486656708434,False,False,31.673618352450468
142669039.0,1,7.894008369129419,7.894008369129419,7.894008369129419,0.0,7.894008369129419,1,0,0,0,0,0,0,0,0.0,0.0,142669041.0,belt_use,BASELINE,belt_use,BASELINE,7.894008369129419,False,False,31.152241918665275
341346786.0,1,7.894008369129419,7.894008369129419,7.894008369129419,0.0,7.894008369129419,1,0,0,0,0,0,0,0,0.0,0.0,341346788.0,belt_use,BASELINE,belt_use,BASELINE,7.894008369129419,False,False,31.152241918665275
344057649.0,2,7.332001328304632,7.332001328304632,7.894008369129419,0.7947979792835829,6.769994287479846,2,0,0,0,0,0,0,0,0.0,0.0,344057653.0,belt_use,BASELINE,belt_use,BASELINE,7.894008369129419,False,False,31.152241918665275
347738104.0,1,7.894008369129419,7.894008369129419,7.894008369129419,0.0,7.894008369129419,1,0,0,0,0,0,0,0,0.0,0.0,347738105.0,belt_use,BASELINE,belt_use,BASELINE,7.894008369129419,False,False,31.152241918665275
347809227.0,1,7.894008369129419,7.894008369129419,7.894008369129419,0.0,7.894008369129419,1,0,0,0,0,0,0,0,0.0,0.0,347809228.0,belt_use,BASELINE,belt_use,BASELINE,7.894008369129419,False,False,31.152241918665275
347866769.0,1,7.894008369129419,7.894008369129419,7.894008369129419,0.0,7.894008369129419,1,0,0,0,0,0,0,0,0.0,0.0,878866872.0,belt_use,BASELINE,belt_use,BASELINE,7.894008369129419,False,False,31.152241918665275
110163355.0,1,7.878118624048789,7.878118624048789,7.878118624048789,0.0,7.878118624048789,1,0,0,0,0,0,0,0,0.0,0.0,110163357.0,seat_track_position,BASELINE,seat_track_position,BASELINE,7.878118624048789,False,False,30.6830031282586
314049885.0,1,7.878118624048789,7.878118624048789,7.878118624048789,0.0,7.878118624048789,1,0,0,0,0,0,0,0,0.0,0.0,314049887.0,seat_track_position,BASELINE,seat_track_position,BASELINE,7.878118624048789,False,False,30.6830031282586
349180311.0,2,7.492865752721672,7.492865752721672,7.878118624048789,0.5448298355739858,7.107612881394555,2,0,0,0,0,0,0,0,0.0,0.0,349180313.0,seat_track_position,BASELINE,seat_track_position,BASELINE,7.878118624048789,False,False,30.6830031282586
349221833.0,1,7.878118624048789,7.878118624048789,7.878118624048789,0.0,7.878118624048789,1,0,0,0,0,0,0,0,0.0,0.0,349221836.0,seat_track_position,BASELINE,seat_track_position,BASELINE,7.878118624048789,False,False,30.6830031282586
349232312.0,1,7.878118624048789,7.878118624048789,7.878118624048789,0.0,7.878118624048789,1,0,0,0,0,0,0,0,0.0,0.0,349232314.0,seat_track_position,BASELINE,seat_track_position,BASELINE,7.878118624048789,False,False,30.6830031282586
361657550.0,2,7.492865752721672,7.492865752721672,7.878118624048789,0.5448298355739858,7.107612881394555,2,0,0,0,0,0,0,0,0.0,0.0,361657552.0,seat_track_position,BASELINE,seat_track_position,BASELINE,7.878118624048789,False,False,30.6830031282586
554157588.0,1,7.878118624048789,7.878118624048789,7.878118624048789,0.0,7.878118624048789,1,0,0,0,0,0,0,0,0.0,0.0,701000059.0,seat_track_position,BASELINE,seat_track_position,BASELINE,7.878118624048789,False,False,30.6830031282586
599037024.0,1,7.878118624048789,7.878118624048789,7.878118624048789,0.0,7.878118624048789,1,0,0,0,0,0,0,0,0.0,0.0,599037025.0,seat_track_position,BASELINE,seat_track_position,BASELINE,7.878118624048789,False,False,30.6830031282586
650106629.0,1,7.878118624048789,7.878118624048789,7.878118624048789,0.0,7.878118624048789,1,0,0,0,0,0,0,0,0.0,0.0,650106630.0,seat_track_position,BASELINE,seat_track_position,BASELINE,7.878118624048789,False,False,30.6830031282586
651113572.0,1,7.878118624048789,7.878118624048789,7.878118624048789,0.0,7.878118624048789,1,0,0,0,0,0,0,0,0.0,0.0,651113574.0,seat_track_position,BASELINE,seat_track_position,BASELINE,7.878118624048789,False,False,30.6830031282586
651121832.0,1,7.878118624048789,7.878118624048789,7.878118624048789,0.0,7.878118624048789,1,0,0,0,0,0,0,0,0.0,0.0,651121834.0,seat_track_position,BASELINE,seat_track_position,BASELINE,7.878118624048789,False,False,30.6830031282586
852144829.0,1,7.878118624048789,7.878118624048789,7.878118624048789,0.0,7.878118624048789,1,0,0,0,0,0,0,0,0.0,0.0,852144830.0,seat_track_position,BASELINE,seat_track_position,BASELINE,7.878118624048789,False,False,30.6830031282586
142669076.0,1,7.869547820220978,7.869547820220978,7.869547820220978,0.0,7.869547820220978,1,0,0,0,0,0,0,0,0.0,0.0,142669078.0,belt_anchorage,BASELINE,belt_anchorage,BASELINE,7.869547820220978,False,False,30.10948905109489
324102838.0,1,7.869547820220978,7.869547820220978,7.869547820220978,0.0,7.869547820220978,1,0,0,0,0,0,0,0,0.0,0.0,324102846.0,belt_anchorage,BASELINE,belt_anchorage,BASELINE,7.869547820220978,False,False,30.10948905109489
324314623.0,1,7.869547820220978,7.869547820220978,7.869547820220978,0.0,7.869547820220978,1,0,0,0,0,0,0,0,0.0,0.0,324314694.0,belt_anchorage,BASELINE,belt_anchorage,BASELINE,7.869547820220978,False,False,30.10948905109489
349201475.0,1,7.869547820220978,7.869547820220978,7.869547820220978,0.0,7.869547820220978,1,0,0,0,0,0,0,0,0.0,0.0,349201476.0,belt_anchorage,BASELINE,belt_anchorage,BASELINE,7.869547820220978,False,False,30.10948905109489
558033507.0,1,7.869547820220978,7.869547820220978,7.869547820220978,0.0,7.869547820220978,1,0,0,0,0,0,0,0,0.0,0.0,558033509.0,belt_anchorage,BASELINE,belt_anchorage,BASELINE,7.869547820220978,False,False,30.10948905109489
558039702.0,1,7.869547820220978,7.869547820220978,7.869547820220978,0.0,7.869547820220978,1,0,0,0,0,0,0,0,0.0,0.0,558042492.0,belt_anchorage,BASELINE,belt_anchorage,BASELINE,7.869547820220978,False,False,30.10948905109489
651121820.0,1,7.869547820220978,7.869547820220978,7.869547820220978,0.0,7.869547820220978,1,0,0,0,0,0,0,0,0.0,0.0,651121822.0,belt_anchorage,BASELINE,belt_anchorage,BASELINE,7.869547820220978,False,False,30.10948905109489
651128412.0,1,7.869547820220978,7.869547820220978,7.869547820220978,0.0,7.869547820220978,1,0,0,0,0,0,0,0,0.0,0.0,651128413.0,belt_anchorage,BASELINE,belt_anchorage,BASELINE,7.869547820220978,False,False,30.10948905109489
651148834.0,1,7.869547820220978,7.869547820220978,7.869547820220978,0.0,7.869547820220978,1,0,0,0,0,0,0,0,0.0,0.0,651148835.0,belt_anchorage,BASELINE,belt_anchorage,BASELINE,7.869547820220978,False,False,30.10948905109489
791835349.0,1,7.869547820220978,7.869547820220978,7.869547820220978,0.0,7.869547820220978,1,0,0,0,0,0,0,0,0.0,0.0,791835354.0,belt_anchorage,BASELINE,belt_anchorage,BASELINE,7.869547820220978,False,False,30.10948905109489
385081259.0,1,7.838197921085253,7.838197921085253,7.838197921085253,0.0,7.838197921085253,1,0,0,0,0,0,0,0,0.0,0.0,385081262.0,seat_track_position,BASELINE,seat_track_position,BASELINE,7.838197921085253,False,False,29.53597497393118
385081422.0,1,7.838197921085253,7.838197921085253,7.838197921085253,0.0,7.838197921085253,1,0,0,0,0,0,0,0,0.0,0.0,385081425.0,seat_track_position,BASELINE,seat_track_position,BASELINE,7.838197921085253,False,False,29.53597497393118
385081430.0,1,7.838197921085253,7.838197921085253,7.838197921085253,0.0,7.838197921085253,1,0,0,0,0,0,0,0,0.0,0.0,385081432.0,seat_track_position,BASELINE,seat_track_position,BASELINE,7.838197921085253,False,False,29.53597497393118
385082223.0,1,7.838197921085253,7.838197921085253,7.838197921085253,0.0,7.838197921085253,1,0,0,0,0,0,0,0,0.0,0.0,385082225.0,seat_track_position,BASELINE,seat_track_position,BASELINE,7.838197921085253,False,False,29.53597497393118
561103333.0,1,7.838197921085253,7.838197921085253,7.838197921085253,0.0,7.838197921085253,1,0,0,0,0,0,0,0,0.0,0.0,561103336.0,seat_track_position,BASELINE,seat_track_position,BASELINE,7.838197921085253,False,False,29.53597497393118
561155788.0,1,7.838197921085253,7.838197921085253,7.838197921085253,0.0,7.838197921085253,1,0,0,0,0,0,0,0,0.0,0.0,561155791.0,seat_track_position,BASELINE,seat_track_position,BASELINE,7.838197921085253,False,False,29.53597497393118
627081208.0,1,7.838197921085253,7.838197921085253,7.838197921085253,0.0,7.838197921085253,1,0,0,0,0,0,0,0,0.0,0.0,627081210.0,seat_track_position,BASELINE,seat_track_position,BASELINE,7.838197921085253,False,False,29.53597497393118
627081561.0,1,7.838197921085253,7.838197921085253,7.838197921085253,0.0,7.838197921085253,1,0,0,0,0,0,0,0,0.0,0.0,627081563.0,seat_track_position,BASELINE,seat_track_position,BASELINE,7.838197921085253,False,False,29.53597497393118
627082112.0,1,7.838197921085253,7.838197921085253,7.838197921085253,0.0,7.838197921085253,1,0,0,0,0,0,0,0,0.0,0.0,627082116.0,seat_track_position,BASELINE,seat_track_position,BASELINE,7.838197921085253,False,False,29.53597497393118
627082229.0,1,7.838197921085253,7.838197921085253,7.838197921085253,0.0,7.838197921085253,1,0,0,0,0,0,0,0,0.0,0.0,627082233.0,seat_track_position,BASELINE,seat_track_position,BASELINE,7.838197921085253,False,False,29.53597497393118
627082621.0,1,7.838197921085253,7.838197921085253,7.838197921085253,0.0,7.838197921085253,1,0,0,0,0,0,0,0,0.0,0.0,627082624.0,seat_track_position,BASELINE,seat_track_position,BASELINE,7.838197921085253,False,False,29.53597497393118
627084853.0,1,7.838197921085253,7.838197921085253,7.838197921085253,0.0,7.838197921085253,1,0,0,0,0,0,0,0,0.0,0.0,627084856.0,seat_track_position,BASELINE,seat_track_position,BASELINE,7.838197921085253,False,False,29.53597497393118
344062900.0,1,7.807929520612227,7.807929520612227,7.807929520612227,0.0,7.807929520612227,1,0,0,0,0,0,0,0,0.0,0.0,344062901.0,seat_performance,BASELINE,seat_performance,BASELINE,7.807929520612227,False,False,29.118873826903023
349224455.0,1,7.807929520612227,7.807929520612227,7.807929520612227,0.0,7.807929520612227,1,0,0,0,0,0,0,0,0.0,0.0,349224457.0,seat_performance,BASELINE,seat_performance,BASELINE,7.807929520612227,False,False,29.118873826903023
651113557.0,1,7.807929520612227,7.807929520612227,7.807929520612227,0.0,7.807929520612227,1,0,0,0,0,0,0,0,0.0,0.0,651113559.0,seat_performance,BASELINE,seat_performance,BASELINE,7.807929520612227,False,False,29.118873826903023
852114535.0,1,7.807929520612227,7.807929520612227,7.807929520612227,0.0,7.807929520612227,1,0,0,0,0,0,0,0,0.0,0.0,852114536.0,seat_performance,BASELINE,seat_performance,BASELINE,7.807929520612227,False,False,29.118873826903023
349181896.0,1,7.770111434430423,7.770111434430423,7.770111434430423,0.0,7.770111434430423,1,0,0,0,0,0,0,0,0.0,0.0,349181898.0,seat_track_position,BASELINE,seat_track_position,BASELINE,7.770111434430423,False,False,28.779979144942647
349185138.0,1,7.770111434430423,7.770111434430423,7.770111434430423,0.0,7.770111434430423,1,0,0,0,0,0,0,0,0.0,0.0,349185141.0,seat_track_position,BASELINE,seat_track_position,BASELINE,7.770111434430423,False,False,28.779979144942647
360225813.0,2,7.504040171521719,7.504040171521719,7.770111434430423,0.37628158856322586,7.237968908613016,2,0,0,0,0,0,0,0,0.0,0.0,360225814.0,seat_track_position,BASELINE,seat_track_position,BASELINE,7.770111434430423,False,False,28.779979144942647
360385373.0,1,7.770111434430423,7.770111434430423,7.770111434430423,0.0,7.770111434430423,1,0,0,0,0,0,0,0,0.0,0.0,360385375.0,seat_track_position,BASELINE,seat_track_position,BASELINE,7.770111434430423,False,False,28.779979144942647
385082222.0,1,7.770111434430423,7.770111434430423,7.770111434430423,0.0,7.770111434430423,1,0,0,0,0,0,0,0,0.0,0.0,385082224.0,seat_track_position,BASELINE,seat_track_position,BASELINE,7.770111434430423,False,False,28.779979144942647
433405537.0,1,7.770111434430423,7.770111434430423,7.770111434430423,0.0,7.770111434430423,1,0,0,0,0,0,0,0,0.0,0.0,433405541.0,seat_track_position,BASELINE,seat_track_position,BASELINE,7.770111434430423,False,False,28.779979144942647
556149433.0,1,7.770111434430423,7.770111434430423,7.770111434430423,0.0,7.770111434430423,1,0,0,0,0,0,0,0,0.0,0.0,556149435.0,seat_track_position,BASELINE,seat_track_position,BASELINE,7.770111434430423,False,False,28.779979144942647
651120768.0,1,7.770111434430423,7.770111434430423,7.770111434430423,0.0,7.770111434430423,1,0,0,0,0,0,0,0,0.0,0.0,651120769.0,seat_track_position,BASELINE,seat_track_position,BASELINE,7.770111434430423,False,False,28.779979144942647
852179486.0,1,7.770111434430423,7.770111434430423,7.770111434430423,0.0,7.770111434430423,1,0,0,0,0,0,0,0,0.0,0.0,852179487.0,seat_track_position,BASELINE,seat_track_position,BASELINE,7.770111434430423,False,False,28.779979144942647
328097466.0,1,7.766256281332116,7.766256281332116,7.766256281332116,0.0,7.766256281332116,1,0,0,0,0,0,0,0,0.0,0.0,328097468.0,seat_type,BASELINE,seat_type,BASELINE,7.766256281332116,False,False,28.310740354535973
341165965.0,1,7.766256281332116,7.766256281332116,7.766256281332116,0.0,7.766256281332116,1,0,0,0,0,0,0,0,0.0,0.0,341165966.0,seat_type,BASELINE,seat_type,BASELINE,7.766256281332116,False,False,28.310740354535973
349221547.0,1,7.766256281332116,7.766256281332116,7.766256281332116,0.0,7.766256281332116,1,0,0,0,0,0,0,0,0.0,0.0,349221549.0,seat_type,BASELINE,seat_type,BASELINE,7.766256281332116,False,False,28.310740354535973
349306575.0,1,7.766256281332116,7.766256281332116,7.766256281332116,0.0,7.766256281332116,1,0,0,0,0,0,0,0,0.0,0.0,349306576.0,seat_type,BASELINE,seat_type,BASELINE,7.766256281332116,False,False,28.310740354535973
359510222.0,1,7.766256281332116,7.766256281332116,7.766256281332116,0.0,7.766256281332116,1,0,0,0,0,0,0,0,0.0,0.0,359510224.0,seat_type,BASELINE,seat_type,BASELINE,7.766256281332116,False,False,28.310740354535973
360308469.0,1,7.766256281332116,7.766256281332116,7.766256281332116,0.0,7.766256281332116,1,0,0,0,0,0,0,0,0.0,0.0,360308471.0,seat_type,BASELINE,seat_type,BASELINE,7.766256281332116,False,False,28.310740354535973
554143444.0,1,7.766256281332116,7.766256281332116,7.766256281332116,0.0,7.766256281332116,1,0,0,0,0,0,0,0,0.0,0.0,554143445.0,seat_type,BASELINE,seat_type,BASELINE,7.766256281332116,False,False,28.310740354535973
556122265.0,1,7.766256281332116,7.766256281332116,7.766256281332116,0.0,7.766256281332116,1,0,0,0,0,0,0,0,0.0,0.0,556122268.0,seat_type,BASELINE,seat_type,BASELINE,7.766256281332116,False,False,28.310740354535973
897018824.0,1,7.766256281332116,7.766256281332116,7.766256281332116,0.0,7.766256281332116,1,0,0,0,0,0,0,0,0.0,0.0,897018826.0,seat_type,BASELINE,seat_type,BASELINE,7.766256281332116,False,False,28.310740354535973
349181975.0,1,7.7281851028374176,7.7281851028374176,7.7281851028374176,0.0,7.7281851028374176,1,0,0,0,0,0,0,0,0.0,0.0,349181977.0,seat_type,BASELINE,seat_type,BASELINE,7.7281851028374176,False,False,27.78936392075078
349230182.0,1,7.7281851028374176,7.7281851028374176,7.7281851028374176,0.0,7.7281851028374176,1,0,0,0,0,0,0,0,0.0,0.0,349230190.0,seat_type,BASELINE,seat_type,BASELINE,7.7281851028374176,False,False,27.78936392075078
360241799.0,1,7.7281851028374176,7.7281851028374176,7.7281851028374176,0.0,7.7281851028374176,1,0,0,0,0,0,0,0,0.0,0.0,360241801.0,seat_type,BASELINE,seat_type,BASELINE,7.7281851028374176,False,False,27.78936392075078
433645473.0,1,7.7281851028374176,7.7281851028374176,7.7281851028374176,0.0,7.7281851028374176,1,0,0,0,0,0,0,0,0.0,0.0,433645474.0,seat_type,BASELINE,seat_type,BASELINE,7.7281851028374176,False,False,27.78936392075078
554133609.0,1,7.7281851028374176,7.7281851028374176,7.7281851028374176,0.0,7.7281851028374176,1,0,0,0,0,0,0,0,0.0,0.0,554133611.0,seat_type,BASELINE,seat_type,BASELINE,7.7281851028374176,False,False,27.78936392075078
554138467.0,1,7.7281851028374176,7.7281851028374176,7.7281851028374176,0.0,7.7281851028374176,1,0,0,0,0,0,0,0,0.0,0.0,554138469.0,seat_type,BASELINE,seat_type,BASELINE,7.7281851028374176,False,False,27.78936392075078
556166791.0,1,7.7281851028374176,7.7281851028374176,7.7281851028374176,0.0,7.7281851028374176,1,0,0,0,0,0,0,0,0.0,0.0,556166792.0,seat_type,BASELINE,seat_type,BASELINE,7.7281851028374176,False,False,27.78936392075078
591144017.0,1,7.7281851028374176,7.7281851028374176,7.7281851028374176,0.0,7.7281851028374176,1,0,0,0,0,0,0,0,0.0,0.0,591144020.0,seat_type,BASELINE,seat_type,BASELINE,7.7281851028374176,False,False,27.78936392075078
852114261.0,1,7.7281851028374176,7.7281851028374176,7.7281851028374176,0.0,7.7281851028374176,1,0,0,0,0,0,0,0,0.0,0.0,852114262.0,seat_type,BASELINE,seat_type,BASELINE,7.7281851028374176,False,False,27.78936392075078
897002316.0,1,7.7281851028374176,7.7281851028374176,7.7281851028374176,0.0,7.7281851028374176,1,0,0,0,0,0,0,0,0.0,0.0,897000613.0,seat_type,BASELINE,seat_type,BASELINE,7.7281851028374176,False,False,27.78936392075078
897006736.0,1,7.7281851028374176,7.7281851028374176,7.7281851028374176,0.0,7.7281851028374176,1,0,0,0,0,0,0,0,0.0,0.0,897006738.0,seat_type,BASELINE,seat_type,BASELINE,7.7281851028374176,False,False,27.78936392075078
134005063.0,1,7.699922330993859,7.699922330993859,7.699922330993859,0.0,7.699922330993859,1,0,0,0,0,0,0,0,0.0,0.0,134005065.0,seat_performance,BASELINE,seat_performance,BASELINE,7.699922330993859,False,False,26.98123044838373
142669058.0,1,7.699922330993859,7.699922330993859,7.699922330993859,0.0,7.699922330993859,1,0,0,0,0,0,0,0,0.0,0.0,142669061.0,seat_performance,BASELINE,seat_performance,BASELINE,7.699922330993859,False,False,26.98123044838373
328077823.0,1,7.699922330993859,7.699922330993859,7.699922330993859,0.0,7.699922330993859,1,0,0,0,0,0,0,0,0.0,0.0,328077824.0,seat_performance,BASELINE,seat_performance,BASELINE,7.699922330993859,False,False,26.98123044838373
359593256.0,1,7.699922330993859,7.699922330993859,7.699922330993859,0.0,7.699922330993859,1,0,0,0,0,0,0,0,0.0,0.0,359593258.0,seat_performance,BASELINE,seat_performance,BASELINE,7.699922330993859,False,False,26.98123044838373
359687237.0,1,7.699922330993859,7.699922330993859,7.699922330993859,0.0,7.699922330993859,1,0,0,0,0,0,0,0,0.0,0.0,359687240.0,seat_performance,BASELINE,seat_performance,BASELINE,7.699922330993859,False,False,26.98123044838373
360227912.0,1,7.699922330993859,7.699922330993859,7.699922330993859,0.0,7.699922330993859,1,0,0,0,0,0,0,0,0.0,0.0,360227914.0,seat_performance,BASELINE,seat_performance,BASELINE,7.699922330993859,False,False,26.98123044838373
360239415.0,1,7.699922330993859,7.699922330993859,7.699922330993859,0.0,7.699922330993859,1,0,0,0,0,0,0,0,0.0,0.0,360239416.0,seat_performance,BASELINE,seat_performance,BASELINE,7.699922330993859,False,False,26.98123044838373
360255774.0,1,7.699922330993859,7.699922330993859,7.699922330993859,0.0,7.699922330993859,1,0,0,0,0,0,0,0,0.0,0.0,360255776.0,seat_performance,BASELINE,seat_performance,BASELINE,7.699922330993859,False,False,26.98123044838373
554122844.0,1,7.699922330993859,7.699922330993859,7.699922330993859,0.0,7.699922330993859,1,0,0,0,0,0,0,0,0.0,0.0,554122845.0,seat_performance,BASELINE,seat_performance,BASELINE,7.699922330993859,False,False,26.98123044838373
554125982.0,1,7.699922330993859,7.699922330993859,7.699922330993859,0.0,7.699922330993859,1,0,0,0,0,0,0,0,0.0,0.0,554126121.0,seat_performance,BASELINE,seat_performance,BASELINE,7.699922330993859,False,False,26.98123044838373
556125273.0,1,7.699922330993859,7.699922330993859,7.699922330993859,0.0,7.699922330993859,1,0,0,0,0,0,0,0,0.0,0.0,556125275.0,seat_performance,BASELINE,seat_performance,BASELINE,7.699922330993859,False,False,26.98123044838373
556141633.0,2,7.403767606194207,7.403767606194207,7.699922330993859,0.4188260283725393,7.107612881394555,2,0,0,0,0,0,0,0,0.0,0.0,556141634.0,seat_performance,BASELINE,seat_performance,BASELINE,7.699922330993859,False,False,26.98123044838373
556170774.0,1,7.699922330993859,7.699922330993859,7.699922330993859,0.0,7.699922330993859,1,0,0,0,0,0,0,0,0.0,0.0,556170776.0,seat_performance,BASELINE,seat_performance,BASELINE,7.699922330993859,False,False,26.98123044838373
591153050.0,1,7.699922330993859,7.699922330993859,7.699922330993859,0.0,7.699922330993859,1,0,0,0,0,0,0,0,0.0,0.0,591153051.0,seat_performance,BASELINE,seat_performance,BASELINE,7.699922330993859,False,False,26.98123044838373
591153924.0,1,7.699922330993859,7.699922330993859,7.699922330993859,0.0,7.699922330993859,1,0,0,0,0,0,0,0,0.0,0.0,591153926.0,seat_performance,BASELINE,seat_performance,BASELINE,7.699922330993859,False,False,26.98123044838373
650105439.0,1,7.699922330993859,7.699922330993859,7.699922330993859,0.0,7.699922330993859,1,0,0,0,0,0,0,0,0.0,0.0,650105441.0,seat_performance,BASELINE,seat_performance,BASELINE,7.699922330993859,False,False,26.98123044838373
651109193.0,2,7.349764011385023,7.349764011385023,7.699922330993859,0.4951986445685885,6.999605691776187,2,0,0,0,0,0,0,0,0.0,0.0,651110797.0,seat_performance,BASELINE,seat_performance,BASELINE,7.699922330993859,False,False,26.98123044838373
651111377.0,2,7.403767606194207,7.403767606194207,7.699922330993859,0.4188260283725393,7.107612881394555,2,0,0,0,0,0,0,0,0.0,0.0,651111380.0,seat_performance,BASELINE,seat_performance,BASELINE,7.699922330993859,False,False,26.98123044838373
791786278.0,1,7.699922330993859,7.699922330993859,7.699922330993859,0.0,7.699922330993859,1,0,0,0,0,0,0,0,0.0,0.0,791786280.0,seat_performance,BASELINE,seat_performance,BASELINE,7.699922330993859,False,False,26.98123044838373
897005976.0,1,7.699922330993859,7.699922330993859,7.699922330993859,0.0,7.699922330993859,1,0,0,0,0,0,0,0,0.0,0.0,897005978.0,seat_performance,BASELINE,seat_performance,BASELINE,7.699922330993859,False,False,26.98123044838373
328077829.0,1,7.688404608616671,7.688404608616671,7.688404608616671,0.0,7.688404608616671,1,0,0,0,0,0,0,0,0.0,0.0,328077830.0,seat_performance,BASELINE,seat_performance,BASELINE,7.688404608616671,False,False,26.19916579770594
339109379.0,1,7.688404608616671,7.688404608616671,7.688404608616671,0.0,7.688404608616671,1,0,0,0,0,0,0,0,0.0,0.0,339109381.0,seat_performance,BASELINE,seat_performance,BASELINE,7.688404608616671,False,False,26.19916579770594
341397616.0,1,7.688404608616671,7.688404608616671,7.688404608616671,0.0,7.688404608616671,1,0,0,0,0,0,0,0,0.0,0.0,341397619.0,seat_performance,BASELINE,seat_performance,BASELINE,7.688404608616671,False,False,26.19916579770594
344051869.0,1,7.688404608616671,7.688404608616671,7.688404608616671,0.0,7.688404608616671,1,0,0,0,0,0,0,0,0.0,0.0,344051870.0,seat_performance,BASELINE,seat_performance,BASELINE,7.688404608616671,False,False,26.19916579770594
347591403.0,1,7.688404608616671,7.688404608616671,7.688404608616671,0.0,7.688404608616671,1,0,0,0,0,0,0,0,0.0,0.0,347591404.0,seat_performance,BASELINE,seat_performance,BASELINE,7.688404608616671,False,False,26.19916579770594
349219475.0,1,7.688404608616671,7.688404608616671,7.688404608616671,0.0,7.688404608616671,1,0,0,0,0,0,0,0,0.0,0.0,349219477.0,seat_performance,BASELINE,seat_performance,BASELINE,7.688404608616671,False,False,26.19916579770594
360308477.0,1,7.688404608616671,7.688404608616671,7.688404608616671,0.0,7.688404608616671,1,0,0,0,0,0,0,0,0.0,0.0,360308479.0,seat_performance,BASELINE,seat_performance,BASELINE,7.688404608616671,False,False,26.19916579770594
433374451.0,1,7.688404608616671,7.688404608616671,7.688404608616671,0.0,7.688404608616671,1,0,0,0,0,0,0,0,0.0,0.0,433374453.0,seat_performance,BASELINE,seat_performance,BASELINE,7.688404608616671,False,False,26.19916579770594
554134502.0,1,7.688404608616671,7.688404608616671,7.688404608616671,0.0,7.688404608616671,1,0,0,0,0,0,0,0,0.0,0.0,554134504.0,seat_performance,BASELINE,seat_performance,BASELINE,7.688404608616671,False,False,26.19916579770594
886002141.0,1,7.688404608616671,7.688404608616671,7.688404608616671,0.0,7.688404608616671,1,0,0,0,0,0,0,0,0.0,0.0,886002143.0,seat_performance,BASELINE,seat_performance,BASELINE,7.688404608616671,False,False,26.19916579770594
134005293.0,1,7.66472802833248,7.66472802833248,7.66472802833248,0.0,7.66472802833248,1,0,0,0,0,0,0,0,0.0,0.0,134005294.0,belt_anchorage,BASELINE,belt_anchorage,BASELINE,7.66472802833248,False,False,25.521376433785193
325101141.0,1,7.66472802833248,7.66472802833248,7.66472802833248,0.0,7.66472802833248,1,0,0,0,0,0,0,0,0.0,0.0,325101142.0,belt_anchorage,BASELINE,belt_anchorage,BASELINE,7.66472802833248,False,False,25.521376433785193
339115017.0,1,7.66472802833248,7.66472802833248,7.66472802833248,0.0,7.66472802833248,1,0,0,0,0,0,0,0,0.0,0.0,339115019.0,belt_anchorage,BASELINE,belt_anchorage,BASELINE,7.66472802833248,False,False,25.521376433785193
339427847.0,1,7.66472802833248,7.66472802833248,7.66472802833248,0.0,7.66472802833248,1,0,0,0,0,0,0,0,0.0,0.0,339427849.0,belt_anchorage,BASELINE,belt_anchorage,BASELINE,7.66472802833248,False,False,25.521376433785193
341410416.0,1,7.66472802833248,7.66472802833248,7.66472802833248,0.0,7.66472802833248,1,0,0,0,0,0,0,0,0.0,0.0,341410421.0,belt_anchorage,BASELINE,belt_anchorage,BASELINE,7.66472802833248,False,False,25.521376433785193
344102281.0,1,7.66472802833248,7.66472802833248,7.66472802833248,0.0,7.66472802833248,1,0,0,0,0,0,0,0,0.0,0.0,344102283.0,belt_anchorage,BASELINE,belt_anchorage,BASELINE,7.66472802833248,False,False,25.521376433785193
349190055.0,1,7.66472802833248,7.66472802833248,7.66472802833248,0.0,7.66472802833248,1,0,0,0,0,0,0,0,0.0,0.0,349190057.0,belt_anchorage,BASELINE,belt_anchorage,BASELINE,7.66472802833248,False,False,25.521376433785193
349207423.0,1,7.66472802833248,7.66472802833248,7.66472802833248,0.0,7.66472802833248,1,0,0,0,0,0,0,0,0.0,0.0,349207424.0,belt_anchorage,BASELINE,belt_anchorage,BASELINE,7.66472802833248,False,False,25.521376433785193
359563221.0,1,7.66472802833248,7.66472802833248,7.66472802833248,0.0,7.66472802833248,1,0,0,0,0,0,0,0,0.0,0.0,359563224.0,belt_anchorage,BASELINE,belt_anchorage,BASELINE,7.66472802833248,False,False,25.521376433785193
360235912.0,1,7.66472802833248,7.66472802833248,7.66472802833248,0.0,7.66472802833248,1,0,0,0,0,0,0,0,0.0,0.0,360235913.0,belt_anchorage,BASELINE,belt_anchorage,BASELINE,7.66472802833248,False,False,25.521376433785193
556130326.0,2,7.451348468472748,7.451348468472748,7.66472802833248,0.3017642674868342,7.237968908613016,2,0,0,0,0,0,0,0,0.0,0.0,556130329.0,belt_anchorage,BASELINE,belt_anchorage,BASELINE,7.66472802833248,False,False,25.521376433785193
556138534.0,2,7.3321668600543335,7.3321668600543335,7.66472802833248,0.4703125144975955,6.999605691776187,2,0,0,0,0,0,0,0,0.0,0.0,556138535.0,belt_anchorage,BASELINE,belt_anchorage,BASELINE,7.66472802833248,False,False,25.521376433785193
556165230.0,1,7.66472802833248,7.66472802833248,7.66472802833248,0.0,7.66472802833248,1,0,0,0,0,0,0,0,0.0,0.0,556165232.0,belt_anchorage,BASELINE,belt_anchorage,BASELINE,7.66472802833248,False,False,25.521376433785193
556166865.0,1,7.66472802833248,7.66472802833248,7.66472802833248,0.0,7.66472802833248,1,0,0,0,0,0,0,0,0.0,0.0,556166867.0,belt_anchorage,BASELINE,belt_anchorage,BASELINE,7.66472802833248,False,False,25.521376433785193
852128385.0,1,7.66472802833248,7.66472802833248,7.66472802833248,0.0,7.66472802833248,1,0,0,0,0,0,0,0,0.0,0.0,852128387.0,belt_anchorage,BASELINE,belt_anchorage,BASELINE,7.66472802833248,False,False,25.521376433785193
897010886.0,1,7.66472802833248,7.66472802833248,7.66472802833248,0.0,7.66472802833248,1,0,0,0,0,0,0,0,0.0,0.0,897010888.0,belt_anchorage,BASELINE,belt_anchorage,BASELINE,7.66472802833248,False,False,25.521376433785193
110162228.0,1,7.608027604639634,7.608027604639634,7.608027604639634,0.0,7.608027604639634,1,0,0,0,0,0,0,0,0.0,0.0,110162234.0,belt_anchorage,BASELINE,belt_anchorage,BASELINE,7.608027604639634,False,False,24.869655891553702
328096104.0,1,7.608027604639634,7.608027604639634,7.608027604639634,0.0,7.608027604639634,1,0,0,0,0,0,0,0,0.0,0.0,328096105.0,belt_anchorage,BASELINE,belt_anchorage,BASELINE,7.608027604639634,False,False,24.869655891553702
359561436.0,1,7.608027604639634,7.608027604639634,7.608027604639634,0.0,7.608027604639634,1,0,0,0,0,0,0,0,0.0,0.0,359561437.0,belt_anchorage,BASELINE,belt_anchorage,BASELINE,7.608027604639634,False,False,24.869655891553702
360255792.0,1,7.608027604639634,7.608027604639634,7.608027604639634,0.0,7.608027604639634,1,0,0,0,0,0,0,0,0.0,0.0,360255793.0,belt_anchorage,BASELINE,belt_anchorage,BASELINE,7.608027604639634,False,False,24.869655891553702
433522501.0,1,7.608027604639634,7.608027604639634,7.608027604639634,0.0,7.608027604639634,1,0,0,0,0,0,0,0,0.0,0.0,433522503.0,belt_anchorage,BASELINE,belt_anchorage,BASELINE,7.608027604639634,False,False,24.869655891553702
554148533.0,1,7.608027604639634,7.608027604639634,7.608027604639634,0.0,7.608027604639634,1,0,0,0,0,0,0,0,0.0,0.0,554148535.0,belt_anchorage,BASELINE,belt_anchorage,BASELINE,7.608027604639634,False,False,24.869655891553702
556160536.0,1,7.608027604639634,7.608027604639634,7.608027604639634,0.0,7.608027604639634,1,0,0,0,0,0,0,0,0.0,0.0,556160538.0,belt_anchorage,BASELINE,belt_anchorage,BASELINE,7.608027604639634,False,False,24.869655891553702
599012014.0,2,7.422998256626325,7.422998256626325,7.608027604639634,0.2616710133974728,7.237968908613016,2,0,0,0,0,0,0,0,0.0,0.0,599012016.0,belt_anchorage,BASELINE,belt_anchorage,BASELINE,7.608027604639634,False,False,24.869655891553702
651128452.0,1,7.608027604639634,7.608027604639634,7.608027604639634,0.0,7.608027604639634,1,0,0,0,0,0,0,0,0.0,0.0,651128454.0,belt_anchorage,BASELINE,belt_anchorage,BASELINE,7.608027604639634,False,False,24.869655891553702
142557994.0,2,7.290001555387246,7.290001555387246,7.580397418998305,0.4106817687758069,6.999605691776187,2,0,0,0,0,0,0,0,0.0,0.0,142557996.0,seat_performance,BASELINE,seat_performance,BASELINE,7.580397418998305,False,False,24.29614181438999
325114226.0,1,7.580397418998305,7.580397418998305,7.580397418998305,0.0,7.580397418998305,1,0,0,0,0,0,0,0,0.0,0.0,325114228.0,seat_performance,BASELINE,seat_performance,BASELINE,7.580397418998305,False,False,24.29614181438999
328111559.0,1,7.580397418998305,7.580397418998305,7.580397418998305,0.0,7.580397418998305,1,0,0,0,0,0,0,0,0.0,0.0,328111561.0,seat_performance,BASELINE,seat_performance,BASELINE,7.580397418998305,False,False,24.29614181438999
349207462.0,1,7.580397418998305,7.580397418998305,7.580397418998305,0.0,7.580397418998305,1,0,0,0,0,0,0,0,0.0,0.0,349207464.0,seat_performance,BASELINE,seat_performance,BASELINE,7.580397418998305,False,False,24.29614181438999
556158120.0,2,7.229199448048258,7.229199448048258,7.580397418998305,0.4966689335954681,6.878001477098212,2,0,0,0,0,0,0,0,0.0,0.0,556158125.0,seat_performance,BASELINE,seat_performance,BASELINE,7.580397418998305,False,False,24.29614181438999
599037042.0,1,7.580397418998305,7.580397418998305,7.580397418998305,0.0,7.580397418998305,1,0,0,0,0,0,0,0,0.0,0.0,599037044.0,seat_performance,BASELINE,seat_performance,BASELINE,7.580397418998305,False,False,24.29614181438999
791501081.0,1,7.580397418998305,7.580397418998305,7.580397418998305,0.0,7.580397418998305,1,0,0,0,0,0,0,0,0.0,0.0,791501083.0,seat_performance,BASELINE,seat_performance,BASELINE,7.580397418998305,False,False,24.29614181438999
852125382.0,1,7.580397418998305,7.580397418998305,7.580397418998305,0.0,7.580397418998305,1,0,0,0,0,0,0,0,0.0,0.0,852125384.0,seat_performance,BASELINE,seat_performance,BASELINE,7.580397418998305,False,False,24.29614181438999
852129393.0,1,7.580397418998305,7.580397418998305,7.580397418998305,0.0,7.580397418998305,1,0,0,0,0,0,0,0,0.0,0.0,852129395.0,seat_performance,BASELINE,seat_performance,BASELINE,7.580397418998305,False,False,24.29614181438999
852133423.0,1,7.580397418998305,7.580397418998305,7.580397418998305,0.0,7.580397418998305,1,0,0,0,0,0,0,0,0.0,0.0,852133425.0,seat_performance,BASELINE,seat_performance,BASELINE,7.580397418998305,False,False,24.29614181438999
852141034.0,1,7.580397418998305,7.580397418998305,7.580397418998305,0.0,7.580397418998305,1,0,0,0,0,0,0,0,0.0,0.0,852141036.0,seat_performance,BASELINE,seat_performance,BASELINE,7.580397418998305,False,False,24.29614181438999
852196163.0,1,7.580397418998305,7.580397418998305,7.580397418998305,0.0,7.580397418998305,1,0,0,0,0,0,0,0,0.0,0.0,852196164.0,seat_performance,BASELINE,seat_performance,BASELINE,7.580397418998305,False,False,24.29614181438999
897010873.0,1,7.580397418998305,7.580397418998305,7.580397418998305,0.0,7.580397418998305,1,0,0,0,0,0,0,0,0.0,0.0,897010875.0,seat_performance,BASELINE,seat_performance,BASELINE,7.580397418998305,False,False,24.29614181438999
325121373.0,1,7.5400709093611,7.5400709093611,7.5400709093611,0.0,7.5400709093611,1,0,0,0,0,0,0,0,0.0,0.0,325121375.0,belt_use,BASELINE,belt_use,BASELINE,7.5400709093611,False,False,23.54014598540146
325141256.0,1,7.5400709093611,7.5400709093611,7.5400709093611,0.0,7.5400709093611,1,0,0,0,0,0,0,0,0.0,0.0,325141257.0,belt_use,BASELINE,belt_use,BASELINE,7.5400709093611,False,False,23.54014598540146
328111019.0,1,7.5400709093611,7.5400709093611,7.5400709093611,0.0,7.5400709093611,1,0,0,0,0,0,0,0,0.0,0.0,328111020.0,belt_use,BASELINE,belt_use,BASELINE,7.5400709093611,False,False,23.54014598540146
347636290.0,1,7.5400709093611,7.5400709093611,7.5400709093611,0.0,7.5400709093611,1,0,0,0,0,0,0,0,0.0,0.0,347636291.0,belt_use,BASELINE,belt_use,BASELINE,7.5400709093611,False,False,23.54014598540146
349190074.0,1,7.5400709093611,7.5400709093611,7.5400709093611,0.0,7.5400709093611,1,0,0,0,0,0,0,0,0.0,0.0,349190076.0,belt_use,BASELINE,belt_use,BASELINE,7.5400709093611,False,False,23.54014598540146
349196635.0,1,7.5400709093611,7.5400709093611,7.5400709093611,0.0,7.5400709093611,1,0,0,0,0,0,0,0,0.0,0.0,349196636.0,belt_use,BASELINE,belt_use,BASELINE,7.5400709093611,False,False,23.54014598540146
349196641.0,1,7.5400709093611,7.5400709093611,7.5400709093611,0.0,7.5400709093611,1,0,0,0,0,0,0,0,0.0,0.0,349196642.0,belt_use,BASELINE,belt_use,BASELINE,7.5400709093611,False,False,23.54014598540146
349209829.0,1,7.5400709093611,7.5400709093611,7.5400709093611,0.0,7.5400709093611,1,0,0,0,0,0,0,0,0.0,0.0,349209830.0,belt_use,BASELINE,belt_use,BASELINE,7.5400709093611,False,False,23.54014598540146
433375409.0,2,7.269838300568644,7.269838300568644,7.5400709093611,0.38216662034975485,6.999605691776187,2,0,0,0,0,0,0,0,0.0,0.0,433375412.0,belt_use,BASELINE,belt_use,BASELINE,7.5400709093611,False,False,23.54014598540146
550040692.0,1,7.5400709093611,7.5400709093611,7.5400709093611,0.0,7.5400709093611,1,0,0,0,0,0,0,0,0.0,0.0,550040980.0,belt_use,BASELINE,belt_use,BASELINE,7.5400709093611,False,False,23.54014598540146
554129848.0,1,7.5400709093611,7.5400709093611,7.5400709093611,0.0,7.5400709093611,1,0,0,0,0,0,0,0,0.0,0.0,554129850.0,belt_use,BASELINE,belt_use,BASELINE,7.5400709093611,False,False,23.54014598540146
558029267.0,1,7.5400709093611,7.5400709093611,7.5400709093611,0.0,7.5400709093611,1,0,0,0,0,0,0,0,0.0,0.0,558029268.0,belt_use,BASELINE,belt_use,BASELINE,7.5400709093611,False,False,23.54014598540146
792818264.0,1,7.5400709093611,7.5400709093611,7.5400709093611,0.0,7.5400709093611,1,0,0,0,0,0,0,0,0.0,0.0,792818266.0,belt_use,BASELINE,belt_use,BASELINE,7.5400709093611,False,False,23.54014598540146
796444806.0,1,7.5400709093611,7.5400709093611,7.5400709093611,0.0,7.5400709093611,1,0,0,0,0,0,0,0,0.0,0.0,796444808.0,belt_use,BASELINE,belt_use,BASELINE,7.5400709093611,False,False,23.54014598540146
897010846.0,1,7.5400709093611,7.5400709093611,7.5400709093611,0.0,7.5400709093611,1,0,0,0,0,0,0,0,0.0,0.0,897010848.0,belt_use,BASELINE,belt_use,BASELINE,7.5400709093611,False,False,23.54014598540146
897020302.0,1,7.5400709093611,7.5400709093611,7.5400709093611,0.0,7.5400709093611,1,0,0,0,0,0,0,0,0.0,0.0,897020303.0,belt_use,BASELINE,belt_use,BASELINE,7.5400709093611,False,False,23.54014598540146
339367055.0,1,7.502260204792947,7.502260204792947,7.502260204792947,0.0,7.502260204792947,1,0,0,0,0,0,0,0,0.0,0.0,339367058.0,belt_anchorage,BASELINE,belt_anchorage,BASELINE,7.502260204792947,False,False,22.732012513034412
344051865.0,1,7.502260204792947,7.502260204792947,7.502260204792947,0.0,7.502260204792947,1,0,0,0,0,0,0,0,0.0,0.0,344051867.0,belt_anchorage,BASELINE,belt_anchorage,BASELINE,7.502260204792947,False,False,22.732012513034412
360222731.0,1,7.502260204792947,7.502260204792947,7.502260204792947,0.0,7.502260204792947,1,0,0,0,0,0,0,0,0.0,0.0,360222732.0,belt_anchorage,BASELINE,belt_anchorage,BASELINE,7.502260204792947,False,False,22.732012513034412
433350960.0,1,7.502260204792947,7.502260204792947,7.502260204792947,0.0,7.502260204792947,1,0,0,0,0,0,0,0,0.0,0.0,433350962.0,belt_anchorage,BASELINE,belt_anchorage,BASELINE,7.502260204792947,False,False,22.732012513034412
433393985.0,1,7.502260204792947,7.502260204792947,7.502260204792947,0.0,7.502260204792947,1,0,0,0,0,0,0,0,0.0,0.0,433393986.0,belt_anchorage,BASELINE,belt_anchorage,BASELINE,7.502260204792947,False,False,22.732012513034412
554132393.0,1,7.502260204792947,7.502260204792947,7.502260204792947,0.0,7.502260204792947,1,0,0,0,0,0,0,0,0.0,0.0,554132396.0,belt_anchorage,BASELINE,belt_anchorage,BASELINE,7.502260204792947,False,False,22.732012513034412
554138024.0,1,7.502260204792947,7.502260204792947,7.502260204792947,0.0,7.502260204792947,1,0,0,0,0,0,0,0,0.0,0.0,554138026.0,belt_anchorage,BASELINE,belt_anchorage,BASELINE,7.502260204792947,False,False,22.732012513034412
554147842.0,1,7.502260204792947,7.502260204792947,7.502260204792947,0.0,7.502260204792947,1,0,0,0,0,0,0,0,0.0,0.0,554147844.0,belt_anchorage,BASELINE,belt_anchorage,BASELINE,7.502260204792947,False,False,22.732012513034412
556158217.0,1,7.502260204792947,7.502260204792947,7.502260204792947,0.0,7.502260204792947,1,0,0,0,0,0,0,0,0.0,0.0,556158218.0,belt_anchorage,BASELINE,belt_anchorage,BASELINE,7.502260204792947,False,False,22.732012513034412
650104657.0,1,7.502260204792947,7.502260204792947,7.502260204792947,0.0,7.502260204792947,1,0,0,0,0,0,0,0,0.0,0.0,650104658.0,belt_anchorage,BASELINE,belt_anchorage,BASELINE,7.502260204792947,False,False,22.732012513034412
650108376.0,1,7.502260204792947,7.502260204792947,7.502260204792947,0.0,7.502260204792947,1,0,0,0,0,0,0,0,0.0,0.0,650108377.0,belt_anchorage,BASELINE,belt_anchorage,BASELINE,7.502260204792947,False,False,22.732012513034412
651120772.0,1,7.502260204792947,7.502260204792947,7.502260204792947,0.0,7.502260204792947,1,0,0,0,0,0,0,0,0.0,0.0,651120773.0,belt_anchorage,BASELINE,belt_anchorage,BASELINE,7.502260204792947,False,False,22.732012513034412
651129114.0,1,7.502260204792947,7.502260204792947,7.502260204792947,0.0,7.502260204792947,1,0,0,0,0,0,0,0,0.0,0.0,651129115.0,belt_anchorage,BASELINE,belt_anchorage,BASELINE,7.502260204792947,False,False,22.732012513034412
651146048.0,1,7.502260204792947,7.502260204792947,7.502260204792947,0.0,7.502260204792947,1,0,0,0,0,0,0,0,0.0,0.0,651146050.0,belt_anchorage,BASELINE,belt_anchorage,BASELINE,7.502260204792947,False,False,22.732012513034412
791449134.0,1,7.502260204792947,7.502260204792947,7.502260204792947,0.0,7.502260204792947,1,0,0,0,0,0,0,0,0.0,0.0,791449136.0,belt_anchorage,BASELINE,belt_anchorage,BASELINE,7.502260204792947,False,False,22.732012513034412
142598299.0,1,7.494525477221508,7.494525477221508,7.494525477221508,0.0,7.494525477221508,1,0,0,0,0,0,0,0,0.0,0.0,142598300.0,seat_performance,BASELINE,seat_performance,BASELINE,7.494525477221508,False,False,21.923879040667362
328108045.0,1,7.494525477221508,7.494525477221508,7.494525477221508,0.0,7.494525477221508,1,0,0,0,0,0,0,0,0.0,0.0,328108047.0,seat_performance,BASELINE,seat_performance,BASELINE,7.494525477221508,False,False,21.923879040667362
341224945.0,1,7.494525477221508,7.494525477221508,7.494525477221508,0.0,7.494525477221508,1,0,0,0,0,0,0,0,0.0,0.0,341224947.0,seat_performance,BASELINE,seat_performance,BASELINE,7.494525477221508,False,False,21.923879040667362
341235765.0,1,7.494525477221508,7.494525477221508,7.494525477221508,0.0,7.494525477221508,1,0,0,0,0,0,0,0,0.0,0.0,341235766.0,seat_performance,BASELINE,seat_performance,BASELINE,7.494525477221508,False,False,21.923879040667362
344087994.0,2,7.301069179308032,7.301069179308032,7.494525477221508,0.2735885202357282,7.107612881394555,2,0,0,0,0,0,0,0,0.0,0.0,344087996.0,seat_performance,BASELINE,seat_performance,BASELINE,7.494525477221508,False,False,21.923879040667362
360242300.0,1,7.494525477221508,7.494525477221508,7.494525477221508,0.0,7.494525477221508,1,0,0,0,0,0,0,0,0.0,0.0,360242302.0,seat_performance,BASELINE,seat_performance,BASELINE,7.494525477221508,False,False,21.923879040667362
433363413.0,1,7.494525477221508,7.494525477221508,7.494525477221508,0.0,7.494525477221508,1,0,0,0,0,0,0,0,0.0,0.0,433363415.0,seat_performance,BASELINE,seat_performance,BASELINE,7.494525477221508,False,False,21.923879040667362
433445039.0,2,7.420250787726445,7.420250787726445,7.494525477221508,0.10504027322496823,7.345976098231382,2,0,0,0,0,0,0,0,0.0,0.0,433445041.0,seat_performance,BASELINE,seat_performance,BASELINE,7.494525477221508,False,False,21.923879040667362
554123948.0,1,7.494525477221508,7.494525477221508,7.494525477221508,0.0,7.494525477221508,1,0,0,0,0,0,0,0,0.0,0.0,554123950.0,seat_performance,BASELINE,seat_performance,BASELINE,7.494525477221508,False,False,21.923879040667362
554145725.0,1,7.494525477221508,7.494525477221508,7.494525477221508,0.0,7.494525477221508,1,0,0,0,0,0,0,0,0.0,0.0,554145726.0,seat_performance,BASELINE,seat_performance,BASELINE,7.494525477221508,False,False,21.923879040667362
561117414.0,1,7.494525477221508,7.494525477221508,7.494525477221508,0.0,7.494525477221508,1,0,0,0,0,0,0,0,0.0,0.0,561117416.0,seat_performance,BASELINE,seat_performance,BASELINE,7.494525477221508,False,False,21.923879040667362
651136648.0,1,7.494525477221508,7.494525477221508,7.494525477221508,0.0,7.494525477221508,1,0,0,0,0,0,0,0,0.0,0.0,651136651.0,seat_performance,BASELINE,seat_performance,BASELINE,7.494525477221508,False,False,21.923879040667362
792824748.0,2,7.132259882350677,7.132259882350677,7.494525477221508,0.5123209174474864,6.769994287479846,2,0,0,0,0,0,0,0,0.0,0.0,792824750.0,seat_performance,BASELINE,seat_performance,BASELINE,7.494525477221508,False,False,21.923879040667362
852146558.0,1,7.494525477221508,7.494525477221508,7.494525477221508,0.0,7.494525477221508,1,0,0,0,0,0,0,0,0.0,0.0,852146560.0,seat_performance,BASELINE,seat_performance,BASELINE,7.494525477221508,False,False,21.923879040667362
897006703.0,1,7.494525477221508,7.494525477221508,7.494525477221508,0.0,7.494525477221508,1,0,0,0,0,0,0,0,0.0,0.0,897006705.0,seat_performance,BASELINE,seat_performance,BASELINE,7.494525477221508,False,False,21.923879040667362
897010887.0,1,7.494525477221508,7.494525477221508,7.494525477221508,0.0,7.494525477221508,1,0,0,0,0,0,0,0,0.0,0.0,897001976.0,seat_performance,BASELINE,seat_performance,BASELINE,7.494525477221508,False,False,21.923879040667362
325121616.0,1,7.487219027095366,7.487219027095366,7.487219027095366,0.0,7.487219027095366,1,0,0,0,0,0,0,0,0.0,0.0,325121618.0,belt_use,BASELINE,belt_use,BASELINE,7.487219027095366,False,False,21.08967674661105
328109659.0,1,7.487219027095366,7.487219027095366,7.487219027095366,0.0,7.487219027095366,1,0,0,0,0,0,0,0,0.0,0.0,328109660.0,belt_use,BASELINE,belt_use,BASELINE,7.487219027095366,False,False,21.08967674661105
347708472.0,1,7.487219027095366,7.487219027095366,7.487219027095366,0.0,7.487219027095366,1,0,0,0,0,0,0,0,0.0,0.0,347708474.0,belt_use,BASELINE,belt_use,BASELINE,7.487219027095366,False,False,21.08967674661105
349193395.0,1,7.487219027095366,7.487219027095366,7.487219027095366,0.0,7.487219027095366,1,0,0,0,0,0,0,0,0.0,0.0,349193396.0,belt_use,BASELINE,belt_use,BASELINE,7.487219027095366,False,False,21.08967674661105
360216767.0,1,7.487219027095366,7.487219027095366,7.487219027095366,0.0,7.487219027095366,1,0,0,0,0,0,0,0,0.0,0.0,360216769.0,belt_use,BASELINE,belt_use,BASELINE,7.487219027095366,False,False,21.08967674661105
433374284.0,1,7.487219027095366,7.487219027095366,7.487219027095366,0.0,7.487219027095366,1,0,0,0,0,0,0,0,0.0,0.0,433374286.0,belt_use,BASELINE,belt_use,BASELINE,7.487219027095366,False,False,21.08967674661105
554127919.0,1,7.487219027095366,7.487219027095366,7.487219027095366,0.0,7.487219027095366,1,0,0,0,0,0,0,0,0.0,0.0,554127920.0,belt_use,BASELINE,belt_use,BASELINE,7.487219027095366,False,False,21.08967674661105
554132398.0,1,7.487219027095366,7.487219027095366,7.487219027095366,0.0,7.487219027095366,1,0,0,0,0,0,0,0,0.0,0.0,554132401.0,belt_use,BASELINE,belt_use,BASELINE,7.487219027095366,False,False,21.08967674661105
556151198.0,1,7.487219027095366,7.487219027095366,7.487219027095366,0.0,7.487219027095366,1,0,0,0,0,0,0,0,0.0,0.0,556151199.0,belt_use,BASELINE,belt_use,BASELINE,7.487219027095366,False,False,21.08967674661105
558034229.0,1,7.487219027095366,7.487219027095366,7.487219027095366,0.0,7.487219027095366,1,0,0,0,0,0,0,0,0.0,0.0,558034231.0,belt_use,BASELINE,belt_use,BASELINE,7.487219027095366,False,False,21.08967674661105
561104967.0,1,7.487219027095366,7.487219027095366,7.487219027095366,0.0,7.487219027095366,1,0,0,0,0,0,0,0,0.0,0.0,561104969.0,belt_use,BASELINE,belt_use,BASELINE,7.487219027095366,False,False,21.08967674661105
561118996.0,1,7.487219027095366,7.487219027095366,7.487219027095366,0.0,7.487219027095366,1,0,0,0,0,0,0,0,0.0,0.0,561118998.0,belt_use,BASELINE,belt_use,BASELINE,7.487219027095366,False,False,21.08967674661105
792805860.0,1,7.487219027095366,7.487219027095366,7.487219027095366,0.0,7.487219027095366,1,0,0,0,0,0,0,0,0.0,0.0,792805861.0,belt_use,BASELINE,belt_use,BASELINE,7.487219027095366,False,False,21.08967674661105
795495450.0,1,7.487219027095366,7.487219027095366,7.487219027095366,0.0,7.487219027095366,1,0,0,0,0,0,0,0,0.0,0.0,795495451.0,belt_use,BASELINE,belt_use,BASELINE,7.487219027095366,False,False,21.08967674661105
795696254.0,1,7.487219027095366,7.487219027095366,7.487219027095366,0.0,7.487219027095366,1,0,0,0,0,0,0,0,0.0,0.0,795696258.0,belt_use,BASELINE,belt_use,BASELINE,7.487219027095366,False,False,21.08967674661105
897026154.0,1,7.487219027095366,7.487219027095366,7.487219027095366,0.0,7.487219027095366,1,0,0,0,0,0,0,0,0.0,0.0,897007104.0,belt_use,BASELINE,belt_use,BASELINE,7.487219027095366,False,False,21.08967674661105
314048968.0,1,7.4635653646076126,7.4635653646076126,7.4635653646076126,0.0,7.4635653646076126,1,0,0,0,0,0,0,0,0.0,0.0,314048970.0,belt_use,BASELINE,belt_use,BASELINE,7.4635653646076126,False,False,20.177267987486967
341219666.0,2,7.170783420852912,7.170783420852912,7.4635653646076126,0.41405619567585394,6.878001477098212,2,0,0,0,0,0,0,0,0.0,0.0,341219668.0,belt_use,BASELINE,belt_use,BASELINE,7.4635653646076126,False,False,20.177267987486967
341352871.0,1,7.4635653646076126,7.4635653646076126,7.4635653646076126,0.0,7.4635653646076126,1,0,0,0,0,0,0,0,0.0,0.0,341352872.0,belt_use,BASELINE,belt_use,BASELINE,7.4635653646076126,False,False,20.177267987486967
344077184.0,1,7.4635653646076126,7.4635653646076126,7.4635653646076126,0.0,7.4635653646076126,1,0,0,0,0,0,0,0,0.0,0.0,344083221.0,belt_use,BASELINE,belt_use,BASELINE,7.4635653646076126,False,False,20.177267987486967
347669062.0,1,7.4635653646076126,7.4635653646076126,7.4635653646076126,0.0,7.4635653646076126,1,0,0,0,0,0,0,0,0.0,0.0,878670223.0,belt_use,BASELINE,belt_use,BASELINE,7.4635653646076126,False,False,20.177267987486967
347861883.0,1,7.4635653646076126,7.4635653646076126,7.4635653646076126,0.0,7.4635653646076126,1,0,0,0,0,0,0,0,0.0,0.0,347861884.0,belt_use,BASELINE,belt_use,BASELINE,7.4635653646076126,False,False,20.177267987486967
349225038.0,1,7.4635653646076126,7.4635653646076126,7.4635653646076126,0.0,7.4635653646076126,1,0,0,0,0,0,0,0,0.0,0.0,349225040.0,belt_use,BASELINE,belt_use,BASELINE,7.4635653646076126,False,False,20.177267987486967
359720720.0,1,7.4635653646076126,7.4635653646076126,7.4635653646076126,0.0,7.4635653646076126,1,0,0,0,0,0,0,0,0.0,0.0,359720722.0,belt_use,BASELINE,belt_use,BASELINE,7.4635653646076126,False,False,20.177267987486967
554128562.0,1,7.4635653646076126,7.4635653646076126,7.4635653646076126,0.0,7.4635653646076126,1,0,0,0,0,0,0,0,0.0,0.0,554128564.0,belt_use,BASELINE,belt_use,BASELINE,7.4635653646076126,False,False,20.177267987486967
554131044.0,2,7.170783420852912,7.170783420852912,7.4635653646076126,0.41405619567585394,6.878001477098212,2,0,0,0,0,0,0,0,0.0,0.0,554131046.0,belt_use,BASELINE,belt_use,BASELINE,7.4635653646076126,False,False,20.177267987486967
554137693.0,1,7.4635653646076126,7.4635653646076126,7.4635653646076126,0.0,7.4635653646076126,1,0,0,0,0,0,0,0,0.0,0.0,554137694.0,belt_use,BASELINE,belt_use,BASELINE,7.4635653646076126,False,False,20.177267987486967
556164871.0,1,7.4635653646076126,7.4635653646076126,7.4635653646076126,0.0,7.4635653646076126,1,0,0,0,0,0,0,0,0.0,0.0,556164875.0,belt_use,BASELINE,belt_use,BASELINE,7.4635653646076126,False,False,20.177267987486967
556167732.0,1,7.4635653646076126,7.4635653646076126,7.4635653646076126,0.0,7.4635653646076126,1,0,0,0,0,0,0,0,0.0,0.0,556167777.0,belt_use,BASELINE,belt_use,BASELINE,7.4635653646076126,False,False,20.177267987486967
558027151.0,1,7.4635653646076126,7.4635653646076126,7.4635653646076126,0.0,7.4635653646076126,1,0,0,0,0,0,0,0,0.0,0.0,558027154.0,belt_use,BASELINE,belt_use,BASELINE,7.4635653646076126,False,False,20.177267987486967
558028889.0,1,7.4635653646076126,7.4635653646076126,7.4635653646076126,0.0,7.4635653646076126,1,0,0,0,0,0,0,0,0.0,0.0,558028891.0,belt_use,BASELINE,belt_use,BASELINE,7.4635653646076126,False,False,20.177267987486967
599011203.0,1,7.4635653646076126,7.4635653646076126,7.4635653646076126,0.0,7.4635653646076126,1,0,0,0,0,0,0,0,0.0,0.0,599011205.0,belt_use,BASELINE,belt_use,BASELINE,7.4635653646076126,False,False,20.177267987486967
791898126.0,1,7.4635653646076126,7.4635653646076126,7.4635653646076126,0.0,7.4635653646076126,1,0,0,0,0,0,0,0,0.0,0.0,791898128.0,belt_use,BASELINE,belt_use,BASELINE,7.4635653646076126,False,False,20.177267987486967
792871739.0,1,7.4635653646076126,7.4635653646076126,7.4635653646076126,0.0,7.4635653646076126,1,0,0,0,0,0,0,0,0.0,0.0,792871740.0,belt_use,BASELINE,belt_use,BASELINE,7.4635653646076126,False,False,20.177267987486967
795805451.0,1,7.4635653646076126,7.4635653646076126,7.4635653646076126,0.0,7.4635653646076126,1,0,0,0,0,0,0,0,0.0,0.0,795805458.0,belt_use,BASELINE,belt_use,BASELINE,7.4635653646076126,False,False,20.177267987486967
317080592.0,1,7.410713482341878,7.410713482341878,7.410713482341878,0.0,7.410713482341878,1,0,0,0,0,0,0,0,0.0,0.0,347081746.0,belt_use,BASELINE,belt_use,BASELINE,7.410713482341878,False,False,19.290928050052138
328101303.0,1,7.410713482341878,7.410713482341878,7.410713482341878,0.0,7.410713482341878,1,0,0,0,0,0,0,0,0.0,0.0,328101304.0,belt_use,BASELINE,belt_use,BASELINE,7.410713482341878,False,False,19.290928050052138
328107667.0,1,7.410713482341878,7.410713482341878,7.410713482341878,0.0,7.410713482341878,1,0,0,0,0,0,0,0,0.0,0.0,328107669.0,belt_use,BASELINE,belt_use,BASELINE,7.410713482341878,False,False,19.290928050052138
344088020.0,2,7.324341195477447,7.324341195477447,7.410713482341878,0.12214885949685753,7.237968908613016,2,0,0,0,0,0,0,0,0.0,0.0,344088022.0,belt_use,BASELINE,belt_use,BASELINE,7.410713482341878,False,False,19.290928050052138
347789427.0,1,7.410713482341878,7.410713482341878,7.410713482341878,0.0,7.410713482341878,1,0,0,0,0,0,0,0,0.0,0.0,347789433.0,belt_use,BASELINE,belt_use,BASELINE,7.410713482341878,False,False,19.290928050052138
349174775.0,1,7.410713482341878,7.410713482341878,7.410713482341878,0.0,7.410713482341878,1,0,0,0,0,0,0,0,0.0,0.0,349174777.0,belt_use,BASELINE,belt_use,BASELINE,7.410713482341878,False,False,19.290928050052138
349190063.0,1,7.410713482341878,7.410713482341878,7.410713482341878,0.0,7.410713482341878,1,0,0,0,0,0,0,0,0.0,0.0,349190065.0,belt_use,BASELINE,belt_use,BASELINE,7.410713482341878,False,False,19.290928050052138
349227498.0,1,7.410713482341878,7.410713482341878,7.410713482341878,0.0,7.410713482341878,1,0,0,0,0,0,0,0,0.0,0.0,349227500.0,belt_use,BASELINE,belt_use,BASELINE,7.410713482341878,False,False,19.290928050052138
433487489.0,2,7.324341195477447,7.324341195477447,7.410713482341878,0.12214885949685753,7.237968908613016,2,0,0,0,0,0,0,0,0.0,0.0,433487491.0,belt_use,BASELINE,belt_use,BASELINE,7.410713482341878,False,False,19.290928050052138
558032297.0,1,7.410713482341878,7.410713482341878,7.410713482341878,0.0,7.410713482341878,1,0,0,0,0,0,0,0,0.0,0.0,558032299.0,belt_use,BASELINE,belt_use,BASELINE,7.410713482341878,False,False,19.290928050052138
558036276.0,1,7.410713482341878,7.410713482341878,7.410713482341878,0.0,7.410713482341878,1,0,0,0,0,0,0,0,0.0,0.0,558036278.0,belt_use,BASELINE,belt_use,BASELINE,7.410713482341878,False,False,19.290928050052138
795726888.0,1,7.410713482341878,7.410713482341878,7.410713482341878,0.0,7.410713482341878,1,0,0,0,0,0,0,0,0.0,0.0,795726894.0,belt_use,BASELINE,belt_use,BASELINE,7.410713482341878,False,False,19.290928050052138
795854519.0,1,7.410713482341878,7.410713482341878,7.410713482341878,0.0,7.410713482341878,1,0,0,0,0,0,0,0,0.0,0.0,795854525.0,belt_use,BASELINE,belt_use,BASELINE,7.410713482341878,False,False,19.290928050052138
897006732.0,1,7.410713482341878,7.410713482341878,7.410713482341878,0.0,7.410713482341878,1,0,0,0,0,0,0,0,0.0,0.0,897001964.0,belt_use,BASELINE,belt_use,BASELINE,7.410713482341878,False,False,19.290928050052138
897025105.0,1,7.410713482341878,7.410713482341878,7.410713482341878,0.0,7.410713482341878,1,0,0,0,0,0,0,0,0.0,0.0,897025106.0,belt_use,BASELINE,belt_use,BASELINE,7.410713482341878,False,False,19.290928050052138
344051872.0,1,7.403207812751137,7.403207812751137,7.403207812751137,0.0,7.403207812751137,1,0,0,0,0,0,0,0,0.0,0.0,344051873.0,belt_anchorage,BASELINE,belt_anchorage,BASELINE,7.403207812751137,False,False,18.639207507820647
347691294.0,1,7.403207812751137,7.403207812751137,7.403207812751137,0.0,7.403207812751137,1,0,0,0,0,0,0,0,0.0,0.0,347691295.0,belt_anchorage,BASELINE,belt_anchorage,BASELINE,7.403207812751137,False,False,18.639207507820647
359727909.0,1,7.403207812751137,7.403207812751137,7.403207812751137,0.0,7.403207812751137,1,0,0,0,0,0,0,0,0.0,0.0,359727911.0,belt_anchorage,BASELINE,belt_anchorage,BASELINE,7.403207812751137,False,False,18.639207507820647
360219096.0,1,7.403207812751137,7.403207812751137,7.403207812751137,0.0,7.403207812751137,1,0,0,0,0,0,0,0,0.0,0.0,360219099.0,belt_anchorage,BASELINE,belt_anchorage,BASELINE,7.403207812751137,False,False,18.639207507820647
360250413.0,2,7.320588360682077,7.320588360682077,7.403207812751137,0.11684154963189879,7.237968908613016,2,0,0,0,0,0,0,0,0.0,0.0,360250417.0,belt_anchorage,BASELINE,belt_anchorage,BASELINE,7.403207812751137,False,False,18.639207507820647
361657417.0,2,7.086601050115491,7.086601050115491,7.403207812751137,0.4477495776583691,6.769994287479846,2,0,0,0,0,0,0,0,0.0,0.0,361657421.0,belt_anchorage,BASELINE,belt_anchorage,BASELINE,7.403207812751137,False,False,18.639207507820647
554155209.0,1,7.403207812751137,7.403207812751137,7.403207812751137,0.0,7.403207812751137,1,0,0,0,0,0,0,0,0.0,0.0,554155211.0,belt_anchorage,BASELINE,belt_anchorage,BASELINE,7.403207812751137,False,False,18.639207507820647
556151477.0,1,7.403207812751137,7.403207812751137,7.403207812751137,0.0,7.403207812751137,1,0,0,0,0,0,0,0,0.0,0.0,556151479.0,belt_anchorage,BASELINE,belt_anchorage,BASELINE,7.403207812751137,False,False,18.639207507820647
558028562.0,1,7.403207812751137,7.403207812751137,7.403207812751137,0.0,7.403207812751137,1,0,0,0,0,0,0,0,0.0,0.0,558028563.0,belt_anchorage,BASELINE,belt_anchorage,BASELINE,7.403207812751137,False,False,18.639207507820647
852137974.0,1,7.403207812751137,7.403207812751137,7.403207812751137,0.0,7.403207812751137,1,0,0,0,0,0,0,0,0.0,0.0,852137976.0,belt_anchorage,BASELINE,belt_anchorage,BASELINE,7.403207812751137,False,False,18.639207507820647
142566436.0,1,7.386518287603142,7.386518287603142,7.386518287603142,0.0,7.386518287603142,1,0,0,0,0,0,0,0,0.0,0.0,142566437.0,seat_performance,BASELINE,seat_performance,BASELINE,7.386518287603142,False,False,18.013555787278417
328095899.0,1,7.386518287603142,7.386518287603142,7.386518287603142,0.0,7.386518287603142,1,0,0,0,0,0,0,0,0.0,0.0,328095902.0,seat_performance,BASELINE,seat_performance,BASELINE,7.386518287603142,False,False,18.013555787278417
341206092.0,2,7.078256287541494,7.078256287541494,7.386518287603142,0.4359483012514386,6.769994287479846,2,0,0,0,0,0,0,0,0.0,0.0,341206094.0,seat_performance,BASELINE,seat_performance,BASELINE,7.386518287603142,False,False,18.013555787278417
359727898.0,1,7.386518287603142,7.386518287603142,7.386518287603142,0.0,7.386518287603142,1,0,0,0,0,0,0,0,0.0,0.0,359727902.0,seat_performance,BASELINE,seat_performance,BASELINE,7.386518287603142,False,False,18.013555787278417
359885472.0,1,7.386518287603142,7.386518287603142,7.386518287603142,0.0,7.386518287603142,1,0,0,0,0,0,0,0,0.0,0.0,359885474.0,seat_performance,BASELINE,seat_performance,BASELINE,7.386518287603142,False,False,18.013555787278417
360206513.0,1,7.386518287603142,7.386518287603142,7.386518287603142,0.0,7.386518287603142,1,0,0,0,0,0,0,0,0.0,0.0,360206515.0,seat_performance,BASELINE,seat_performance,BASELINE,7.386518287603142,False,False,18.013555787278417
360233640.0,1,7.386518287603142,7.386518287603142,7.386518287603142,0.0,7.386518287603142,1,0,0,0,0,0,0,0,0.0,0.0,360233641.0,seat_performance,BASELINE,seat_performance,BASELINE,7.386518287603142,False,False,18.013555787278417
360252632.0,1,7.386518287603142,7.386518287603142,7.386518287603142,0.0,7.386518287603142,1,0,0,0,0,0,0,0,0.0,0.0,360252634.0,seat_performance,BASELINE,seat_performance,BASELINE,7.386518287603142,False,False,18.013555787278417
433335120.0,1,7.386518287603142,7.386518287603142,7.386518287603142,0.0,7.386518287603142,1,0,0,0,0,0,0,0,0.0,0.0,433335121.0,seat_performance,BASELINE,seat_performance,BASELINE,7.386518287603142,False,False,18.013555787278417
554124285.0,1,7.386518287603142,7.386518287603142,7.386518287603142,0.0,7.386518287603142,1,0,0,0,0,0,0,0,0.0,0.0,554124287.0,seat_performance,BASELINE,seat_performance,BASELINE,7.386518287603142,False,False,18.013555787278417
554129665.0,1,7.386518287603142,7.386518287603142,7.386518287603142,0.0,7.386518287603142,1,0,0,0,0,0,0,0,0.0,0.0,554129666.0,seat_performance,BASELINE,seat_performance,BASELINE,7.386518287603142,False,False,18.013555787278417
650106005.0,1,7.386518287603142,7.386518287603142,7.386518287603142,0.0,7.386518287603142,1,0,0,0,0,0,0,0,0.0,0.0,650106007.0,seat_performance,BASELINE,seat_performance,BASELINE,7.386518287603142,False,False,18.013555787278417
650107362.0,1,7.386518287603142,7.386518287603142,7.386518287603142,0.0,7.386518287603142,1,0,0,0,0,0,0,0,0.0,0.0,650107364.0,seat_performance,BASELINE,seat_performance,BASELINE,7.386518287603142,False,False,18.013555787278417
651150753.0,1,7.386518287603142,7.386518287603142,7.386518287603142,0.0,7.386518287603142,1,0,0,0,0,0,0,0,0.0,0.0,651150755.0,seat_performance,BASELINE,seat_performance,BASELINE,7.386518287603142,False,False,18.013555787278417
142460617.0,2,7.173870463070595,7.173870463070595,7.345976098231382,0.24339412340522115,7.001764827909808,2,0,0,0,0,0,0,0,0.0,0.0,142460621.0,seat_position,BASELINE,belt_anchorage,BASELINE,7.345976098231382,False,False,17.413972888425445
314048979.0,2,6.3837504178312185,6.3837504178312185,7.345976098231382,1.360792607285591,5.421524737431055,2,0,0,0,0,0,0,0,0.0,0.0,314048981.0,seat_position,BASELINE,seat_track_position,BASELINE,7.345976098231382,False,False,17.413972888425445
344088004.0,2,7.173870463070595,7.173870463070595,7.345976098231382,0.24339412340522115,7.001764827909808,2,0,0,0,0,0,0,0,0.0,0.0,344088007.0,seat_position,BASELINE,belt_anchorage,BASELINE,7.345976098231382,False,False,17.413972888425445
359465367.0,2,6.638475505061066,6.638475505061066,7.345976098231382,1.000556934248471,5.9309749118907495,2,0,0,0,0,0,0,0,0.0,0.0,359465369.0,seat_position,BASELINE,seat_track_position,BASELINE,7.345976098231382,False,False,17.413972888425445
359776970.0,2,6.585591805137722,6.585591805137722,7.345976098231382,1.0753457799085335,5.825207512044061,2,0,0,0,0,0,0,0,0.0,0.0,361783585.0,seat_position,BASELINE,seat_track_position,BASELINE,7.345976098231382,False,False,17.413972888425445
359865840.0,2,7.321708255567915,7.321708255567915,7.345976098231382,0.034319912224211505,7.297440412904448,2,0,0,0,0,0,0,0,0.0,0.0,359865843.0,seat_position,BASELINE,belt_anchorage,BASELINE,7.345976098231382,False,False,17.413972888425445
556139493.0,2,6.638475505061066,6.638475505061066,7.345976098231382,1.000556934248471,5.9309749118907495,2,0,0,0,0,0,0,0,0.0,0.0,556139496.0,seat_position,BASELINE,seat_track_position,BASELINE,7.345976098231382,False,False,17.413972888425445
792837009.0,2,6.638475505061066,6.638475505061066,7.345976098231382,1.000556934248471,5.9309749118907495,2,0,0,0,0,0,0,0,0.0,0.0,792837012.0,seat_position,BASELINE,seat_track_position,BASELINE,7.345976098231382,False,False,17.413972888425445
852124393.0,2,6.638475505061066,6.638475505061066,7.345976098231382,1.000556934248471,5.9309749118907495,2,0,0,0,0,0,0,0,0.0,0.0,852124396.0,seat_position,BASELINE,seat_track_position,BASELINE,7.345976098231382,False,False,17.413972888425445
142748615.0,1,7.297440412904448,7.297440412904448,7.297440412904448,0.0,7.297440412904448,1,0,0,0,0,0,0,0,0.0,0.0,142748616.0,belt_anchorage,BASELINE,belt_anchorage,BASELINE,7.297440412904448,False,False,16.91866527632951
341346805.0,1,7.297440412904448,7.297440412904448,7.297440412904448,0.0,7.297440412904448,1,0,0,0,0,0,0,0,0.0,0.0,341346806.0,belt_anchorage,BASELINE,belt_anchorage,BASELINE,7.297440412904448,False,False,16.91866527632951
349170312.0,1,7.297440412904448,7.297440412904448,7.297440412904448,0.0,7.297440412904448,1,0,0,0,0,0,0,0,0.0,0.0,349170314.0,belt_anchorage,BASELINE,belt_anchorage,BASELINE,7.297440412904448,False,False,16.91866527632951
349221566.0,2,7.148523052340318,7.148523052340318,7.297440412904448,0.21060095098259768,6.999605691776187,2,0,0,0,0,0,0,0,0.0,0.0,349221568.0,belt_anchorage,BASELINE,belt_anchorage,BASELINE,7.297440412904448,False,False,16.91866527632951
360247400.0,2,7.08772094500133,7.08772094500133,7.297440412904448,0.2965881158022588,6.878001477098212,2,0,0,0,0,0,0,0,0.0,0.0,360247402.0,belt_anchorage,BASELINE,belt_anchorage,BASELINE,7.297440412904448,False,False,16.91866527632951
433431151.0,1,7.297440412904448,7.297440412904448,7.297440412904448,0.0,7.297440412904448,1,0,0,0,0,0,0,0,0.0,0.0,433431153.0,belt_anchorage,BASELINE,belt_anchorage,BASELINE,7.297440412904448,False,False,16.91866527632951
433579774.0,1,7.297440412904448,7.297440412904448,7.297440412904448,0.0,7.297440412904448,1,0,0,0,0,0,0,0,0.0,0.0,433579781.0,belt_anchorage,BASELINE,belt_anchorage,BASELINE,7.297440412904448,False,False,16.91866527632951
627081308.0,1,7.297440412904448,7.297440412904448,7.297440412904448,0.0,7.297440412904448,1,0,0,0,0,0,0,0,0.0,0.0,627081309.0,belt_anchorage,BASELINE,belt_anchorage,BASELINE,7.297440412904448,False,False,16.91866527632951
651113553.0,1,7.297440412904448,7.297440412904448,7.297440412904448,0.0,7.297440412904448,1,0,0,0,0,0,0,0,0.0,0.0,651113554.0,belt_anchorage,BASELINE,belt_anchorage,BASELINE,7.297440412904448,False,False,16.91866527632951
795629812.0,1,7.297440412904448,7.297440412904448,7.297440412904448,0.0,7.297440412904448,1,0,0,0,0,0,0,0,0.0,0.0,795629814.0,belt_anchorage,BASELINE,belt_anchorage,BASELINE,7.297440412904448,False,False,16.91866527632951
142466204.0,2,6.3297468230220355,6.3297468230220355,7.237968908613016,1.284419991089543,5.421524737431055,2,0,0,0,0,0,0,0,0.0,0.0,142466207.0,seat_position,BASELINE,seat_track_position,BASELINE,7.237968908613016,False,False,16.423357664233578
360358261.0,2,6.715232018042554,6.715232018042554,7.237968908613016,0.7392616001974877,6.1924951274720925,2,0,0,0,0,0,0,0,0.0,0.0,360364689.0,seat_position,BASELINE,seat_track_position,BASELINE,7.237968908613016,False,False,16.423357664233578
369139677.0,2,7.119866868261412,7.119866868261412,7.237968908613016,0.16702150720917322,7.001764827909808,2,0,0,0,0,0,0,0,0.0,0.0,369139679.0,seat_position,BASELINE,belt_anchorage,BASELINE,7.237968908613016,False,False,16.423357664233578
433498506.0,2,6.3297468230220355,6.3297468230220355,7.237968908613016,1.284419991089543,5.421524737431055,2,0,0,0,0,0,0,0,0.0,0.0,433498510.0,seat_position,BASELINE,seat_track_position,BASELINE,7.237968908613016,False,False,16.423357664233578
554131896.0,2,6.3297468230220355,6.3297468230220355,7.237968908613016,1.284419991089543,5.421524737431055,2,0,0,0,0,0,0,0,0.0,0.0,554131899.0,seat_position,BASELINE,seat_track_position,BASELINE,7.237968908613016,False,False,16.423357664233578
651110121.0,2,6.584471910251883,6.584471910251883,7.237968908613016,0.9241843180524231,5.9309749118907495,2,0,0,0,0,0,0,0,0.0,0.0,651001990.0,seat_position,BASELINE,seat_track_position,BASELINE,7.237968908613016,False,False,16.423357664233578
651119304.0,2,6.477584615519356,6.477584615519356,7.237968908613016,1.0753457799085335,5.717200322425695,2,0,0,0,0,0,0,0,0.0,0.0,651119308.0,seat_position,BASELINE,seat_track_position,BASELINE,7.237968908613016,False,False,16.423357664233578
792837084.0,2,6.5304683154427,6.5304683154427,7.237968908613016,1.0005569342484704,5.822967722272384,2,0,0,0,0,0,0,0,0.0,0.0,877843302.0,seat_position,BASELINE,seat_track_position,BASELINE,7.237968908613016,False,False,16.423357664233578
792852650.0,2,6.715232018042554,6.715232018042554,7.237968908613016,0.7392616001974877,6.1924951274720925,2,0,0,0,0,0,0,0,0.0,0.0,792852652.0,seat_position,BASELINE,seat_track_position,BASELINE,7.237968908613016,False,False,16.423357664233578
324101528.0,1,7.2065846197983054,7.2065846197983054,7.2065846197983054,0.0,7.2065846197983054,1,0,0,0,0,0,0,0,0.0,0.0,324101581.0,belt_anchorage,BASELINE,belt_anchorage,BASELINE,7.2065846197983054,False,False,15.954118873826904
347626263.0,1,7.2065846197983054,7.2065846197983054,7.2065846197983054,0.0,7.2065846197983054,1,0,0,0,0,0,0,0,0.0,0.0,347626265.0,belt_anchorage,BASELINE,belt_anchorage,BASELINE,7.2065846197983054,False,False,15.954118873826904
349212341.0,1,7.2065846197983054,7.2065846197983054,7.2065846197983054,0.0,7.2065846197983054,1,0,0,0,0,0,0,0,0.0,0.0,349212342.0,belt_anchorage,BASELINE,belt_anchorage,BASELINE,7.2065846197983054,False,False,15.954118873826904
554126007.0,1,7.2065846197983054,7.2065846197983054,7.2065846197983054,0.0,7.2065846197983054,1,0,0,0,0,0,0,0,0.0,0.0,554126342.0,belt_anchorage,BASELINE,belt_anchorage,BASELINE,7.2065846197983054,False,False,15.954118873826904
554152470.0,1,7.2065846197983054,7.2065846197983054,7.2065846197983054,0.0,7.2065846197983054,1,0,0,0,0,0,0,0,0.0,0.0,554152472.0,belt_anchorage,BASELINE,belt_anchorage,BASELINE,7.2065846197983054,False,False,15.954118873826904
556157948.0,1,7.2065846197983054,7.2065846197983054,7.2065846197983054,0.0,7.2065846197983054,1,0,0,0,0,0,0,0,0.0,0.0,556157950.0,belt_anchorage,BASELINE,belt_anchorage,BASELINE,7.2065846197983054,False,False,15.954118873826904
558034634.0,1,7.2065846197983054,7.2065846197983054,7.2065846197983054,0.0,7.2065846197983054,1,0,0,0,0,0,0,0,0.0,0.0,558034641.0,belt_anchorage,BASELINE,belt_anchorage,BASELINE,7.2065846197983054,False,False,15.954118873826904
591151860.0,1,7.2065846197983054,7.2065846197983054,7.2065846197983054,0.0,7.2065846197983054,1,0,0,0,0,0,0,0,0.0,0.0,591151862.0,belt_anchorage,BASELINE,belt_anchorage,BASELINE,7.2065846197983054,False,False,15.954118873826904
651110130.0,1,7.2065846197983054,7.2065846197983054,7.2065846197983054,0.0,7.2065846197983054,1,0,0,0,0,0,0,0,0.0,0.0,651110131.0,belt_anchorage,BASELINE,belt_anchorage,BASELINE,7.2065846197983054,False,False,15.954118873826904
344077144.0,2,6.318572404221988,6.318572404221988,7.107612881394555,1.115871744078783,5.529531927049421,2,0,0,0,0,0,0,0,0.0,0.0,344077148.0,seat_position,BASELINE,seat_track_position,BASELINE,7.107612881394555,False,False,15.589155370177268
349305380.0,2,6.466410196719308,6.466410196719308,7.107612881394555,0.9067975328977734,5.825207512044061,2,0,0,0,0,0,0,0,0.0,0.0,349305383.0,seat_position,BASELINE,seat_track_position,BASELINE,7.107612881394555,False,False,15.589155370177268
433386856.0,2,6.650054004433324,6.650054004433324,7.107612881394555,0.6470859693827756,6.1924951274720925,2,0,0,0,0,0,0,0,0.0,0.0,433386859.0,seat_position,BASELINE,seat_track_position,BASELINE,7.107612881394555,False,False,15.589155370177268
556172534.0,2,6.412406601910125,6.412406601910125,7.107612881394555,0.9831701490938214,5.717200322425695,2,0,0,0,0,0,0,0,0.0,0.0,556172539.0,seat_position,BASELINE,seat_track_position,BASELINE,7.107612881394555,False,False,15.589155370177268
591155358.0,2,6.264568809412805,6.264568809412805,7.107612881394555,1.192244360274831,5.421524737431055,2,0,0,0,0,0,0,0,0.0,0.0,651004752.0,seat_position,BASELINE,seat_track_position,BASELINE,7.107612881394555,False,False,15.589155370177268
339117278.0,1,7.001764827909808,7.001764827909808,7.001764827909808,0.0,7.001764827909808,1,0,0,0,0,0,0,0,0.0,0.0,339117280.0,belt_anchorage,BASELINE,belt_anchorage,BASELINE,7.001764827909808,False,False,15.119916579770596
341226061.0,1,7.001764827909808,7.001764827909808,7.001764827909808,0.0,7.001764827909808,1,0,0,0,0,0,0,0,0.0,0.0,341226063.0,belt_anchorage,BASELINE,belt_anchorage,BASELINE,7.001764827909808,False,False,15.119916579770596
344102303.0,1,7.001764827909808,7.001764827909808,7.001764827909808,0.0,7.001764827909808,1,0,0,0,0,0,0,0,0.0,0.0,344102306.0,belt_anchorage,BASELINE,belt_anchorage,BASELINE,7.001764827909808,False,False,15.119916579770596
360258986.0,2,7.000685259842998,7.000685259842998,7.001764827909808,0.0015267398015880443,6.999605691776187,2,0,0,0,0,0,0,0,0.0,0.0,360258988.0,belt_anchorage,BASELINE,belt_anchorage,BASELINE,7.001764827909808,False,False,15.119916579770596
554132121.0,1,7.001764827909808,7.001764827909808,7.001764827909808,0.0,7.001764827909808,1,0,0,0,0,0,0,0,0.0,0.0,554132724.0,belt_anchorage,BASELINE,belt_anchorage,BASELINE,7.001764827909808,False,False,15.119916579770596
554145955.0,1,7.001764827909808,7.001764827909808,7.001764827909808,0.0,7.001764827909808,1,0,0,0,0,0,0,0,0.0,0.0,554145956.0,belt_anchorage,BASELINE,belt_anchorage,BASELINE,7.001764827909808,False,False,15.119916579770596
591151000.0,1,7.001764827909808,7.001764827909808,7.001764827909808,0.0,7.001764827909808,1,0,0,0,0,0,0,0,0.0,0.0,591151002.0,belt_anchorage,BASELINE,belt_anchorage,BASELINE,7.001764827909808,False,False,15.119916579770596
651109209.0,1,7.001764827909808,7.001764827909808,7.001764827909808,0.0,7.001764827909808,1,0,0,0,0,0,0,0,0.0,0.0,651109210.0,belt_anchorage,BASELINE,belt_anchorage,BASELINE,7.001764827909808,False,False,15.119916579770596
795774809.0,1,7.001764827909808,7.001764827909808,7.001764827909808,0.0,7.001764827909808,1,0,0,0,0,0,0,0,0.0,0.0,795774811.0,belt_anchorage,BASELINE,belt_anchorage,BASELINE,7.001764827909808,False,False,15.119916579770596
795791306.0,1,7.001764827909808,7.001764827909808,7.001764827909808,0.0,7.001764827909808,1,0,0,0,0,0,0,0,0.0,0.0,795792016.0,belt_anchorage,BASELINE,belt_anchorage,BASELINE,7.001764827909808,False,False,15.119916579770596
796468978.0,1,7.001764827909808,7.001764827909808,7.001764827909808,0.0,7.001764827909808,1,0,0,0,0,0,0,0,0.0,0.0,796468981.0,belt_anchorage,BASELINE,belt_anchorage,BASELINE,7.001764827909808,False,False,15.119916579770596
897000717.0,1,7.001764827909808,7.001764827909808,7.001764827909808,0.0,7.001764827909808,1,0,0,0,0,0,0,0,0.0,0.0,3607.0,belt_anchorage,BASELINE,belt_anchorage,BASELINE,7.001764827909808,False,False,15.119916579770596
897025086.0,1,7.001764827909808,7.001764827909808,7.001764827909808,0.0,7.001764827909808,1,0,0,0,0,0,0,0,0.0,0.0,897025090.0,belt_anchorage,BASELINE,belt_anchorage,BASELINE,7.001764827909808,False,False,15.119916579770596
349211948.0,2,6.210565214603621,6.210565214603621,6.999605691776187,1.1158717440787818,5.421524737431055,2,0,0,0,0,0,0,0,0.0,0.0,349211950.0,seat_position,BASELINE,seat_track_position,BASELINE,6.999605691776187,False,False,14.57247132429614
349391037.0,2,6.358403007100941,6.358403007100941,6.999605691776187,0.9067975328977722,5.717200322425695,2,0,0,0,0,0,0,0,0.0,0.0,349391044.0,seat_position,BASELINE,seat_track_position,BASELINE,6.999605691776187,False,False,14.57247132429614
556118962.0,2,6.411286707024286,6.411286707024286,6.999605691776187,0.8320086872377092,5.822967722272384,2,0,0,0,0,0,0,0,0.0,0.0,556118965.0,seat_position,BASELINE,seat_track_position,BASELINE,6.999605691776187,False,False,14.57247132429614
556121475.0,2,6.465290301833468,6.465290301833468,6.999605691776187,0.7556360710416619,5.9309749118907495,2,0,0,0,0,0,0,0,0.0,0.0,556121478.0,seat_position,BASELINE,seat_track_position,BASELINE,6.999605691776187,False,False,14.57247132429614
558035802.0,2,6.358403007100941,6.358403007100941,6.999605691776187,0.9067975328977722,5.717200322425695,2,0,0,0,0,0,0,0,0.0,0.0,558035805.0,seat_position,BASELINE,seat_track_position,BASELINE,6.999605691776187,False,False,14.57247132429614
651153899.0,2,6.264568809412804,6.264568809412804,6.999605691776187,1.039499127882734,5.529531927049421,2,0,0,0,0,0,0,0,0.0,0.0,651154735.0,seat_position,BASELINE,seat_track_position,BASELINE,6.999605691776187,False,False,14.57247132429614
651160578.0,2,6.542046814814957,6.542046814814957,6.999605691776187,0.6470859693827744,6.084487937853726,2,0,0,0,0,0,0,0,0.0,0.0,299000279.0,seat_position,BASELINE,seat_track_position,BASELINE,6.999605691776187,False,False,14.57247132429614
852130856.0,2,6.358403007100941,6.358403007100941,6.999605691776187,0.9067975328977722,5.717200322425695,2,0,0,0,0,0,0,0,0.0,0.0,852130859.0,seat_position,BASELINE,seat_track_position,BASELINE,6.999605691776187,False,False,14.57247132429614
142545496.0,2,6.404488194494481,6.404488194494481,6.878001477098212,0.6696489062220007,5.9309749118907495,2,0,0,0,0,0,0,0,0.0,0.0,142545498.0,seat_position,BASELINE,seat_track_position,BASELINE,6.878001477098212,False,False,14.103232533889468
142598294.0,2,6.203766702073816,6.203766702073816,6.878001477098212,0.9535119630630727,5.529531927049421,2,0,0,0,0,0,0,0,0.0,0.0,142598297.0,seat_position,BASELINE,seat_track_position,BASELINE,6.878001477098212,False,False,14.103232533889468
341206130.0,2,6.149763107264633,6.149763107264633,6.878001477098212,1.0298845792591207,5.421524737431055,2,0,0,0,0,0,0,0,0.0,0.0,341206133.0,seat_position,BASELINE,seat_track_position,BASELINE,6.878001477098212,False,False,14.103232533889468
341308171.0,2,6.203766702073816,6.203766702073816,6.878001477098212,0.9535119630630727,5.529531927049421,2,0,0,0,0,0,0,0,0.0,0.0,341308174.0,seat_position,BASELINE,seat_track_position,BASELINE,6.878001477098212,False,False,14.103232533889468
349201483.0,2,6.203766702073816,6.203766702073816,6.878001477098212,0.9535119630630727,5.529531927049421,2,0,0,0,0,0,0,0,0.0,0.0,349201486.0,seat_position,BASELINE,seat_track_position,BASELINE,6.878001477098212,False,False,14.103232533889468
349237476.0,2,6.203766702073816,6.203766702073816,6.878001477098212,0.9535119630630727,5.529531927049421,2,0,0,0,0,0,0,0,0.0,0.0,349237482.0,seat_position,BASELINE,seat_track_position,BASELINE,6.878001477098212,False,False,14.103232533889468
433594763.0,2,6.203766702073816,6.203766702073816,6.878001477098212,0.9535119630630727,5.529531927049421,2,0,0,0,0,0,0,0,0.0,0.0,433594766.0,seat_position,BASELINE,seat_track_position,BASELINE,6.878001477098212,False,False,14.103232533889468
554147440.0,2,6.203766702073816,6.203766702073816,6.878001477098212,0.9535119630630727,5.529531927049421,2,0,0,0,0,0,0,0,0.0,0.0,554147444.0,seat_position,BASELINE,seat_track_position,BASELINE,6.878001477098212,False,False,14.103232533889468
599006276.0,2,6.203766702073816,6.203766702073816,6.878001477098212,0.9535119630630727,5.529531927049421,2,0,0,0,0,0,0,0,0.0,0.0,599006279.0,seat_position,BASELINE,seat_track_position,BASELINE,6.878001477098212,False,False,14.103232533889468
651119312.0,2,6.297600899761953,6.297600899761953,6.878001477098212,0.820810368078111,5.717200322425695,2,0,0,0,0,0,0,0,0.0,0.0,651119315.0,seat_position,BASELINE,seat_track_position,BASELINE,6.878001477098212,False,False,14.103232533889468
324383219.0,2,6.24359730495277,6.24359730495277,6.769994287479846,0.7444377518820632,5.717200322425695,2,0,0,0,0,0,0,0,0.0,0.0,324383230.0,seat_position,BASELINE,seat_track_position,BASELINE,6.769994287479846,False,False,13.555787278415016
324404221.0,2,6.350484599685298,6.350484599685298,6.769994287479846,0.5932762900259528,5.9309749118907495,2,0,0,0,0,0,0,0,0.0,0.0,324404239.0,seat_position,BASELINE,seat_track_position,BASELINE,6.769994287479846,False,False,13.555787278415016
341232152.0,2,6.48124470747597,6.48124470747597,6.769994287479846,0.40835357217101736,6.1924951274720925,2,0,0,0,0,0,0,0,0.0,0.0,341232155.0,seat_position,BASELINE,seat_track_position,BASELINE,6.769994287479846,False,False,13.555787278415016
341405388.0,2,6.4272411126667865,6.4272411126667865,6.769994287479846,0.4847261883670653,6.084487937853726,2,0,0,0,0,0,0,0,0.0,0.0,341405391.0,seat_position,BASELINE,seat_track_position,BASELINE,6.769994287479846,False,False,13.555787278415016
349241076.0,2,6.24359730495277,6.24359730495277,6.769994287479846,0.7444377518820632,5.717200322425695,2,0,0,0,0,0,0,0,0.0,0.0,349241078.0,seat_position,BASELINE,seat_track_position,BASELINE,6.769994287479846,False,False,13.555787278415016
359521123.0,2,6.149763107264633,6.149763107264633,6.769994287479846,0.8771393468670248,5.529531927049421,2,0,0,0,0,0,0,0,0.0,0.0,359521126.0,seat_position,BASELINE,seat_track_position,BASELINE,6.769994287479846,False,False,13.555787278415016
554133116.0,2,6.09575951245545,6.09575951245545,6.769994287479846,0.9535119630630727,5.421524737431055,2,0,0,0,0,0,0,0,0.0,0.0,554133119.0,seat_position,BASELINE,seat_track_position,BASELINE,6.769994287479846,False,False,13.555787278415016
554151068.0,2,6.149763107264633,6.149763107264633,6.769994287479846,0.8771393468670248,5.529531927049421,2,0,0,0,0,0,0,0,0.0,0.0,554151227.0,seat_position,BASELINE,seat_track_position,BASELINE,6.769994287479846,False,False,13.555787278415016
599037019.0,2,6.09575951245545,6.09575951245545,6.769994287479846,0.9535119630630727,5.421524737431055,2,0,0,0,0,0,0,0,0.0,0.0,599037216.0,seat_position,BASELINE,seat_track_position,BASELINE,6.769994287479846,False,False,13.555787278415016
897000720.0,2,6.09575951245545,6.09575951245545,6.769994287479846,0.9535119630630727,5.421524737431055,2,0,0,0,0,0,0,0,0.0,0.0,3697.0,seat_position,BASELINE,seat_track_position,BASELINE,6.769994287479846,False,False,13.555787278415016
904429205.0,2,6.297600899761953,6.297600899761953,6.769994287479846,0.6680651356860151,5.825207512044061,2,0,0,0,0,0,0,0,0.0,0.0,361448271.0,seat_position,BASELINE,seat_track_position,BASELINE,6.769994287479846,False,False,13.555787278415016
134005296.0,1,6.1924951274720925,6.1924951274720925,6.1924951274720925,0.0,6.1924951274720925,1,0,0,0,0,0,0,0,0.0,0.0,134007671.0,seat_track_position,BASELINE,seat_track_position,BASELINE,6.1924951274720925,False,False,12.643378519290929
325105458.0,1,6.1924951274720925,6.1924951274720925,6.1924951274720925,0.0,6.1924951274720925,1,0,0,0,0,0,0,0,0.0,0.0,325105460.0,seat_track_position,BASELINE,seat_track_position,BASELINE,6.1924951274720925,False,False,12.643378519290929
325114308.0,1,6.1924951274720925,6.1924951274720925,6.1924951274720925,0.0,6.1924951274720925,1,0,0,0,0,0,0,0,0.0,0.0,325114310.0,seat_track_position,BASELINE,seat_track_position,BASELINE,6.1924951274720925,False,False,12.643378519290929
328105879.0,1,6.1924951274720925,6.1924951274720925,6.1924951274720925,0.0,6.1924951274720925,1,0,0,0,0,0,0,0,0.0,0.0,328105881.0,seat_track_position,BASELINE,seat_track_position,BASELINE,6.1924951274720925,False,False,12.643378519290929
339414915.0,1,6.1924951274720925,6.1924951274720925,6.1924951274720925,0.0,6.1924951274720925,1,0,0,0,0,0,0,0,0.0,0.0,339414929.0,seat_track_position,BASELINE,seat_track_position,BASELINE,6.1924951274720925,False,False,12.643378519290929
341206126.0,1,6.1924951274720925,6.1924951274720925,6.1924951274720925,0.0,6.1924951274720925,1,0,0,0,0,0,0,0,0.0,0.0,341206128.0,seat_track_position,BASELINE,seat_track_position,BASELINE,6.1924951274720925,False,False,12.643378519290929
341308190.0,1,6.1924951274720925,6.1924951274720925,6.1924951274720925,0.0,6.1924951274720925,1,0,0,0,0,0,0,0,0.0,0.0,341308192.0,seat_track_position,BASELINE,seat_track_position,BASELINE,6.1924951274720925,False,False,12.643378519290929
347675253.0,1,6.1924951274720925,6.1924951274720925,6.1924951274720925,0.0,6.1924951274720925,1,0,0,0,0,0,0,0,0.0,0.0,347675254.0,seat_track_position,BASELINE,seat_track_position,BASELINE,6.1924951274720925,False,False,12.643378519290929
347682311.0,1,6.1924951274720925,6.1924951274720925,6.1924951274720925,0.0,6.1924951274720925,1,0,0,0,0,0,0,0,0.0,0.0,347682319.0,seat_track_position,BASELINE,seat_track_position,BASELINE,6.1924951274720925,False,False,12.643378519290929
347710253.0,1,6.1924951274720925,6.1924951274720925,6.1924951274720925,0.0,6.1924951274720925,1,0,0,0,0,0,0,0,0.0,0.0,347710255.0,seat_track_position,BASELINE,seat_track_position,BASELINE,6.1924951274720925,False,False,12.643378519290929
349195724.0,1,6.1924951274720925,6.1924951274720925,6.1924951274720925,0.0,6.1924951274720925,1,0,0,0,0,0,0,0,0.0,0.0,349195726.0,seat_track_position,BASELINE,seat_track_position,BASELINE,6.1924951274720925,False,False,12.643378519290929
349196652.0,1,6.1924951274720925,6.1924951274720925,6.1924951274720925,0.0,6.1924951274720925,1,0,0,0,0,0,0,0,0.0,0.0,349196654.0,seat_track_position,BASELINE,seat_track_position,BASELINE,6.1924951274720925,False,False,12.643378519290929
349219503.0,1,6.1924951274720925,6.1924951274720925,6.1924951274720925,0.0,6.1924951274720925,1,0,0,0,0,0,0,0,0.0,0.0,349219504.0,seat_track_position,BASELINE,seat_track_position,BASELINE,6.1924951274720925,False,False,12.643378519290929
349232286.0,1,6.1924951274720925,6.1924951274720925,6.1924951274720925,0.0,6.1924951274720925,1,0,0,0,0,0,0,0,0.0,0.0,349232289.0,seat_track_position,BASELINE,seat_track_position,BASELINE,6.1924951274720925,False,False,12.643378519290929
349319520.0,1,6.1924951274720925,6.1924951274720925,6.1924951274720925,0.0,6.1924951274720925,1,0,0,0,0,0,0,0,0.0,0.0,349319522.0,seat_track_position,BASELINE,seat_track_position,BASELINE,6.1924951274720925,False,False,12.643378519290929
360210974.0,1,6.1924951274720925,6.1924951274720925,6.1924951274720925,0.0,6.1924951274720925,1,0,0,0,0,0,0,0,0.0,0.0,360210978.0,seat_track_position,BASELINE,seat_track_position,BASELINE,6.1924951274720925,False,False,12.643378519290929
425648661.0,1,6.1924951274720925,6.1924951274720925,6.1924951274720925,0.0,6.1924951274720925,1,0,0,0,0,0,0,0,0.0,0.0,425649880.0,seat_track_position,BASELINE,seat_track_position,BASELINE,6.1924951274720925,False,False,12.643378519290929
554124064.0,1,6.1924951274720925,6.1924951274720925,6.1924951274720925,0.0,6.1924951274720925,1,0,0,0,0,0,0,0,0.0,0.0,554124066.0,seat_track_position,BASELINE,seat_track_position,BASELINE,6.1924951274720925,False,False,12.643378519290929
554145351.0,1,6.1924951274720925,6.1924951274720925,6.1924951274720925,0.0,6.1924951274720925,1,0,0,0,0,0,0,0,0.0,0.0,554145353.0,seat_track_position,BASELINE,seat_track_position,BASELINE,6.1924951274720925,False,False,12.643378519290929
556151535.0,1,6.1924951274720925,6.1924951274720925,6.1924951274720925,0.0,6.1924951274720925,1,0,0,0,0,0,0,0,0.0,0.0,556151536.0,seat_track_position,BASELINE,seat_track_position,BASELINE,6.1924951274720925,False,False,12.643378519290929
599037027.0,1,6.1924951274720925,6.1924951274720925,6.1924951274720925,0.0,6.1924951274720925,1,0,0,0,0,0,0,0,0.0,0.0,599037036.0,seat_track_position,BASELINE,seat_track_position,BASELINE,6.1924951274720925,False,False,12.643378519290929
792851235.0,1,6.1924951274720925,6.1924951274720925,6.1924951274720925,0.0,6.1924951274720925,1,0,0,0,0,0,0,0,0.0,0.0,792851238.0,seat_track_position,BASELINE,seat_track_position,BASELINE,6.1924951274720925,False,False,12.643378519290929
795803171.0,1,6.1924951274720925,6.1924951274720925,6.1924951274720925,0.0,6.1924951274720925,1,0,0,0,0,0,0,0,0.0,0.0,795803174.0,seat_track_position,BASELINE,seat_track_position,BASELINE,6.1924951274720925,False,False,12.643378519290929
852120399.0,1,6.1924951274720925,6.1924951274720925,6.1924951274720925,0.0,6.1924951274720925,1,0,0,0,0,0,0,0,0.0,0.0,852120400.0,seat_track_position,BASELINE,seat_track_position,BASELINE,6.1924951274720925,False,False,12.643378519290929
142549178.0,1,6.084487937853726,6.084487937853726,6.084487937853726,0.0,6.084487937853726,1,0,0,0,0,0,0,0,0.0,0.0,142549180.0,seat_track_position,BASELINE,seat_track_position,BASELINE,6.084487937853726,False,False,11.209593326381647
142554419.0,1,6.084487937853726,6.084487937853726,6.084487937853726,0.0,6.084487937853726,1,0,0,0,0,0,0,0,0.0,0.0,142554421.0,seat_track_position,BASELINE,seat_track_position,BASELINE,6.084487937853726,False,False,11.209593326381647
142598303.0,1,6.084487937853726,6.084487937853726,6.084487937853726,0.0,6.084487937853726,1,0,0,0,0,0,0,0,0.0,0.0,142598305.0,seat_track_position,BASELINE,seat_track_position,BASELINE,6.084487937853726,False,False,11.209593326381647
142629466.0,1,6.084487937853726,6.084487937853726,6.084487937853726,0.0,6.084487937853726,1,0,0,0,0,0,0,0,0.0,0.0,142629469.0,seat_track_position,BASELINE,seat_track_position,BASELINE,6.084487937853726,False,False,11.209593326381647
142690519.0,1,6.084487937853726,6.084487937853726,6.084487937853726,0.0,6.084487937853726,1,0,0,0,0,0,0,0,0.0,0.0,142690522.0,seat_track_position,BASELINE,seat_track_position,BASELINE,6.084487937853726,False,False,11.209593326381647
142774718.0,1,6.084487937853726,6.084487937853726,6.084487937853726,0.0,6.084487937853726,1,0,0,0,0,0,0,0,0.0,0.0,142774720.0,seat_track_position,BASELINE,seat_track_position,BASELINE,6.084487937853726,False,False,11.209593326381647
324340931.0,1,6.084487937853726,6.084487937853726,6.084487937853726,0.0,6.084487937853726,1,0,0,0,0,0,0,0,0.0,0.0,324340935.0,seat_track_position,BASELINE,seat_track_position,BASELINE,6.084487937853726,False,False,11.209593326381647
325121134.0,1,6.084487937853726,6.084487937853726,6.084487937853726,0.0,6.084487937853726,1,0,0,0,0,0,0,0,0.0,0.0,325121135.0,seat_track_position,BASELINE,seat_track_position,BASELINE,6.084487937853726,False,False,11.209593326381647
325141901.0,1,6.084487937853726,6.084487937853726,6.084487937853726,0.0,6.084487937853726,1,0,0,0,0,0,0,0,0.0,0.0,325141903.0,seat_track_position,BASELINE,seat_track_position,BASELINE,6.084487937853726,False,False,11.209593326381647
328086162.0,1,6.084487937853726,6.084487937853726,6.084487937853726,0.0,6.084487937853726,1,0,0,0,0,0,0,0,0.0,0.0,328086165.0,seat_track_position,BASELINE,seat_track_position,BASELINE,6.084487937853726,False,False,11.209593326381647
328099431.0,1,6.084487937853726,6.084487937853726,6.084487937853726,0.0,6.084487937853726,1,0,0,0,0,0,0,0,0.0,0.0,328099432.0,seat_track_position,BASELINE,seat_track_position,BASELINE,6.084487937853726,False,False,11.209593326381647
328108039.0,1,6.084487937853726,6.084487937853726,6.084487937853726,0.0,6.084487937853726,1,0,0,0,0,0,0,0,0.0,0.0,328108041.0,seat_track_position,BASELINE,seat_track_position,BASELINE,6.084487937853726,False,False,11.209593326381647
328117981.0,1,6.084487937853726,6.084487937853726,6.084487937853726,0.0,6.084487937853726,1,0,0,0,0,0,0,0,0.0,0.0,328117983.0,seat_track_position,BASELINE,seat_track_position,BASELINE,6.084487937853726,False,False,11.209593326381647
328118438.0,1,6.084487937853726,6.084487937853726,6.084487937853726,0.0,6.084487937853726,1,0,0,0,0,0,0,0,0.0,0.0,328118439.0,seat_track_position,BASELINE,seat_track_position,BASELINE,6.084487937853726,False,False,11.209593326381647
344062921.0,1,6.084487937853726,6.084487937853726,6.084487937853726,0.0,6.084487937853726,1,0,0,0,0,0,0,0,0.0,0.0,344062922.0,seat_track_position,BASELINE,seat_track_position,BASELINE,6.084487937853726,False,False,11.209593326381647
347679472.0,1,6.084487937853726,6.084487937853726,6.084487937853726,0.0,6.084487937853726,1,0,0,0,0,0,0,0,0.0,0.0,347679474.0,seat_track_position,BASELINE,seat_track_position,BASELINE,6.084487937853726,False,False,11.209593326381647
347746377.0,1,6.084487937853726,6.084487937853726,6.084487937853726,0.0,6.084487937853726,1,0,0,0,0,0,0,0,0.0,0.0,878746753.0,seat_track_position,BASELINE,seat_track_position,BASELINE,6.084487937853726,False,False,11.209593326381647
349172521.0,1,6.084487937853726,6.084487937853726,6.084487937853726,0.0,6.084487937853726,1,0,0,0,0,0,0,0,0.0,0.0,349172523.0,seat_track_position,BASELINE,seat_track_position,BASELINE,6.084487937853726,False,False,11.209593326381647
349174832.0,1,6.084487937853726,6.084487937853726,6.084487937853726,0.0,6.084487937853726,1,0,0,0,0,0,0,0,0.0,0.0,349174833.0,seat_track_position,BASELINE,seat_track_position,BASELINE,6.084487937853726,False,False,11.209593326381647
349211955.0,1,6.084487937853726,6.084487937853726,6.084487937853726,0.0,6.084487937853726,1,0,0,0,0,0,0,0,0.0,0.0,349211957.0,seat_track_position,BASELINE,seat_track_position,BASELINE,6.084487937853726,False,False,11.209593326381647
349230205.0,1,6.084487937853726,6.084487937853726,6.084487937853726,0.0,6.084487937853726,1,0,0,0,0,0,0,0,0.0,0.0,349230207.0,seat_track_position,BASELINE,seat_track_position,BASELINE,6.084487937853726,False,False,11.209593326381647
349237678.0,1,6.084487937853726,6.084487937853726,6.084487937853726,0.0,6.084487937853726,1,0,0,0,0,0,0,0,0.0,0.0,349237680.0,seat_track_position,BASELINE,seat_track_position,BASELINE,6.084487937853726,False,False,11.209593326381647
349305479.0,1,6.084487937853726,6.084487937853726,6.084487937853726,0.0,6.084487937853726,1,0,0,0,0,0,0,0,0.0,0.0,349305480.0,seat_track_position,BASELINE,seat_track_position,BASELINE,6.084487937853726,False,False,11.209593326381647
349319459.0,1,6.084487937853726,6.084487937853726,6.084487937853726,0.0,6.084487937853726,1,0,0,0,0,0,0,0,0.0,0.0,349319460.0,seat_track_position,BASELINE,seat_track_position,BASELINE,6.084487937853726,False,False,11.209593326381647
433504632.0,1,6.084487937853726,6.084487937853726,6.084487937853726,0.0,6.084487937853726,1,0,0,0,0,0,0,0,0.0,0.0,433504634.0,seat_track_position,BASELINE,seat_track_position,BASELINE,6.084487937853726,False,False,11.209593326381647
550034579.0,1,6.084487937853726,6.084487937853726,6.084487937853726,0.0,6.084487937853726,1,0,0,0,0,0,0,0,0.0,0.0,550034616.0,seat_track_position,BASELINE,seat_track_position,BASELINE,6.084487937853726,False,False,11.209593326381647
558029205.0,1,6.084487937853726,6.084487937853726,6.084487937853726,0.0,6.084487937853726,1,0,0,0,0,0,0,0,0.0,0.0,558029207.0,seat_track_position,BASELINE,seat_track_position,BASELINE,6.084487937853726,False,False,11.209593326381647
651144887.0,1,6.084487937853726,6.084487937853726,6.084487937853726,0.0,6.084487937853726,1,0,0,0,0,0,0,0,0.0,0.0,651144889.0,seat_track_position,BASELINE,seat_track_position,BASELINE,6.084487937853726,False,False,11.209593326381647
651153620.0,1,6.084487937853726,6.084487937853726,6.084487937853726,0.0,6.084487937853726,1,0,0,0,0,0,0,0,0.0,0.0,651153622.0,seat_track_position,BASELINE,seat_track_position,BASELINE,6.084487937853726,False,False,11.209593326381647
795884771.0,1,6.084487937853726,6.084487937853726,6.084487937853726,0.0,6.084487937853726,1,0,0,0,0,0,0,0,0.0,0.0,795884775.0,seat_track_position,BASELINE,seat_track_position,BASELINE,6.084487937853726,False,False,11.209593326381647
852190677.0,1,6.084487937853726,6.084487937853726,6.084487937853726,0.0,6.084487937853726,1,0,0,0,0,0,0,0,0.0,0.0,852190679.0,seat_track_position,BASELINE,seat_track_position,BASELINE,6.084487937853726,False,False,11.209593326381647
134005326.0,1,5.9309749118907495,5.9309749118907495,5.9309749118907495,0.0,5.9309749118907495,1,0,0,0,0,0,0,0,0.0,0.0,134007691.0,seat_track_position,BASELINE,seat_track_position,BASELINE,5.9309749118907495,False,False,9.619395203336808
142557981.0,1,5.9309749118907495,5.9309749118907495,5.9309749118907495,0.0,5.9309749118907495,1,0,0,0,0,0,0,0,0.0,0.0,142557982.0,seat_track_position,BASELINE,seat_track_position,BASELINE,5.9309749118907495,False,False,9.619395203336808
328080699.0,1,5.9309749118907495,5.9309749118907495,5.9309749118907495,0.0,5.9309749118907495,1,0,0,0,0,0,0,0,0.0,0.0,328080700.0,seat_track_position,BASELINE,seat_track_position,BASELINE,5.9309749118907495,False,False,9.619395203336808
344088016.0,1,5.9309749118907495,5.9309749118907495,5.9309749118907495,0.0,5.9309749118907495,1,0,0,0,0,0,0,0,0.0,0.0,344088018.0,seat_track_position,BASELINE,seat_track_position,BASELINE,5.9309749118907495,False,False,9.619395203336808
347080262.0,1,5.9309749118907495,5.9309749118907495,5.9309749118907495,0.0,5.9309749118907495,1,0,0,0,0,0,0,0,0.0,0.0,347080263.0,seat_track_position,BASELINE,seat_track_position,BASELINE,5.9309749118907495,False,False,9.619395203336808
347375554.0,1,5.9309749118907495,5.9309749118907495,5.9309749118907495,0.0,5.9309749118907495,1,0,0,0,0,0,0,0,0.0,0.0,347375556.0,seat_track_position,BASELINE,seat_track_position,BASELINE,5.9309749118907495,False,False,9.619395203336808
347638883.0,1,5.9309749118907495,5.9309749118907495,5.9309749118907495,0.0,5.9309749118907495,1,0,0,0,0,0,0,0,0.0,0.0,347638884.0,seat_track_position,BASELINE,seat_track_position,BASELINE,5.9309749118907495,False,False,9.619395203336808
349237456.0,1,5.9309749118907495,5.9309749118907495,5.9309749118907495,0.0,5.9309749118907495,1,0,0,0,0,0,0,0,0.0,0.0,349237457.0,seat_track_position,BASELINE,seat_track_position,BASELINE,5.9309749118907495,False,False,9.619395203336808
349305505.0,1,5.9309749118907495,5.9309749118907495,5.9309749118907495,0.0,5.9309749118907495,1,0,0,0,0,0,0,0,0.0,0.0,349305507.0,seat_track_position,BASELINE,seat_track_position,BASELINE,5.9309749118907495,False,False,9.619395203336808
359606051.0,1,5.9309749118907495,5.9309749118907495,5.9309749118907495,0.0,5.9309749118907495,1,0,0,0,0,0,0,0,0.0,0.0,359606054.0,seat_track_position,BASELINE,seat_track_position,BASELINE,5.9309749118907495,False,False,9.619395203336808
360210988.0,1,5.9309749118907495,5.9309749118907495,5.9309749118907495,0.0,5.9309749118907495,1,0,0,0,0,0,0,0,0.0,0.0,360210990.0,seat_track_position,BASELINE,seat_track_position,BASELINE,5.9309749118907495,False,False,9.619395203336808
360230980.0,1,5.9309749118907495,5.9309749118907495,5.9309749118907495,0.0,5.9309749118907495,1,0,0,0,0,0,0,0,0.0,0.0,360230983.0,seat_track_position,BASELINE,seat_track_position,BASELINE,5.9309749118907495,False,False,9.619395203336808
360230989.0,1,5.9309749118907495,5.9309749118907495,5.9309749118907495,0.0,5.9309749118907495,1,0,0,0,0,0,0,0,0.0,0.0,360230991.0,seat_track_position,BASELINE,seat_track_position,BASELINE,5.9309749118907495,False,False,9.619395203336808
360242304.0,1,5.9309749118907495,5.9309749118907495,5.9309749118907495,0.0,5.9309749118907495,1,0,0,0,0,0,0,0,0.0,0.0,360242306.0,seat_track_position,BASELINE,seat_track_position,BASELINE,5.9309749118907495,False,False,9.619395203336808
433327003.0,1,5.9309749118907495,5.9309749118907495,5.9309749118907495,0.0,5.9309749118907495,1,0,0,0,0,0,0,0,0.0,0.0,433327006.0,seat_track_position,BASELINE,seat_track_position,BASELINE,5.9309749118907495,False,False,9.619395203336808
433336209.0,1,5.9309749118907495,5.9309749118907495,5.9309749118907495,0.0,5.9309749118907495,1,0,0,0,0,0,0,0,0.0,0.0,433336210.0,seat_track_position,BASELINE,seat_track_position,BASELINE,5.9309749118907495,False,False,9.619395203336808
550025985.0,1,5.9309749118907495,5.9309749118907495,5.9309749118907495,0.0,5.9309749118907495,1,0,0,0,0,0,0,0,0.0,0.0,550025987.0,seat_track_position,BASELINE,seat_track_position,BASELINE,5.9309749118907495,False,False,9.619395203336808
554133112.0,1,5.9309749118907495,5.9309749118907495,5.9309749118907495,0.0,5.9309749118907495,1,0,0,0,0,0,0,0,0.0,0.0,554133114.0,seat_track_position,BASELINE,seat_track_position,BASELINE,5.9309749118907495,False,False,9.619395203336808
554149681.0,1,5.9309749118907495,5.9309749118907495,5.9309749118907495,0.0,5.9309749118907495,1,0,0,0,0,0,0,0,0.0,0.0,554149682.0,seat_track_position,BASELINE,seat_track_position,BASELINE,5.9309749118907495,False,False,9.619395203336808
554157450.0,1,5.9309749118907495,5.9309749118907495,5.9309749118907495,0.0,5.9309749118907495,1,0,0,0,0,0,0,0,0.0,0.0,701157953.0,seat_track_position,BASELINE,seat_track_position,BASELINE,5.9309749118907495,False,False,9.619395203336808
556146377.0,1,5.9309749118907495,5.9309749118907495,5.9309749118907495,0.0,5.9309749118907495,1,0,0,0,0,0,0,0,0.0,0.0,556146379.0,seat_track_position,BASELINE,seat_track_position,BASELINE,5.9309749118907495,False,False,9.619395203336808
556164931.0,1,5.9309749118907495,5.9309749118907495,5.9309749118907495,0.0,5.9309749118907495,1,0,0,0,0,0,0,0,0.0,0.0,556164933.0,seat_track_position,BASELINE,seat_track_position,BASELINE,5.9309749118907495,False,False,9.619395203336808
556176559.0,1,5.9309749118907495,5.9309749118907495,5.9309749118907495,0.0,5.9309749118907495,1,0,0,0,0,0,0,0,0.0,0.0,556176561.0,seat_track_position,BASELINE,seat_track_position,BASELINE,5.9309749118907495,False,False,9.619395203336808
561118970.0,1,5.9309749118907495,5.9309749118907495,5.9309749118907495,0.0,5.9309749118907495,1,0,0,0,0,0,0,0,0.0,0.0,561118972.0,seat_track_position,BASELINE,seat_track_position,BASELINE,5.9309749118907495,False,False,9.619395203336808
561155787.0,1,5.9309749118907495,5.9309749118907495,5.9309749118907495,0.0,5.9309749118907495,1,0,0,0,0,0,0,0,0.0,0.0,561155790.0,seat_track_position,BASELINE,seat_track_position,BASELINE,5.9309749118907495,False,False,9.619395203336808
651120791.0,1,5.9309749118907495,5.9309749118907495,5.9309749118907495,0.0,5.9309749118907495,1,0,0,0,0,0,0,0,0.0,0.0,651120793.0,seat_track_position,BASELINE,seat_track_position,BASELINE,5.9309749118907495,False,False,9.619395203336808
651153630.0,1,5.9309749118907495,5.9309749118907495,5.9309749118907495,0.0,5.9309749118907495,1,0,0,0,0,0,0,0,0.0,0.0,651153632.0,seat_track_position,BASELINE,seat_track_position,BASELINE,5.9309749118907495,False,False,9.619395203336808
701158475.0,1,5.9309749118907495,5.9309749118907495,5.9309749118907495,0.0,5.9309749118907495,1,0,0,0,0,0,0,0,0.0,0.0,701000171.0,seat_track_position,BASELINE,seat_track_position,BASELINE,5.9309749118907495,False,False,9.619395203336808
792849776.0,1,5.9309749118907495,5.9309749118907495,5.9309749118907495,0.0,5.9309749118907495,1,0,0,0,0,0,0,0,0.0,0.0,792849778.0,seat_track_position,BASELINE,seat_track_position,BASELINE,5.9309749118907495,False,False,9.619395203336808
852143085.0,1,5.9309749118907495,5.9309749118907495,5.9309749118907495,0.0,5.9309749118907495,1,0,0,0,0,0,0,0,0.0,0.0,852143087.0,seat_track_position,BASELINE,seat_track_position,BASELINE,5.9309749118907495,False,False,9.619395203336808
110162077.0,1,5.825207512044061,5.825207512044061,5.825207512044061,0.0,5.825207512044061,1,0,0,0,0,0,0,0,0.0,0.0,110162078.0,seat_track_position,BASELINE,seat_track_position,BASELINE,5.825207512044061,False,False,8.10740354535975
142499518.0,1,5.825207512044061,5.825207512044061,5.825207512044061,0.0,5.825207512044061,1,0,0,0,0,0,0,0,0.0,0.0,142499520.0,seat_track_position,BASELINE,seat_track_position,BASELINE,5.825207512044061,False,False,8.10740354535975
324380342.0,1,5.825207512044061,5.825207512044061,5.825207512044061,0.0,5.825207512044061,1,0,0,0,0,0,0,0,0.0,0.0,324380346.0,seat_track_position,BASELINE,seat_track_position,BASELINE,5.825207512044061,False,False,8.10740354535975
325114349.0,1,5.825207512044061,5.825207512044061,5.825207512044061,0.0,5.825207512044061,1,0,0,0,0,0,0,0,0.0,0.0,325114350.0,seat_track_position,BASELINE,seat_track_position,BASELINE,5.825207512044061,False,False,8.10740354535975
325130714.0,1,5.825207512044061,5.825207512044061,5.825207512044061,0.0,5.825207512044061,1,0,0,0,0,0,0,0,0.0,0.0,325130716.0,seat_track_position,BASELINE,seat_track_position,BASELINE,5.825207512044061,False,False,8.10740354535975
328077180.0,1,5.825207512044061,5.825207512044061,5.825207512044061,0.0,5.825207512044061,1,0,0,0,0,0,0,0,0.0,0.0,328077182.0,seat_track_position,BASELINE,seat_track_position,BASELINE,5.825207512044061,False,False,8.10740354535975
341346795.0,1,5.825207512044061,5.825207512044061,5.825207512044061,0.0,5.825207512044061,1,0,0,0,0,0,0,0,0.0,0.0,341346798.0,seat_track_position,BASELINE,seat_track_position,BASELINE,5.825207512044061,False,False,8.10740354535975
344102268.0,1,5.825207512044061,5.825207512044061,5.825207512044061,0.0,5.825207512044061,1,0,0,0,0,0,0,0,0.0,0.0,344102271.0,seat_track_position,BASELINE,seat_track_position,BASELINE,5.825207512044061,False,False,8.10740354535975
347540562.0,1,5.825207512044061,5.825207512044061,5.825207512044061,0.0,5.825207512044061,1,0,0,0,0,0,0,0,0.0,0.0,347540564.0,seat_track_position,BASELINE,seat_track_position,BASELINE,5.825207512044061,False,False,8.10740354535975
347779351.0,1,5.825207512044061,5.825207512044061,5.825207512044061,0.0,5.825207512044061,1,0,0,0,0,0,0,0,0.0,0.0,347779352.0,seat_track_position,BASELINE,seat_track_position,BASELINE,5.825207512044061,False,False,8.10740354535975
349219495.0,1,5.825207512044061,5.825207512044061,5.825207512044061,0.0,5.825207512044061,1,0,0,0,0,0,0,0,0.0,0.0,349219497.0,seat_track_position,BASELINE,seat_track_position,BASELINE,5.825207512044061,False,False,8.10740354535975
349319482.0,1,5.825207512044061,5.825207512044061,5.825207512044061,0.0,5.825207512044061,1,0,0,0,0,0,0,0,0.0,0.0,349319485.0,seat_track_position,BASELINE,seat_track_position,BASELINE,5.825207512044061,False,False,8.10740354535975
359715700.0,1,5.825207512044061,5.825207512044061,5.825207512044061,0.0,5.825207512044061,1,0,0,0,0,0,0,0,0.0,0.0,359715706.0,seat_track_position,BASELINE,seat_track_position,BASELINE,5.825207512044061,False,False,8.10740354535975
433391624.0,1,5.825207512044061,5.825207512044061,5.825207512044061,0.0,5.825207512044061,1,0,0,0,0,0,0,0,0.0,0.0,433391626.0,seat_track_position,BASELINE,seat_track_position,BASELINE,5.825207512044061,False,False,8.10740354535975
554157150.0,1,5.825207512044061,5.825207512044061,5.825207512044061,0.0,5.825207512044061,1,0,0,0,0,0,0,0,0.0,0.0,554157153.0,seat_track_position,BASELINE,seat_track_position,BASELINE,5.825207512044061,False,False,8.10740354535975
556123273.0,1,5.825207512044061,5.825207512044061,5.825207512044061,0.0,5.825207512044061,1,0,0,0,0,0,0,0,0.0,0.0,556123275.0,seat_track_position,BASELINE,seat_track_position,BASELINE,5.825207512044061,False,False,8.10740354535975
556141831.0,1,5.825207512044061,5.825207512044061,5.825207512044061,0.0,5.825207512044061,1,0,0,0,0,0,0,0,0.0,0.0,556141833.0,seat_track_position,BASELINE,seat_track_position,BASELINE,5.825207512044061,False,False,8.10740354535975
556146017.0,1,5.825207512044061,5.825207512044061,5.825207512044061,0.0,5.825207512044061,1,0,0,0,0,0,0,0,0.0,0.0,556146018.0,seat_track_position,BASELINE,seat_track_position,BASELINE,5.825207512044061,False,False,8.10740354535975
556151451.0,1,5.825207512044061,5.825207512044061,5.825207512044061,0.0,5.825207512044061,1,0,0,0,0,0,0,0,0.0,0.0,556151453.0,seat_track_position,BASELINE,seat_track_position,BASELINE,5.825207512044061,False,False,8.10740354535975
556176685.0,1,5.825207512044061,5.825207512044061,5.825207512044061,0.0,5.825207512044061,1,0,0,0,0,0,0,0,0.0,0.0,556176688.0,seat_track_position,BASELINE,seat_track_position,BASELINE,5.825207512044061,False,False,8.10740354535975
561117415.0,1,5.825207512044061,5.825207512044061,5.825207512044061,0.0,5.825207512044061,1,0,0,0,0,0,0,0,0.0,0.0,561117417.0,seat_track_position,BASELINE,seat_track_position,BASELINE,5.825207512044061,False,False,8.10740354535975
651128440.0,1,5.825207512044061,5.825207512044061,5.825207512044061,0.0,5.825207512044061,1,0,0,0,0,0,0,0,0.0,0.0,651128442.0,seat_track_position,BASELINE,seat_track_position,BASELINE,5.825207512044061,False,False,8.10740354535975
651134505.0,1,5.825207512044061,5.825207512044061,5.825207512044061,0.0,5.825207512044061,1,0,0,0,0,0,0,0,0.0,0.0,651134507.0,seat_track_position,BASELINE,seat_track_position,BASELINE,5.825207512044061,False,False,8.10740354535975
852126411.0,1,5.825207512044061,5.825207512044061,5.825207512044061,0.0,5.825207512044061,1,0,0,0,0,0,0,0,0.0,0.0,852126413.0,seat_track_position,BASELINE,seat_track_position,BASELINE,5.825207512044061,False,False,8.10740354535975
852153521.0,1,5.825207512044061,5.825207512044061,5.825207512044061,0.0,5.825207512044061,1,0,0,0,0,0,0,0,0.0,0.0,852153523.0,seat_track_position,BASELINE,seat_track_position,BASELINE,5.825207512044061,False,False,8.10740354535975
897043722.0,1,5.825207512044061,5.825207512044061,5.825207512044061,0.0,5.825207512044061,1,0,0,0,0,0,0,0,0.0,0.0,897043725.0,seat_track_position,BASELINE,seat_track_position,BASELINE,5.825207512044061,False,False,8.10740354535975
897045274.0,1,5.825207512044061,5.825207512044061,5.825207512044061,0.0,5.825207512044061,1,0,0,0,0,0,0,0,0.0,0.0,897045275.0,seat_track_position,BASELINE,seat_track_position,BASELINE,5.825207512044061,False,False,8.10740354535975
904435310.0,1,5.825207512044061,5.825207512044061,5.825207512044061,0.0,5.825207512044061,1,0,0,0,0,0,0,0,0.0,0.0,904435312.0,seat_track_position,BASELINE,seat_track_position,BASELINE,5.825207512044061,False,False,8.10740354535975
142545605.0,1,5.822967722272384,5.822967722272384,5.822967722272384,0.0,5.822967722272384,1,0,0,0,0,0,0,0,0.0,0.0,142545606.0,seat_track_position,BASELINE,seat_track_position,BASELINE,5.822967722272384,False,False,6.64754953076121
328078025.0,1,5.822967722272384,5.822967722272384,5.822967722272384,0.0,5.822967722272384,1,0,0,0,0,0,0,0,0.0,0.0,328078027.0,seat_track_position,BASELINE,seat_track_position,BASELINE,5.822967722272384,False,False,6.64754953076121
328103454.0,1,5.822967722272384,5.822967722272384,5.822967722272384,0.0,5.822967722272384,1,0,0,0,0,0,0,0,0.0,0.0,328103455.0,seat_track_position,BASELINE,seat_track_position,BASELINE,5.822967722272384,False,False,6.64754953076121
328106400.0,1,5.822967722272384,5.822967722272384,5.822967722272384,0.0,5.822967722272384,1,0,0,0,0,0,0,0,0.0,0.0,328106401.0,seat_track_position,BASELINE,seat_track_position,BASELINE,5.822967722272384,False,False,6.64754953076121
339401028.0,1,5.822967722272384,5.822967722272384,5.822967722272384,0.0,5.822967722272384,1,0,0,0,0,0,0,0,0.0,0.0,339401032.0,seat_track_position,BASELINE,seat_track_position,BASELINE,5.822967722272384,False,False,6.64754953076121
347458933.0,1,5.822967722272384,5.822967722272384,5.822967722272384,0.0,5.822967722272384,1,0,0,0,0,0,0,0,0.0,0.0,347458935.0,seat_track_position,BASELINE,seat_track_position,BASELINE,5.822967722272384,False,False,6.64754953076121
347601397.0,1,5.822967722272384,5.822967722272384,5.822967722272384,0.0,5.822967722272384,1,0,0,0,0,0,0,0,0.0,0.0,347601398.0,seat_track_position,BASELINE,seat_track_position,BASELINE,5.822967722272384,False,False,6.64754953076121
347685800.0,1,5.822967722272384,5.822967722272384,5.822967722272384,0.0,5.822967722272384,1,0,0,0,0,0,0,0,0.0,0.0,347685801.0,seat_track_position,BASELINE,seat_track_position,BASELINE,5.822967722272384,False,False,6.64754953076121
347843607.0,1,5.822967722272384,5.822967722272384,5.822967722272384,0.0,5.822967722272384,1,0,0,0,0,0,0,0,0.0,0.0,347843609.0,seat_track_position,BASELINE,seat_track_position,BASELINE,5.822967722272384,False,False,6.64754953076121
359501958.0,1,5.822967722272384,5.822967722272384,5.822967722272384,0.0,5.822967722272384,1,0,0,0,0,0,0,0,0.0,0.0,359501959.0,seat_track_position,BASELINE,seat_track_position,BASELINE,5.822967722272384,False,False,6.64754953076121
359727945.0,1,5.822967722272384,5.822967722272384,5.822967722272384,0.0,5.822967722272384,1,0,0,0,0,0,0,0,0.0,0.0,359727946.0,seat_track_position,BASELINE,seat_track_position,BASELINE,5.822967722272384,False,False,6.64754953076121
360230975.0,1,5.822967722272384,5.822967722272384,5.822967722272384,0.0,5.822967722272384,1,0,0,0,0,0,0,0,0.0,0.0,360230978.0,seat_track_position,BASELINE,seat_track_position,BASELINE,5.822967722272384,False,False,6.64754953076121
360258983.0,1,5.822967722272384,5.822967722272384,5.822967722272384,0.0,5.822967722272384,1,0,0,0,0,0,0,0,0.0,0.0,360258984.0,seat_track_position,BASELINE,seat_track_position,BASELINE,5.822967722272384,False,False,6.64754953076121
433336221.0,1,5.822967722272384,5.822967722272384,5.822967722272384,0.0,5.822967722272384,1,0,0,0,0,0,0,0,0.0,0.0,433336225.0,seat_track_position,BASELINE,seat_track_position,BASELINE,5.822967722272384,False,False,6.64754953076121
433427916.0,1,5.822967722272384,5.822967722272384,5.822967722272384,0.0,5.822967722272384,1,0,0,0,0,0,0,0,0.0,0.0,433427918.0,seat_track_position,BASELINE,seat_track_position,BASELINE,5.822967722272384,False,False,6.64754953076121
554125720.0,1,5.822967722272384,5.822967722272384,5.822967722272384,0.0,5.822967722272384,1,0,0,0,0,0,0,0,0.0,0.0,554125722.0,seat_track_position,BASELINE,seat_track_position,BASELINE,5.822967722272384,False,False,6.64754953076121
554135251.0,1,5.822967722272384,5.822967722272384,5.822967722272384,0.0,5.822967722272384,1,0,0,0,0,0,0,0,0.0,0.0,554135253.0,seat_track_position,BASELINE,seat_track_position,BASELINE,5.822967722272384,False,False,6.64754953076121
554139481.0,1,5.822967722272384,5.822967722272384,5.822967722272384,0.0,5.822967722272384,1,0,0,0,0,0,0,0,0.0,0.0,554139482.0,seat_track_position,BASELINE,seat_track_position,BASELINE,5.822967722272384,False,False,6.64754953076121
554157280.0,1,5.822967722272384,5.822967722272384,5.822967722272384,0.0,5.822967722272384,1,0,0,0,0,0,0,0,0.0,0.0,554157282.0,seat_track_position,BASELINE,seat_track_position,BASELINE,5.822967722272384,False,False,6.64754953076121
556176213.0,1,5.822967722272384,5.822967722272384,5.822967722272384,0.0,5.822967722272384,1,0,0,0,0,0,0,0,0.0,0.0,556176232.0,seat_track_position,BASELINE,seat_track_position,BASELINE,5.822967722272384,False,False,6.64754953076121
591147337.0,1,5.822967722272384,5.822967722272384,5.822967722272384,0.0,5.822967722272384,1,0,0,0,0,0,0,0,0.0,0.0,591147338.0,seat_track_position,BASELINE,seat_track_position,BASELINE,5.822967722272384,False,False,6.64754953076121
701157948.0,1,5.822967722272384,5.822967722272384,5.822967722272384,0.0,5.822967722272384,1,0,0,0,0,0,0,0,0.0,0.0,701157950.0,seat_track_position,BASELINE,seat_track_position,BASELINE,5.822967722272384,False,False,6.64754953076121
734043319.0,1,5.822967722272384,5.822967722272384,5.822967722272384,0.0,5.822967722272384,1,0,0,0,0,0,0,0,0.0,0.0,734043315.0,seat_track_position,BASELINE,seat_track_position,BASELINE,5.822967722272384,False,False,6.64754953076121
791644579.0,1,5.822967722272384,5.822967722272384,5.822967722272384,0.0,5.822967722272384,1,0,0,0,0,0,0,0,0.0,0.0,791644581.0,seat_track_position,BASELINE,seat_track_position,BASELINE,5.822967722272384,False,False,6.64754953076121
852131768.0,1,5.822967722272384,5.822967722272384,5.822967722272384,0.0,5.822967722272384,1,0,0,0,0,0,0,0,0.0,0.0,852131770.0,seat_track_position,BASELINE,seat_track_position,BASELINE,5.822967722272384,False,False,6.64754953076121
852197592.0,1,5.822967722272384,5.822967722272384,5.822967722272384,0.0,5.822967722272384,1,0,0,0,0,0,0,0,0.0,0.0,852197593.0,seat_track_position,BASELINE,seat_track_position,BASELINE,5.822967722272384,False,False,6.64754953076121
877870801.0,1,5.822967722272384,5.822967722272384,5.822967722272384,0.0,5.822967722272384,1,0,0,0,0,0,0,0,0.0,0.0,877870803.0,seat_track_position,BASELINE,seat_track_position,BASELINE,5.822967722272384,False,False,6.64754953076121
878539326.0,1,5.822967722272384,5.822967722272384,5.822967722272384,0.0,5.822967722272384,1,0,0,0,0,0,0,0,0.0,0.0,878539328.0,seat_track_position,BASELINE,seat_track_position,BASELINE,5.822967722272384,False,False,6.64754953076121
142502617.0,1,5.717200322425695,5.717200322425695,5.717200322425695,0.0,5.717200322425695,1,0,0,0,0,0,0,0,0.0,0.0,142502619.0,seat_track_position,BASELINE,seat_track_position,BASELINE,5.717200322425695,False,False,4.848800834202295
325124871.0,1,5.717200322425695,5.717200322425695,5.717200322425695,0.0,5.717200322425695,1,0,0,0,0,0,0,0,0.0,0.0,325124873.0,seat_track_position,BASELINE,seat_track_position,BASELINE,5.717200322425695,False,False,4.848800834202295
325125432.0,1,5.717200322425695,5.717200322425695,5.717200322425695,0.0,5.717200322425695,1,0,0,0,0,0,0,0,0.0,0.0,325125434.0,seat_track_position,BASELINE,seat_track_position,BASELINE,5.717200322425695,False,False,4.848800834202295
325147481.0,1,5.717200322425695,5.717200322425695,5.717200322425695,0.0,5.717200322425695,1,0,0,0,0,0,0,0,0.0,0.0,325147483.0,seat_track_position,BASELINE,seat_track_position,BASELINE,5.717200322425695,False,False,4.848800834202295
328099979.0,1,5.717200322425695,5.717200322425695,5.717200322425695,0.0,5.717200322425695,1,0,0,0,0,0,0,0,0.0,0.0,328099981.0,seat_track_position,BASELINE,seat_track_position,BASELINE,5.717200322425695,False,False,4.848800834202295
344062918.0,1,5.717200322425695,5.717200322425695,5.717200322425695,0.0,5.717200322425695,1,0,0,0,0,0,0,0,0.0,0.0,344062919.0,seat_track_position,BASELINE,seat_track_position,BASELINE,5.717200322425695,False,False,4.848800834202295
344098853.0,1,5.717200322425695,5.717200322425695,5.717200322425695,0.0,5.717200322425695,1,0,0,0,0,0,0,0,0.0,0.0,344098856.0,seat_track_position,BASELINE,seat_track_position,BASELINE,5.717200322425695,False,False,4.848800834202295
344102318.0,1,5.717200322425695,5.717200322425695,5.717200322425695,0.0,5.717200322425695,1,0,0,0,0,0,0,0,0.0,0.0,344102320.0,seat_track_position,BASELINE,seat_track_position,BASELINE,5.717200322425695,False,False,4.848800834202295
344102336.0,1,5.717200322425695,5.717200322425695,5.717200322425695,0.0,5.717200322425695,1,0,0,0,0,0,0,0,0.0,0.0,344102337.0,seat_track_position,BASELINE,seat_track_position,BASELINE,5.717200322425695,False,False,4.848800834202295
347592096.0,1,5.717200322425695,5.717200322425695,5.717200322425695,0.0,5.717200322425695,1,0,0,0,0,0,0,0,0.0,0.0,878592146.0,seat_track_position,BASELINE,seat_track_position,BASELINE,5.717200322425695,False,False,4.848800834202295
349180211.0,1,5.717200322425695,5.717200322425695,5.717200322425695,0.0,5.717200322425695,1,0,0,0,0,0,0,0,0.0,0.0,349180213.0,seat_track_position,BASELINE,seat_track_position,BASELINE,5.717200322425695,False,False,4.848800834202295
349185072.0,1,5.717200322425695,5.717200322425695,5.717200322425695,0.0,5.717200322425695,1,0,0,0,0,0,0,0,0.0,0.0,349185074.0,seat_track_position,BASELINE,seat_track_position,BASELINE,5.717200322425695,False,False,4.848800834202295
349188045.0,1,5.717200322425695,5.717200322425695,5.717200322425695,0.0,5.717200322425695,1,0,0,0,0,0,0,0,0.0,0.0,349188047.0,seat_track_position,BASELINE,seat_track_position,BASELINE,5.717200322425695,False,False,4.848800834202295
349195717.0,1,5.717200322425695,5.717200322425695,5.717200322425695,0.0,5.717200322425695,1,0,0,0,0,0,0,0,0.0,0.0,349195719.0,seat_track_position,BASELINE,seat_track_position,BASELINE,5.717200322425695,False,False,4.848800834202295
359532114.0,1,5.717200322425695,5.717200322425695,5.717200322425695,0.0,5.717200322425695,1,0,0,0,0,0,0,0,0.0,0.0,359532116.0,seat_track_position,BASELINE,seat_track_position,BASELINE,5.717200322425695,False,False,4.848800834202295
359727930.0,1,5.717200322425695,5.717200322425695,5.717200322425695,0.0,5.717200322425695,1,0,0,0,0,0,0,0,0.0,0.0,359727931.0,seat_track_position,BASELINE,seat_track_position,BASELINE,5.717200322425695,False,False,4.848800834202295
359898589.0,1,5.717200322425695,5.717200322425695,5.717200322425695,0.0,5.717200322425695,1,0,0,0,0,0,0,0,0.0,0.0,359898591.0,seat_track_position,BASELINE,seat_track_position,BASELINE,5.717200322425695,False,False,4.848800834202295
360204673.0,1,5.717200322425695,5.717200322425695,5.717200322425695,0.0,5.717200322425695,1,0,0,0,0,0,0,0,0.0,0.0,360204675.0,seat_track_position,BASELINE,seat_track_position,BASELINE,5.717200322425695,False,False,4.848800834202295
360235904.0,1,5.717200322425695,5.717200322425695,5.717200322425695,0.0,5.717200322425695,1,0,0,0,0,0,0,0,0.0,0.0,360235906.0,seat_track_position,BASELINE,seat_track_position,BASELINE,5.717200322425695,False,False,4.848800834202295
360308473.0,1,5.717200322425695,5.717200322425695,5.717200322425695,0.0,5.717200322425695,1,0,0,0,0,0,0,0,0.0,0.0,360308474.0,seat_track_position,BASELINE,seat_track_position,BASELINE,5.717200322425695,False,False,4.848800834202295
360363729.0,1,5.717200322425695,5.717200322425695,5.717200322425695,0.0,5.717200322425695,1,0,0,0,0,0,0,0,0.0,0.0,360363730.0,seat_track_position,BASELINE,seat_track_position,BASELINE,5.717200322425695,False,False,4.848800834202295
369122107.0,1,5.717200322425695,5.717200322425695,5.717200322425695,0.0,5.717200322425695,1,0,0,0,0,0,0,0,0.0,0.0,369122108.0,seat_track_position,BASELINE,seat_track_position,BASELINE,5.717200322425695,False,False,4.848800834202295
433386779.0,1,5.717200322425695,5.717200322425695,5.717200322425695,0.0,5.717200322425695,1,0,0,0,0,0,0,0,0.0,0.0,433386781.0,seat_track_position,BASELINE,seat_track_position,BASELINE,5.717200322425695,False,False,4.848800834202295
433386998.0,1,5.717200322425695,5.717200322425695,5.717200322425695,0.0,5.717200322425695,1,0,0,0,0,0,0,0,0.0,0.0,433387000.0,seat_track_position,BASELINE,seat_track_position,BASELINE,5.717200322425695,False,False,4.848800834202295
433446305.0,1,5.717200322425695,5.717200322425695,5.717200322425695,0.0,5.717200322425695,1,0,0,0,0,0,0,0,0.0,0.0,433446307.0,seat_track_position,BASELINE,seat_track_position,BASELINE,5.717200322425695,False,False,4.848800834202295
433467570.0,1,5.717200322425695,5.717200322425695,5.717200322425695,0.0,5.717200322425695,1,0,0,0,0,0,0,0,0.0,0.0,433467572.0,seat_track_position,BASELINE,seat_track_position,BASELINE,5.717200322425695,False,False,4.848800834202295
433521497.0,1,5.717200322425695,5.717200322425695,5.717200322425695,0.0,5.717200322425695,1,0,0,0,0,0,0,0,0.0,0.0,433521500.0,seat_track_position,BASELINE,seat_track_position,BASELINE,5.717200322425695,False,False,4.848800834202295
554134929.0,1,5.717200322425695,5.717200322425695,5.717200322425695,0.0,5.717200322425695,1,0,0,0,0,0,0,0,0.0,0.0,554134930.0,seat_track_position,BASELINE,seat_track_position,BASELINE,5.717200322425695,False,False,4.848800834202295
561164435.0,1,5.717200322425695,5.717200322425695,5.717200322425695,0.0,5.717200322425695,1,0,0,0,0,0,0,0,0.0,0.0,561164437.0,seat_track_position,BASELINE,seat_track_position,BASELINE,5.717200322425695,False,False,4.848800834202295
599035043.0,1,5.717200322425695,5.717200322425695,5.717200322425695,0.0,5.717200322425695,1,0,0,0,0,0,0,0,0.0,0.0,599035044.0,seat_track_position,BASELINE,seat_track_position,BASELINE,5.717200322425695,False,False,4.848800834202295
650106010.0,1,5.717200322425695,5.717200322425695,5.717200322425695,0.0,5.717200322425695,1,0,0,0,0,0,0,0,0.0,0.0,651001273.0,seat_track_position,BASELINE,seat_track_position,BASELINE,5.717200322425695,False,False,4.848800834202295
650106634.0,1,5.717200322425695,5.717200322425695,5.717200322425695,0.0,5.717200322425695,1,0,0,0,0,0,0,0,0.0,0.0,650106636.0,seat_track_position,BASELINE,seat_track_position,BASELINE,5.717200322425695,False,False,4.848800834202295
650111758.0,1,5.717200322425695,5.717200322425695,5.717200322425695,0.0,5.717200322425695,1,0,0,0,0,0,0,0,0.0,0.0,650111759.0,seat_track_position,BASELINE,seat_track_position,BASELINE,5.717200322425695,False,False,4.848800834202295
651128417.0,1,5.717200322425695,5.717200322425695,5.717200322425695,0.0,5.717200322425695,1,0,0,0,0,0,0,0,0.0,0.0,651128419.0,seat_track_position,BASELINE,seat_track_position,BASELINE,5.717200322425695,False,False,4.848800834202295
651144880.0,1,5.717200322425695,5.717200322425695,5.717200322425695,0.0,5.717200322425695,1,0,0,0,0,0,0,0,0.0,0.0,651146058.0,seat_track_position,BASELINE,seat_track_position,BASELINE,5.717200322425695,False,False,4.848800834202295
734082619.0,1,5.717200322425695,5.717200322425695,5.717200322425695,0.0,5.717200322425695,1,0,0,0,0,0,0,0,0.0,0.0,734082621.0,seat_track_position,BASELINE,seat_track_position,BASELINE,5.717200322425695,False,False,4.848800834202295
792866730.0,1,5.717200322425695,5.717200322425695,5.717200322425695,0.0,5.717200322425695,1,0,0,0,0,0,0,0,0.0,0.0,792866732.0,seat_track_position,BASELINE,seat_track_position,BASELINE,5.717200322425695,False,False,4.848800834202295
852130845.0,1,5.717200322425695,5.717200322425695,5.717200322425695,0.0,5.717200322425695,1,0,0,0,0,0,0,0,0.0,0.0,852130847.0,seat_track_position,BASELINE,seat_track_position,BASELINE,5.717200322425695,False,False,4.848800834202295
852183220.0,1,5.717200322425695,5.717200322425695,5.717200322425695,0.0,5.717200322425695,1,0,0,0,0,0,0,0,0.0,0.0,852183221.0,seat_track_position,BASELINE,seat_track_position,BASELINE,5.717200322425695,False,False,4.848800834202295
852193429.0,1,5.717200322425695,5.717200322425695,5.717200322425695,0.0,5.717200322425695,1,0,0,0,0,0,0,0,0.0,0.0,852193430.0,seat_track_position,BASELINE,seat_track_position,BASELINE,5.717200322425695,False,False,4.848800834202295
852196166.0,1,5.717200322425695,5.717200322425695,5.717200322425695,0.0,5.717200322425695,1,0,0,0,0,0,0,0,0.0,0.0,852196168.0,seat_track_position,BASELINE,seat_track_position,BASELINE,5.717200322425695,False,False,4.848800834202295
142515276.0,1,5.529531927049421,5.529531927049421,5.529531927049421,0.0,5.529531927049421,1,0,0,0,0,0,0,0,0.0,0.0,142515279.0,seat_track_position,BASELINE,seat_track_position,BASELINE,5.529531927049421,False,False,2.7632950990615224
325112126.0,1,5.529531927049421,5.529531927049421,5.529531927049421,0.0,5.529531927049421,1,0,0,0,0,0,0,0,0.0,0.0,325112128.0,seat_track_position,BASELINE,seat_track_position,BASELINE,5.529531927049421,False,False,2.7632950990615224
328105319.0,1,5.529531927049421,5.529531927049421,5.529531927049421,0.0,5.529531927049421,1,0,0,0,0,0,0,0,0.0,0.0,328105323.0,seat_track_position,BASELINE,seat_track_position,BASELINE,5.529531927049421,False,False,2.7632950990615224
341165727.0,1,5.529531927049421,5.529531927049421,5.529531927049421,0.0,5.529531927049421,1,0,0,0,0,0,0,0,0.0,0.0,341165728.0,seat_track_position,BASELINE,seat_track_position,BASELINE,5.529531927049421,False,False,2.7632950990615224
341306972.0,1,5.529531927049421,5.529531927049421,5.529531927049421,0.0,5.529531927049421,1,0,0,0,0,0,0,0,0.0,0.0,341306973.0,seat_track_position,BASELINE,seat_track_position,BASELINE,5.529531927049421,False,False,2.7632950990615224
344051904.0,1,5.529531927049421,5.529531927049421,5.529531927049421,0.0,5.529531927049421,1,0,0,0,0,0,0,0,0.0,0.0,344051906.0,seat_track_position,BASELINE,seat_track_position,BASELINE,5.529531927049421,False,False,2.7632950990615224
347652154.0,1,5.529531927049421,5.529531927049421,5.529531927049421,0.0,5.529531927049421,1,0,0,0,0,0,0,0,0.0,0.0,347652157.0,seat_track_position,BASELINE,seat_track_position,BASELINE,5.529531927049421,False,False,2.7632950990615224
347671740.0,1,5.529531927049421,5.529531927049421,5.529531927049421,0.0,5.529531927049421,1,0,0,0,0,0,0,0,0.0,0.0,347671741.0,seat_track_position,BASELINE,seat_track_position,BASELINE,5.529531927049421,False,False,2.7632950990615224
347786398.0,1,5.529531927049421,5.529531927049421,5.529531927049421,0.0,5.529531927049421,1,0,0,0,0,0,0,0,0.0,0.0,347786399.0,seat_track_position,BASELINE,seat_track_position,BASELINE,5.529531927049421,False,False,2.7632950990615224
347817970.0,1,5.529531927049421,5.529531927049421,5.529531927049421,0.0,5.529531927049421,1,0,0,0,0,0,0,0,0.0,0.0,347817972.0,seat_track_position,BASELINE,seat_track_position,BASELINE,5.529531927049421,False,False,2.7632950990615224
349180136.0,1,5.529531927049421,5.529531927049421,5.529531927049421,0.0,5.529531927049421,1,0,0,0,0,0,0,0,0.0,0.0,349180138.0,seat_track_position,BASELINE,seat_track_position,BASELINE,5.529531927049421,False,False,2.7632950990615224
349195775.0,1,5.529531927049421,5.529531927049421,5.529531927049421,0.0,5.529531927049421,1,0,0,0,0,0,0,0,0.0,0.0,349195776.0,seat_track_position,BASELINE,seat_track_position,BASELINE,5.529531927049421,False,False,2.7632950990615224
349213795.0,1,5.529531927049421,5.529531927049421,5.529531927049421,0.0,5.529531927049421,1,0,0,0,0,0,0,0,0.0,0.0,349213799.0,seat_track_position,BASELINE,seat_track_position,BASELINE,5.529531927049421,False,False,2.7632950990615224
349225054.0,1,5.529531927049421,5.529531927049421,5.529531927049421,0.0,5.529531927049421,1,0,0,0,0,0,0,0,0.0,0.0,349225056.0,seat_track_position,BASELINE,seat_track_position,BASELINE,5.529531927049421,False,False,2.7632950990615224
349237694.0,1,5.529531927049421,5.529531927049421,5.529531927049421,0.0,5.529531927049421,1,0,0,0,0,0,0,0,0.0,0.0,349237695.0,seat_track_position,BASELINE,seat_track_position,BASELINE,5.529531927049421,False,False,2.7632950990615224
359481741.0,1,5.529531927049421,5.529531927049421,5.529531927049421,0.0,5.529531927049421,1,0,0,0,0,0,0,0,0.0,0.0,359481743.0,seat_track_position,BASELINE,seat_track_position,BASELINE,5.529531927049421,False,False,2.7632950990615224
359544157.0,1,5.529531927049421,5.529531927049421,5.529531927049421,0.0,5.529531927049421,1,0,0,0,0,0,0,0,0.0,0.0,359544161.0,seat_track_position,BASELINE,seat_track_position,BASELINE,5.529531927049421,False,False,2.7632950990615224
433354181.0,1,5.529531927049421,5.529531927049421,5.529531927049421,0.0,5.529531927049421,1,0,0,0,0,0,0,0,0.0,0.0,433354182.0,seat_track_position,BASELINE,seat_track_position,BASELINE,5.529531927049421,False,False,2.7632950990615224
433362697.0,1,5.529531927049421,5.529531927049421,5.529531927049421,0.0,5.529531927049421,1,0,0,0,0,0,0,0,0.0,0.0,433362699.0,seat_track_position,BASELINE,seat_track_position,BASELINE,5.529531927049421,False,False,2.7632950990615224
433395814.0,1,5.529531927049421,5.529531927049421,5.529531927049421,0.0,5.529531927049421,1,0,0,0,0,0,0,0,0.0,0.0,433395816.0,seat_track_position,BASELINE,seat_track_position,BASELINE,5.529531927049421,False,False,2.7632950990615224
433396263.0,1,5.529531927049421,5.529531927049421,5.529531927049421,0.0,5.529531927049421,1,0,0,0,0,0,0,0,0.0,0.0,433396265.0,seat_track_position,BASELINE,seat_track_position,BASELINE,5.529531927049421,False,False,2.7632950990615224
556138978.0,1,5.529531927049421,5.529531927049421,5.529531927049421,0.0,5.529531927049421,1,0,0,0,0,0,0,0,0.0,0.0,556138979.0,seat_track_position,BASELINE,seat_track_position,BASELINE,5.529531927049421,False,False,2.7632950990615224
556174511.0,1,5.529531927049421,5.529531927049421,5.529531927049421,0.0,5.529531927049421,1,0,0,0,0,0,0,0,0.0,0.0,556174513.0,seat_track_position,BASELINE,seat_track_position,BASELINE,5.529531927049421,False,False,2.7632950990615224
599011988.0,1,5.529531927049421,5.529531927049421,5.529531927049421,0.0,5.529531927049421,1,0,0,0,0,0,0,0,0.0,0.0,599011989.0,seat_track_position,BASELINE,seat_track_position,BASELINE,5.529531927049421,False,False,2.7632950990615224
599014122.0,1,5.529531927049421,5.529531927049421,5.529531927049421,0.0,5.529531927049421,1,0,0,0,0,0,0,0,0.0,0.0,599014124.0,seat_track_position,BASELINE,seat_track_position,BASELINE,5.529531927049421,False,False,2.7632950990615224
599027162.0,1,5.529531927049421,5.529531927049421,5.529531927049421,0.0,5.529531927049421,1,0,0,0,0,0,0,0,0.0,0.0,599027165.0,seat_track_position,BASELINE,seat_track_position,BASELINE,5.529531927049421,False,False,2.7632950990615224
650104615.0,1,5.529531927049421,5.529531927049421,5.529531927049421,0.0,5.529531927049421,1,0,0,0,0,0,0,0,0.0,0.0,650105426.0,seat_track_position,BASELINE,seat_track_position,BASELINE,5.529531927049421,False,False,2.7632950990615224
795881392.0,1,5.529531927049421,5.529531927049421,5.529531927049421,0.0,5.529531927049421,1,0,0,0,0,0,0,0,0.0,0.0,795881395.0,seat_track_position,BASELINE,seat_track_position,BASELINE,5.529531927049421,False,False,2.7632950990615224
796467575.0,1,5.529531927049421,5.529531927049421,5.529531927049421,0.0,5.529531927049421,1,0,0,0,0,0,0,0,0.0,0.0,796467577.0,seat_track_position,BASELINE,seat_track_position,BASELINE,5.529531927049421,False,False,2.7632950990615224
852125397.0,1,5.529531927049421,5.529531927049421,5.529531927049421,0.0,5.529531927049421,1,0,0,0,0,0,0,0,0.0,0.0,852125400.0,seat_track_position,BASELINE,seat_track_position,BASELINE,5.529531927049421,False,False,2.7632950990615224
852133418.0,1,5.529531927049421,5.529531927049421,5.529531927049421,0.0,5.529531927049421,1,0,0,0,0,0,0,0,0.0,0.0,852133420.0,seat_track_position,BASELINE,seat_track_position,BASELINE,5.529531927049421,False,False,2.7632950990615224
852185121.0,1,5.529531927049421,5.529531927049421,5.529531927049421,0.0,5.529531927049421,1,0,0,0,0,0,0,0,0.0,0.0,852185123.0,seat_track_position,BASELINE,seat_track_position,BASELINE,5.529531927049421,False,False,2.7632950990615224
852197391.0,1,5.529531927049421,5.529531927049421,5.529531927049421,0.0,5.529531927049421,1,0,0,0,0,0,0,0,0.0,0.0,852197392.0,seat_track_position,BASELINE,seat_track_position,BASELINE,5.529531927049421,False,False,2.7632950990615224
852199987.0,1,5.529531927049421,5.529531927049421,5.529531927049421,0.0,5.529531927049421,1,0,0,0,0,0,0,0,0.0,0.0,852199989.0,seat_track_position,BASELINE,seat_track_position,BASELINE,5.529531927049421,False,False,2.7632950990615224
897000801.0,1,5.529531927049421,5.529531927049421,5.529531927049421,0.0,5.529531927049421,1,0,0,0,0,0,0,0,0.0,0.0,134004877.0,seat_track_position,BASELINE,seat_track_position,BASELINE,5.529531927049421,False,False,2.7632950990615224
897006775.0,1,5.529531927049421,5.529531927049421,5.529531927049421,0.0,5.529531927049421,1,0,0,0,0,0,0,0,0.0,0.0,897006776.0,seat_track_position,BASELINE,seat_track_position,BASELINE,5.529531927049421,False,False,2.7632950990615224
897010893.0,1,5.529531927049421,5.529531927049421,5.529531927049421,0.0,5.529531927049421,1,0,0,0,0,0,0,0,0.0,0.0,897010894.0,seat_track_position,BASELINE,seat_track_position,BASELINE,5.529531927049421,False,False,2.7632950990615224
897026149.0,1,5.529531927049421,5.529531927049421,5.529531927049421,0.0,5.529531927049421,1,0,0,0,0,0,0,0,0.0,0.0,897007009.0,seat_track_position,BASELINE,seat_track_position,BASELINE,5.529531927049421,False,False,2.7632950990615224
897028804.0,1,5.529531927049421,5.529531927049421,5.529531927049421,0.0,5.529531927049421,1,0,0,0,0,0,0,0,0.0,0.0,897007750.0,seat_track_position,BASELINE,seat_track_position,BASELINE,5.529531927049421,False,False,2.7632950990615224
134005299.0,1,5.421524737431055,5.421524737431055,5.421524737431055,0.0,5.421524737431055,1,0,0,0,0,0,0,0,0.0,0.0,134007672.0,seat_track_position,BASELINE,seat_track_position,BASELINE,5.421524737431055,False,False,0.8863399374348279
142534043.0,1,5.421524737431055,5.421524737431055,5.421524737431055,0.0,5.421524737431055,1,0,0,0,0,0,0,0,0.0,0.0,142534044.0,seat_track_position,BASELINE,seat_track_position,BASELINE,5.421524737431055,False,False,0.8863399374348279
142628653.0,1,5.421524737431055,5.421524737431055,5.421524737431055,0.0,5.421524737431055,1,0,0,0,0,0,0,0,0.0,0.0,142628655.0,seat_track_position,BASELINE,seat_track_position,BASELINE,5.421524737431055,False,False,0.8863399374348279
142748618.0,1,5.421524737431055,5.421524737431055,5.421524737431055,0.0,5.421524737431055,1,0,0,0,0,0,0,0,0.0,0.0,142748620.0,seat_track_position,BASELINE,seat_track_position,BASELINE,5.421524737431055,False,False,0.8863399374348279
317080593.0,1,5.421524737431055,5.421524737431055,5.421524737431055,0.0,5.421524737431055,1,0,0,0,0,0,0,0,0.0,0.0,317080628.0,seat_track_position,BASELINE,seat_track_position,BASELINE,5.421524737431055,False,False,0.8863399374348279
325120067.0,1,5.421524737431055,5.421524737431055,5.421524737431055,0.0,5.421524737431055,1,0,0,0,0,0,0,0,0.0,0.0,325120069.0,seat_track_position,BASELINE,seat_track_position,BASELINE,5.421524737431055,False,False,0.8863399374348279
344102290.0,1,5.421524737431055,5.421524737431055,5.421524737431055,0.0,5.421524737431055,1,0,0,0,0,0,0,0,0.0,0.0,344102291.0,seat_track_position,BASELINE,seat_track_position,BASELINE,5.421524737431055,False,False,0.8863399374348279
347088179.0,1,5.421524737431055,5.421524737431055,5.421524737431055,0.0,5.421524737431055,1,0,0,0,0,0,0,0,0.0,0.0,347088208.0,seat_track_position,BASELINE,seat_track_position,BASELINE,5.421524737431055,False,False,0.8863399374348279
347650231.0,1,5.421524737431055,5.421524737431055,5.421524737431055,0.0,5.421524737431055,1,0,0,0,0,0,0,0,0.0,0.0,347650232.0,seat_track_position,BASELINE,seat_track_position,BASELINE,5.421524737431055,False,False,0.8863399374348279
347854047.0,1,5.421524737431055,5.421524737431055,5.421524737431055,0.0,5.421524737431055,1,0,0,0,0,0,0,0,0.0,0.0,347854049.0,seat_track_position,BASELINE,seat_track_position,BASELINE,5.421524737431055,False,False,0.8863399374348279
347878986.0,1,5.421524737431055,5.421524737431055,5.421524737431055,0.0,5.421524737431055,1,0,0,0,0,0,0,0,0.0,0.0,347878988.0,seat_track_position,BASELINE,seat_track_position,BASELINE,5.421524737431055,False,False,0.8863399374348279
349228069.0,1,5.421524737431055,5.421524737431055,5.421524737431055,0.0,5.421524737431055,1,0,0,0,0,0,0,0,0.0,0.0,349228072.0,seat_track_position,BASELINE,seat_track_position,BASELINE,5.421524737431055,False,False,0.8863399374348279
359501961.0,1,5.421524737431055,5.421524737431055,5.421524737431055,0.0,5.421524737431055,1,0,0,0,0,0,0,0,0.0,0.0,359501962.0,seat_track_position,BASELINE,seat_track_position,BASELINE,5.421524737431055,False,False,0.8863399374348279
359665416.0,1,5.421524737431055,5.421524737431055,5.421524737431055,0.0,5.421524737431055,1,0,0,0,0,0,0,0,0.0,0.0,359665419.0,seat_track_position,BASELINE,seat_track_position,BASELINE,5.421524737431055,False,False,0.8863399374348279
360220932.0,1,5.421524737431055,5.421524737431055,5.421524737431055,0.0,5.421524737431055,1,0,0,0,0,0,0,0,0.0,0.0,360220934.0,seat_track_position,BASELINE,seat_track_position,BASELINE,5.421524737431055,False,False,0.8863399374348279
433556060.0,1,5.421524737431055,5.421524737431055,5.421524737431055,0.0,5.421524737431055,1,0,0,0,0,0,0,0,0.0,0.0,433556062.0,seat_track_position,BASELINE,seat_track_position,BASELINE,5.421524737431055,False,False,0.8863399374348279
554132389.0,1,5.421524737431055,5.421524737431055,5.421524737431055,0.0,5.421524737431055,1,0,0,0,0,0,0,0,0.0,0.0,554132391.0,seat_track_position,BASELINE,seat_track_position,BASELINE,5.421524737431055,False,False,0.8863399374348279
554137011.0,1,5.421524737431055,5.421524737431055,5.421524737431055,0.0,5.421524737431055,1,0,0,0,0,0,0,0,0.0,0.0,554137014.0,seat_track_position,BASELINE,seat_track_position,BASELINE,5.421524737431055,False,False,0.8863399374348279
554138028.0,1,5.421524737431055,5.421524737431055,5.421524737431055,0.0,5.421524737431055,1,0,0,0,0,0,0,0,0.0,0.0,554138030.0,seat_track_position,BASELINE,seat_track_position,BASELINE,5.421524737431055,False,False,0.8863399374348279
554141348.0,1,5.421524737431055,5.421524737431055,5.421524737431055,0.0,5.421524737431055,1,0,0,0,0,0,0,0,0.0,0.0,554141350.0,seat_track_position,BASELINE,seat_track_position,BASELINE,5.421524737431055,False,False,0.8863399374348279
554144609.0,1,5.421524737431055,5.421524737431055,5.421524737431055,0.0,5.421524737431055,1,0,0,0,0,0,0,0,0.0,0.0,554144611.0,seat_track_position,BASELINE,seat_track_position,BASELINE,5.421524737431055,False,False,0.8863399374348279
556140433.0,1,5.421524737431055,5.421524737431055,5.421524737431055,0.0,5.421524737431055,1,0,0,0,0,0,0,0,0.0,0.0,556140435.0,seat_track_position,BASELINE,seat_track_position,BASELINE,5.421524737431055,False,False,0.8863399374348279
627081560.0,1,5.421524737431055,5.421524737431055,5.421524737431055,0.0,5.421524737431055,1,0,0,0,0,0,0,0,0.0,0.0,627081562.0,seat_track_position,BASELINE,seat_track_position,BASELINE,5.421524737431055,False,False,0.8863399374348279
627084295.0,1,5.421524737431055,5.421524737431055,5.421524737431055,0.0,5.421524737431055,1,0,0,0,0,0,0,0,0.0,0.0,627084297.0,seat_track_position,BASELINE,seat_track_position,BASELINE,5.421524737431055,False,False,0.8863399374348279
650104594.0,1,5.421524737431055,5.421524737431055,5.421524737431055,0.0,5.421524737431055,1,0,0,0,0,0,0,0,0.0,0.0,650104807.0,seat_track_position,BASELINE,seat_track_position,BASELINE,5.421524737431055,False,False,0.8863399374348279
650111771.0,1,5.421524737431055,5.421524737431055,5.421524737431055,0.0,5.421524737431055,1,0,0,0,0,0,0,0,0.0,0.0,650111773.0,seat_track_position,BASELINE,seat_track_position,BASELINE,5.421524737431055,False,False,0.8863399374348279
651119295.0,1,5.421524737431055,5.421524737431055,5.421524737431055,0.0,5.421524737431055,1,0,0,0,0,0,0,0,0.0,0.0,651119297.0,seat_track_position,BASELINE,seat_track_position,BASELINE,5.421524737431055,False,False,0.8863399374348279
795821361.0,1,5.421524737431055,5.421524737431055,5.421524737431055,0.0,5.421524737431055,1,0,0,0,0,0,0,0,0.0,0.0,795821370.0,seat_track_position,BASELINE,seat_track_position,BASELINE,5.421524737431055,False,False,0.8863399374348279
795838057.0,1,5.421524737431055,5.421524737431055,5.421524737431055,0.0,5.421524737431055,1,0,0,0,0,0,0,0,0.0,0.0,795838063.0,seat_track_position,BASELINE,seat_track_position,BASELINE,5.421524737431055,False,False,0.8863399374348279
852135219.0,1,5.421524737431055,5.421524737431055,5.421524737431055,0.0,5.421524737431055,1,0,0,0,0,0,0,0,0.0,0.0,852135220.0,seat_track_position,BASELINE,seat_track_position,BASELINE,5.421524737431055,False,False,0.8863399374348279
897000786.0,1,5.421524737431055,5.421524737431055,5.421524737431055,0.0,5.421524737431055,1,0,0,0,0,0,0,0,0.0,0.0,3982.0,seat_track_position,BASELINE,seat_track_position,BASELINE,5.421524737431055,False,False,0.8863399374348279
897006720.0,1,5.421524737431055,5.421524737431055,5.421524737431055,0.0,5.421524737431055,1,0,0,0,0,0,0,0,0.0,0.0,897006722.0,seat_track_position,BASELINE,seat_track_position,BASELINE,5.421524737431055,False,False,0.8863399374348279
897018830.0,1,5.421524737431055,5.421524737431055,5.421524737431055,0.0,5.421524737431055,1,0,0,0,0,0,0,0,0.0,0.0,897018831.0,seat_track_position,BASELINE,seat_track_position,BASELINE,5.421524737431055,False,False,0.8863399374348279
